$date
	Mon Feb 16 11:29:27 2026
$end
$version
	ModelSim Version 2020.1
$end
$timescale
	1ps
$end

$scope module PWM12_tb $end
$var reg 1 ! clk $end
$var reg 1 " rst_n $end
$var reg 12 # duty [11:0] $end
$var reg 1 $ PWM1 $end
$var reg 1 % PWM2 $end

$scope module iDUT $end
$var parameter 12 & NONOVERLAP $end
$var wire 1 ' clk $end
$var wire 1 ( rst_n $end
$var wire 1 ) duty [11] $end
$var wire 1 * duty [10] $end
$var wire 1 + duty [9] $end
$var wire 1 , duty [8] $end
$var wire 1 - duty [7] $end
$var wire 1 . duty [6] $end
$var wire 1 / duty [5] $end
$var wire 1 0 duty [4] $end
$var wire 1 1 duty [3] $end
$var wire 1 2 duty [2] $end
$var wire 1 3 duty [1] $end
$var wire 1 4 duty [0] $end
$var reg 1 5 PWM1 $end
$var reg 1 6 PWM2 $end
$var reg 12 7 cnt [11:0] $end
$var reg 1 8 s1 $end
$var reg 1 9 r1 $end
$var reg 1 : s2 $end
$var reg 1 ; r2 $end
$var reg 13 < duty_plus_no [12:0] $end
$upscope $end
$upscope $end
$enddefinitions $end
#0
$dumpvars
0!
0"
b0 #
0$
0%
05
06
b0 7
08
09
0:
1;
b101100 <
b101100 &
0'
0(
04
03
02
01
00
0/
0.
0-
0,
0+
0*
0)
$end
#10000
1!
1'
#20000
0!
0'
#30000
1!
1'
#40000
0!
0'
#50000
1!
1'
#60000
0!
0'
#70000
1!
1'
#80000
0!
0'
#90000
1!
1'
1"
b10000000 #
1(
1-
b10101100 <
0;
#100000
0!
0'
#110000
1!
1'
b1 7
#120000
0!
0'
#130000
1!
1'
b10 7
#140000
0!
0'
#150000
1!
1'
b11 7
#160000
0!
0'
#170000
1!
1'
b100 7
#180000
0!
0'
#190000
1!
1'
b101 7
#200000
0!
0'
#210000
1!
1'
b110 7
#220000
0!
0'
#230000
1!
1'
b111 7
#240000
0!
0'
#250000
1!
1'
b1000 7
#260000
0!
0'
#270000
1!
1'
b1001 7
#280000
0!
0'
#290000
1!
1'
b1010 7
#300000
0!
0'
#310000
1!
1'
b1011 7
#320000
0!
0'
#330000
1!
1'
b1100 7
#340000
0!
0'
#350000
1!
1'
b1101 7
#360000
0!
0'
#370000
1!
1'
b1110 7
#380000
0!
0'
#390000
1!
1'
b1111 7
#400000
0!
0'
#410000
1!
1'
b10000 7
#420000
0!
0'
#430000
1!
1'
b10001 7
#440000
0!
0'
#450000
1!
1'
b10010 7
#460000
0!
0'
#470000
1!
1'
b10011 7
#480000
0!
0'
#490000
1!
1'
b10100 7
#500000
0!
0'
#510000
1!
1'
b10101 7
#520000
0!
0'
#530000
1!
1'
b10110 7
#540000
0!
0'
#550000
1!
1'
b10111 7
#560000
0!
0'
#570000
1!
1'
b11000 7
#580000
0!
0'
#590000
1!
1'
b11001 7
#600000
0!
0'
#610000
1!
1'
b11010 7
#620000
0!
0'
#630000
1!
1'
b11011 7
#640000
0!
0'
#650000
1!
1'
b11100 7
#660000
0!
0'
#670000
1!
1'
b11101 7
#680000
0!
0'
#690000
1!
1'
b11110 7
#700000
0!
0'
#710000
1!
1'
b11111 7
#720000
0!
0'
#730000
1!
1'
b100000 7
#740000
0!
0'
#750000
1!
1'
b100001 7
#760000
0!
0'
#770000
1!
1'
b100010 7
#780000
0!
0'
#790000
1!
1'
b100011 7
#800000
0!
0'
#810000
1!
1'
b100100 7
#820000
0!
0'
#830000
1!
1'
b100101 7
#840000
0!
0'
#850000
1!
1'
b100110 7
#860000
0!
0'
#870000
1!
1'
b100111 7
#880000
0!
0'
#890000
1!
1'
b101000 7
#900000
0!
0'
#910000
1!
1'
b101001 7
#920000
0!
0'
#930000
1!
1'
b101010 7
#940000
0!
0'
#950000
1!
1'
b101011 7
#960000
0!
0'
#970000
1!
1'
b101100 7
1:
#980000
0!
0'
#990000
1!
1'
15
b101101 7
1$
#1000000
0!
0'
#1010000
1!
1'
b101110 7
#1020000
0!
0'
#1030000
1!
1'
b101111 7
#1040000
0!
0'
#1050000
1!
1'
b110000 7
#1060000
0!
0'
#1070000
1!
1'
b110001 7
#1080000
0!
0'
#1090000
1!
1'
b110010 7
#1100000
0!
0'
#1110000
1!
1'
b110011 7
#1120000
0!
0'
#1130000
1!
1'
b110100 7
#1140000
0!
0'
#1150000
1!
1'
b110101 7
#1160000
0!
0'
#1170000
1!
1'
b110110 7
#1180000
0!
0'
#1190000
1!
1'
b110111 7
#1200000
0!
0'
#1210000
1!
1'
b111000 7
#1220000
0!
0'
#1230000
1!
1'
b111001 7
#1240000
0!
0'
#1250000
1!
1'
b111010 7
#1260000
0!
0'
#1270000
1!
1'
b111011 7
#1280000
0!
0'
#1290000
1!
1'
b111100 7
#1300000
0!
0'
#1310000
1!
1'
b111101 7
#1320000
0!
0'
#1330000
1!
1'
b111110 7
#1340000
0!
0'
#1350000
1!
1'
b111111 7
#1360000
0!
0'
#1370000
1!
1'
b1000000 7
#1380000
0!
0'
#1390000
1!
1'
b1000001 7
#1400000
0!
0'
#1410000
1!
1'
b1000010 7
#1420000
0!
0'
#1430000
1!
1'
b1000011 7
#1440000
0!
0'
#1450000
1!
1'
b1000100 7
#1460000
0!
0'
#1470000
1!
1'
b1000101 7
#1480000
0!
0'
#1490000
1!
1'
b1000110 7
#1500000
0!
0'
#1510000
1!
1'
b1000111 7
#1520000
0!
0'
#1530000
1!
1'
b1001000 7
#1540000
0!
0'
#1550000
1!
1'
b1001001 7
#1560000
0!
0'
#1570000
1!
1'
b1001010 7
#1580000
0!
0'
#1590000
1!
1'
b1001011 7
#1600000
0!
0'
#1610000
1!
1'
b1001100 7
#1620000
0!
0'
#1630000
1!
1'
b1001101 7
#1640000
0!
0'
#1650000
1!
1'
b1001110 7
#1660000
0!
0'
#1670000
1!
1'
b1001111 7
#1680000
0!
0'
#1690000
1!
1'
b1010000 7
#1700000
0!
0'
#1710000
1!
1'
b1010001 7
#1720000
0!
0'
#1730000
1!
1'
b1010010 7
#1740000
0!
0'
#1750000
1!
1'
b1010011 7
#1760000
0!
0'
#1770000
1!
1'
b1010100 7
#1780000
0!
0'
#1790000
1!
1'
b1010101 7
#1800000
0!
0'
#1810000
1!
1'
b1010110 7
#1820000
0!
0'
#1830000
1!
1'
b1010111 7
#1840000
0!
0'
#1850000
1!
1'
b1011000 7
#1860000
0!
0'
#1870000
1!
1'
b1011001 7
#1880000
0!
0'
#1890000
1!
1'
b1011010 7
#1900000
0!
0'
#1910000
1!
1'
b1011011 7
#1920000
0!
0'
#1930000
1!
1'
b1011100 7
#1940000
0!
0'
#1950000
1!
1'
b1011101 7
#1960000
0!
0'
#1970000
1!
1'
b1011110 7
#1980000
0!
0'
#1990000
1!
1'
b1011111 7
#2000000
0!
0'
#2010000
1!
1'
b1100000 7
#2020000
0!
0'
#2030000
1!
1'
b1100001 7
#2040000
0!
0'
#2050000
1!
1'
b1100010 7
#2060000
0!
0'
#2070000
1!
1'
b1100011 7
#2080000
0!
0'
#2090000
1!
1'
b1100100 7
#2100000
0!
0'
#2110000
1!
1'
b1100101 7
#2120000
0!
0'
#2130000
1!
1'
b1100110 7
#2140000
0!
0'
#2150000
1!
1'
b1100111 7
#2160000
0!
0'
#2170000
1!
1'
b1101000 7
#2180000
0!
0'
#2190000
1!
1'
b1101001 7
#2200000
0!
0'
#2210000
1!
1'
b1101010 7
#2220000
0!
0'
#2230000
1!
1'
b1101011 7
#2240000
0!
0'
#2250000
1!
1'
b1101100 7
#2260000
0!
0'
#2270000
1!
1'
b1101101 7
#2280000
0!
0'
#2290000
1!
1'
b1101110 7
#2300000
0!
0'
#2310000
1!
1'
b1101111 7
#2320000
0!
0'
#2330000
1!
1'
b1110000 7
#2340000
0!
0'
#2350000
1!
1'
b1110001 7
#2360000
0!
0'
#2370000
1!
1'
b1110010 7
#2380000
0!
0'
#2390000
1!
1'
b1110011 7
#2400000
0!
0'
#2410000
1!
1'
b1110100 7
#2420000
0!
0'
#2430000
1!
1'
b1110101 7
#2440000
0!
0'
#2450000
1!
1'
b1110110 7
#2460000
0!
0'
#2470000
1!
1'
b1110111 7
#2480000
0!
0'
#2490000
1!
1'
b1111000 7
#2500000
0!
0'
#2510000
1!
1'
b1111001 7
#2520000
0!
0'
#2530000
1!
1'
b1111010 7
#2540000
0!
0'
#2550000
1!
1'
b1111011 7
#2560000
0!
0'
#2570000
1!
1'
b1111100 7
#2580000
0!
0'
#2590000
1!
1'
b1111101 7
#2600000
0!
0'
#2610000
1!
1'
b1111110 7
#2620000
0!
0'
#2630000
1!
1'
b1111111 7
#2640000
0!
0'
#2650000
1!
1'
b10000000 7
1;
#2660000
0!
0'
#2670000
1!
1'
05
b10000001 7
0$
#2680000
0!
0'
#2690000
1!
1'
b10000010 7
#2700000
0!
0'
#2710000
1!
1'
b10000011 7
#2720000
0!
0'
#2730000
1!
1'
b10000100 7
#2740000
0!
0'
#2750000
1!
1'
b10000101 7
#2760000
0!
0'
#2770000
1!
1'
b10000110 7
#2780000
0!
0'
#2790000
1!
1'
b10000111 7
#2800000
0!
0'
#2810000
1!
1'
b10001000 7
#2820000
0!
0'
#2830000
1!
1'
b10001001 7
#2840000
0!
0'
#2850000
1!
1'
b10001010 7
#2860000
0!
0'
#2870000
1!
1'
b10001011 7
#2880000
0!
0'
#2890000
1!
1'
b10001100 7
#2900000
0!
0'
#2910000
1!
1'
b10001101 7
#2920000
0!
0'
#2930000
1!
1'
b10001110 7
#2940000
0!
0'
#2950000
1!
1'
b10001111 7
#2960000
0!
0'
#2970000
1!
1'
b10010000 7
#2980000
0!
0'
#2990000
1!
1'
b10010001 7
#3000000
0!
0'
#3010000
1!
1'
b10010010 7
#3020000
0!
0'
#3030000
1!
1'
b10010011 7
#3040000
0!
0'
#3050000
1!
1'
b10010100 7
#3060000
0!
0'
#3070000
1!
1'
b10010101 7
#3080000
0!
0'
#3090000
1!
1'
b10010110 7
#3100000
0!
0'
#3110000
1!
1'
b10010111 7
#3120000
0!
0'
#3130000
1!
1'
b10011000 7
#3140000
0!
0'
#3150000
1!
1'
b10011001 7
#3160000
0!
0'
#3170000
1!
1'
b10011010 7
#3180000
0!
0'
#3190000
1!
1'
b10011011 7
#3200000
0!
0'
#3210000
1!
1'
b10011100 7
#3220000
0!
0'
#3230000
1!
1'
b10011101 7
#3240000
0!
0'
#3250000
1!
1'
b10011110 7
#3260000
0!
0'
#3270000
1!
1'
b10011111 7
#3280000
0!
0'
#3290000
1!
1'
b10100000 7
#3300000
0!
0'
#3310000
1!
1'
b10100001 7
#3320000
0!
0'
#3330000
1!
1'
b10100010 7
#3340000
0!
0'
#3350000
1!
1'
b10100011 7
#3360000
0!
0'
#3370000
1!
1'
b10100100 7
#3380000
0!
0'
#3390000
1!
1'
b10100101 7
#3400000
0!
0'
#3410000
1!
1'
b10100110 7
#3420000
0!
0'
#3430000
1!
1'
b10100111 7
#3440000
0!
0'
#3450000
1!
1'
b10101000 7
#3460000
0!
0'
#3470000
1!
1'
b10101001 7
#3480000
0!
0'
#3490000
1!
1'
b10101010 7
#3500000
0!
0'
#3510000
1!
1'
b10101011 7
#3520000
0!
0'
#3530000
1!
1'
b10101100 7
18
#3540000
0!
0'
#3550000
1!
1'
16
b10101101 7
1%
#3560000
0!
0'
#3570000
1!
1'
b10101110 7
#3580000
0!
0'
#3590000
1!
1'
b10101111 7
#3600000
0!
0'
#3610000
1!
1'
b10110000 7
#3620000
0!
0'
#3630000
1!
1'
b10110001 7
#3640000
0!
0'
#3650000
1!
1'
b10110010 7
#3660000
0!
0'
#3670000
1!
1'
b10110011 7
#3680000
0!
0'
#3690000
1!
1'
b10110100 7
#3700000
0!
0'
#3710000
1!
1'
b10110101 7
#3720000
0!
0'
#3730000
1!
1'
b10110110 7
#3740000
0!
0'
#3750000
1!
1'
b10110111 7
#3760000
0!
0'
#3770000
1!
1'
b10111000 7
#3780000
0!
0'
#3790000
1!
1'
b10111001 7
#3800000
0!
0'
#3810000
1!
1'
b10111010 7
#3820000
0!
0'
#3830000
1!
1'
b10111011 7
#3840000
0!
0'
#3850000
1!
1'
b10111100 7
#3860000
0!
0'
#3870000
1!
1'
b10111101 7
#3880000
0!
0'
#3890000
1!
1'
b10111110 7
#3900000
0!
0'
#3910000
1!
1'
b10111111 7
#3920000
0!
0'
#3930000
1!
1'
b11000000 7
#3940000
0!
0'
#3950000
1!
1'
b11000001 7
#3960000
0!
0'
#3970000
1!
1'
b11000010 7
#3980000
0!
0'
#3990000
1!
1'
b11000011 7
#4000000
0!
0'
#4010000
1!
1'
b11000100 7
#4020000
0!
0'
#4030000
1!
1'
b11000101 7
#4040000
0!
0'
#4050000
1!
1'
b11000110 7
#4060000
0!
0'
#4070000
1!
1'
b11000111 7
#4080000
0!
0'
#4090000
1!
1'
b11001000 7
#4100000
0!
0'
#4110000
1!
1'
b11001001 7
#4120000
0!
0'
#4130000
1!
1'
b11001010 7
#4140000
0!
0'
#4150000
1!
1'
b11001011 7
#4160000
0!
0'
#4170000
1!
1'
b11001100 7
#4180000
0!
0'
#4190000
1!
1'
b11001101 7
#4200000
0!
0'
#4210000
1!
1'
b11001110 7
#4220000
0!
0'
#4230000
1!
1'
b11001111 7
#4240000
0!
0'
#4250000
1!
1'
b11010000 7
#4260000
0!
0'
#4270000
1!
1'
b11010001 7
#4280000
0!
0'
#4290000
1!
1'
b11010010 7
#4300000
0!
0'
#4310000
1!
1'
b11010011 7
#4320000
0!
0'
#4330000
1!
1'
b11010100 7
#4340000
0!
0'
#4350000
1!
1'
b11010101 7
#4360000
0!
0'
#4370000
1!
1'
b11010110 7
#4380000
0!
0'
#4390000
1!
1'
b11010111 7
#4400000
0!
0'
#4410000
1!
1'
b11011000 7
#4420000
0!
0'
#4430000
1!
1'
b11011001 7
#4440000
0!
0'
#4450000
1!
1'
b11011010 7
#4460000
0!
0'
#4470000
1!
1'
b11011011 7
#4480000
0!
0'
#4490000
1!
1'
b11011100 7
#4500000
0!
0'
#4510000
1!
1'
b11011101 7
#4520000
0!
0'
#4530000
1!
1'
b11011110 7
#4540000
0!
0'
#4550000
1!
1'
b11011111 7
#4560000
0!
0'
#4570000
1!
1'
b11100000 7
#4580000
0!
0'
#4590000
1!
1'
b11100001 7
#4600000
0!
0'
#4610000
1!
1'
b11100010 7
#4620000
0!
0'
#4630000
1!
1'
b11100011 7
#4640000
0!
0'
#4650000
1!
1'
b11100100 7
#4660000
0!
0'
#4670000
1!
1'
b11100101 7
#4680000
0!
0'
#4690000
1!
1'
b11100110 7
#4700000
0!
0'
#4710000
1!
1'
b11100111 7
#4720000
0!
0'
#4730000
1!
1'
b11101000 7
#4740000
0!
0'
#4750000
1!
1'
b11101001 7
#4760000
0!
0'
#4770000
1!
1'
b11101010 7
#4780000
0!
0'
#4790000
1!
1'
b11101011 7
#4800000
0!
0'
#4810000
1!
1'
b11101100 7
#4820000
0!
0'
#4830000
1!
1'
b11101101 7
#4840000
0!
0'
#4850000
1!
1'
b11101110 7
#4860000
0!
0'
#4870000
1!
1'
b11101111 7
#4880000
0!
0'
#4890000
1!
1'
b11110000 7
#4900000
0!
0'
#4910000
1!
1'
b11110001 7
#4920000
0!
0'
#4930000
1!
1'
b11110010 7
#4940000
0!
0'
#4950000
1!
1'
b11110011 7
#4960000
0!
0'
#4970000
1!
1'
b11110100 7
#4980000
0!
0'
#4990000
1!
1'
b11110101 7
#5000000
0!
0'
#5010000
1!
1'
b11110110 7
#5020000
0!
0'
#5030000
1!
1'
b11110111 7
#5040000
0!
0'
#5050000
1!
1'
b11111000 7
#5060000
0!
0'
#5070000
1!
1'
b11111001 7
#5080000
0!
0'
#5090000
1!
1'
b11111010 7
#5100000
0!
0'
#5110000
1!
1'
b11111011 7
#5120000
0!
0'
#5130000
1!
1'
b11111100 7
#5140000
0!
0'
#5150000
1!
1'
b11111101 7
#5160000
0!
0'
#5170000
1!
1'
b11111110 7
#5180000
0!
0'
#5190000
1!
1'
b11111111 7
#5200000
0!
0'
#5210000
1!
1'
b100000000 7
#5220000
0!
0'
#5230000
1!
1'
b100000001 7
#5240000
0!
0'
#5250000
1!
1'
b100000010 7
#5260000
0!
0'
#5270000
1!
1'
b100000011 7
#5280000
0!
0'
#5290000
1!
1'
b100000100 7
#5300000
0!
0'
#5310000
1!
1'
b100000101 7
#5320000
0!
0'
#5330000
1!
1'
b100000110 7
#5340000
0!
0'
#5350000
1!
1'
b100000111 7
#5360000
0!
0'
#5370000
1!
1'
b100001000 7
#5380000
0!
0'
#5390000
1!
1'
b100001001 7
#5400000
0!
0'
#5410000
1!
1'
b100001010 7
#5420000
0!
0'
#5430000
1!
1'
b100001011 7
#5440000
0!
0'
#5450000
1!
1'
b100001100 7
#5460000
0!
0'
#5470000
1!
1'
b100001101 7
#5480000
0!
0'
#5490000
1!
1'
b100001110 7
#5500000
0!
0'
#5510000
1!
1'
b100001111 7
#5520000
0!
0'
#5530000
1!
1'
b100010000 7
#5540000
0!
0'
#5550000
1!
1'
b100010001 7
#5560000
0!
0'
#5570000
1!
1'
b100010010 7
#5580000
0!
0'
#5590000
1!
1'
b100010011 7
#5600000
0!
0'
#5610000
1!
1'
b100010100 7
#5620000
0!
0'
#5630000
1!
1'
b100010101 7
#5640000
0!
0'
#5650000
1!
1'
b100010110 7
#5660000
0!
0'
#5670000
1!
1'
b100010111 7
#5680000
0!
0'
#5690000
1!
1'
b100011000 7
#5700000
0!
0'
#5710000
1!
1'
b100011001 7
#5720000
0!
0'
#5730000
1!
1'
b100011010 7
#5740000
0!
0'
#5750000
1!
1'
b100011011 7
#5760000
0!
0'
#5770000
1!
1'
b100011100 7
#5780000
0!
0'
#5790000
1!
1'
b100011101 7
#5800000
0!
0'
#5810000
1!
1'
b100011110 7
#5820000
0!
0'
#5830000
1!
1'
b100011111 7
#5840000
0!
0'
#5850000
1!
1'
b100100000 7
#5860000
0!
0'
#5870000
1!
1'
b100100001 7
#5880000
0!
0'
#5890000
1!
1'
b100100010 7
#5900000
0!
0'
#5910000
1!
1'
b100100011 7
#5920000
0!
0'
#5930000
1!
1'
b100100100 7
#5940000
0!
0'
#5950000
1!
1'
b100100101 7
#5960000
0!
0'
#5970000
1!
1'
b100100110 7
#5980000
0!
0'
#5990000
1!
1'
b100100111 7
#6000000
0!
0'
#6010000
1!
1'
b100101000 7
#6020000
0!
0'
#6030000
1!
1'
b100101001 7
#6040000
0!
0'
#6050000
1!
1'
b100101010 7
#6060000
0!
0'
#6070000
1!
1'
b100101011 7
#6080000
0!
0'
#6090000
1!
1'
b100101100 7
#6100000
0!
0'
#6110000
1!
1'
b100101101 7
#6120000
0!
0'
#6130000
1!
1'
b100101110 7
#6140000
0!
0'
#6150000
1!
1'
b100101111 7
#6160000
0!
0'
#6170000
1!
1'
b100110000 7
#6180000
0!
0'
#6190000
1!
1'
b100110001 7
#6200000
0!
0'
#6210000
1!
1'
b100110010 7
#6220000
0!
0'
#6230000
1!
1'
b100110011 7
#6240000
0!
0'
#6250000
1!
1'
b100110100 7
#6260000
0!
0'
#6270000
1!
1'
b100110101 7
#6280000
0!
0'
#6290000
1!
1'
b100110110 7
#6300000
0!
0'
#6310000
1!
1'
b100110111 7
#6320000
0!
0'
#6330000
1!
1'
b100111000 7
#6340000
0!
0'
#6350000
1!
1'
b100111001 7
#6360000
0!
0'
#6370000
1!
1'
b100111010 7
#6380000
0!
0'
#6390000
1!
1'
b100111011 7
#6400000
0!
0'
#6410000
1!
1'
b100111100 7
#6420000
0!
0'
#6430000
1!
1'
b100111101 7
#6440000
0!
0'
#6450000
1!
1'
b100111110 7
#6460000
0!
0'
#6470000
1!
1'
b100111111 7
#6480000
0!
0'
#6490000
1!
1'
b101000000 7
#6500000
0!
0'
#6510000
1!
1'
b101000001 7
#6520000
0!
0'
#6530000
1!
1'
b101000010 7
#6540000
0!
0'
#6550000
1!
1'
b101000011 7
#6560000
0!
0'
#6570000
1!
1'
b101000100 7
#6580000
0!
0'
#6590000
1!
1'
b101000101 7
#6600000
0!
0'
#6610000
1!
1'
b101000110 7
#6620000
0!
0'
#6630000
1!
1'
b101000111 7
#6640000
0!
0'
#6650000
1!
1'
b101001000 7
#6660000
0!
0'
#6670000
1!
1'
b101001001 7
#6680000
0!
0'
#6690000
1!
1'
b101001010 7
#6700000
0!
0'
#6710000
1!
1'
b101001011 7
#6720000
0!
0'
#6730000
1!
1'
b101001100 7
#6740000
0!
0'
#6750000
1!
1'
b101001101 7
#6760000
0!
0'
#6770000
1!
1'
b101001110 7
#6780000
0!
0'
#6790000
1!
1'
b101001111 7
#6800000
0!
0'
#6810000
1!
1'
b101010000 7
#6820000
0!
0'
#6830000
1!
1'
b101010001 7
#6840000
0!
0'
#6850000
1!
1'
b101010010 7
#6860000
0!
0'
#6870000
1!
1'
b101010011 7
#6880000
0!
0'
#6890000
1!
1'
b101010100 7
#6900000
0!
0'
#6910000
1!
1'
b101010101 7
#6920000
0!
0'
#6930000
1!
1'
b101010110 7
#6940000
0!
0'
#6950000
1!
1'
b101010111 7
#6960000
0!
0'
#6970000
1!
1'
b101011000 7
#6980000
0!
0'
#6990000
1!
1'
b101011001 7
#7000000
0!
0'
#7010000
1!
1'
b101011010 7
#7020000
0!
0'
#7030000
1!
1'
b101011011 7
#7040000
0!
0'
#7050000
1!
1'
b101011100 7
#7060000
0!
0'
#7070000
1!
1'
b101011101 7
#7080000
0!
0'
#7090000
1!
1'
b101011110 7
#7100000
0!
0'
#7110000
1!
1'
b101011111 7
#7120000
0!
0'
#7130000
1!
1'
b101100000 7
#7140000
0!
0'
#7150000
1!
1'
b101100001 7
#7160000
0!
0'
#7170000
1!
1'
b101100010 7
#7180000
0!
0'
#7190000
1!
1'
b101100011 7
#7200000
0!
0'
#7210000
1!
1'
b101100100 7
#7220000
0!
0'
#7230000
1!
1'
b101100101 7
#7240000
0!
0'
#7250000
1!
1'
b101100110 7
#7260000
0!
0'
#7270000
1!
1'
b101100111 7
#7280000
0!
0'
#7290000
1!
1'
b101101000 7
#7300000
0!
0'
#7310000
1!
1'
b101101001 7
#7320000
0!
0'
#7330000
1!
1'
b101101010 7
#7340000
0!
0'
#7350000
1!
1'
b101101011 7
#7360000
0!
0'
#7370000
1!
1'
b101101100 7
#7380000
0!
0'
#7390000
1!
1'
b101101101 7
#7400000
0!
0'
#7410000
1!
1'
b101101110 7
#7420000
0!
0'
#7430000
1!
1'
b101101111 7
#7440000
0!
0'
#7450000
1!
1'
b101110000 7
#7460000
0!
0'
#7470000
1!
1'
b101110001 7
#7480000
0!
0'
#7490000
1!
1'
b101110010 7
#7500000
0!
0'
#7510000
1!
1'
b101110011 7
#7520000
0!
0'
#7530000
1!
1'
b101110100 7
#7540000
0!
0'
#7550000
1!
1'
b101110101 7
#7560000
0!
0'
#7570000
1!
1'
b101110110 7
#7580000
0!
0'
#7590000
1!
1'
b101110111 7
#7600000
0!
0'
#7610000
1!
1'
b101111000 7
#7620000
0!
0'
#7630000
1!
1'
b101111001 7
#7640000
0!
0'
#7650000
1!
1'
b101111010 7
#7660000
0!
0'
#7670000
1!
1'
b101111011 7
#7680000
0!
0'
#7690000
1!
1'
b101111100 7
#7700000
0!
0'
#7710000
1!
1'
b101111101 7
#7720000
0!
0'
#7730000
1!
1'
b101111110 7
#7740000
0!
0'
#7750000
1!
1'
b101111111 7
#7760000
0!
0'
#7770000
1!
1'
b110000000 7
#7780000
0!
0'
#7790000
1!
1'
b110000001 7
#7800000
0!
0'
#7810000
1!
1'
b110000010 7
#7820000
0!
0'
#7830000
1!
1'
b110000011 7
#7840000
0!
0'
#7850000
1!
1'
b110000100 7
#7860000
0!
0'
#7870000
1!
1'
b110000101 7
#7880000
0!
0'
#7890000
1!
1'
b110000110 7
#7900000
0!
0'
#7910000
1!
1'
b110000111 7
#7920000
0!
0'
#7930000
1!
1'
b110001000 7
#7940000
0!
0'
#7950000
1!
1'
b110001001 7
#7960000
0!
0'
#7970000
1!
1'
b110001010 7
#7980000
0!
0'
#7990000
1!
1'
b110001011 7
#8000000
0!
0'
#8010000
1!
1'
b110001100 7
#8020000
0!
0'
#8030000
1!
1'
b110001101 7
#8040000
0!
0'
#8050000
1!
1'
b110001110 7
#8060000
0!
0'
#8070000
1!
1'
b110001111 7
#8080000
0!
0'
#8090000
1!
1'
b110010000 7
#8100000
0!
0'
#8110000
1!
1'
b110010001 7
#8120000
0!
0'
#8130000
1!
1'
b110010010 7
#8140000
0!
0'
#8150000
1!
1'
b110010011 7
#8160000
0!
0'
#8170000
1!
1'
b110010100 7
#8180000
0!
0'
#8190000
1!
1'
b110010101 7
#8200000
0!
0'
#8210000
1!
1'
b110010110 7
#8220000
0!
0'
#8230000
1!
1'
b110010111 7
#8240000
0!
0'
#8250000
1!
1'
b110011000 7
#8260000
0!
0'
#8270000
1!
1'
b110011001 7
#8280000
0!
0'
#8290000
1!
1'
b110011010 7
#8300000
0!
0'
#8310000
1!
1'
b110011011 7
#8320000
0!
0'
#8330000
1!
1'
b110011100 7
#8340000
0!
0'
#8350000
1!
1'
b110011101 7
#8360000
0!
0'
#8370000
1!
1'
b110011110 7
#8380000
0!
0'
#8390000
1!
1'
b110011111 7
#8400000
0!
0'
#8410000
1!
1'
b110100000 7
#8420000
0!
0'
#8430000
1!
1'
b110100001 7
#8440000
0!
0'
#8450000
1!
1'
b110100010 7
#8460000
0!
0'
#8470000
1!
1'
b110100011 7
#8480000
0!
0'
#8490000
1!
1'
b110100100 7
#8500000
0!
0'
#8510000
1!
1'
b110100101 7
#8520000
0!
0'
#8530000
1!
1'
b110100110 7
#8540000
0!
0'
#8550000
1!
1'
b110100111 7
#8560000
0!
0'
#8570000
1!
1'
b110101000 7
#8580000
0!
0'
#8590000
1!
1'
b110101001 7
#8600000
0!
0'
#8610000
1!
1'
b110101010 7
#8620000
0!
0'
#8630000
1!
1'
b110101011 7
#8640000
0!
0'
#8650000
1!
1'
b110101100 7
#8660000
0!
0'
#8670000
1!
1'
b110101101 7
#8680000
0!
0'
#8690000
1!
1'
b110101110 7
#8700000
0!
0'
#8710000
1!
1'
b110101111 7
#8720000
0!
0'
#8730000
1!
1'
b110110000 7
#8740000
0!
0'
#8750000
1!
1'
b110110001 7
#8760000
0!
0'
#8770000
1!
1'
b110110010 7
#8780000
0!
0'
#8790000
1!
1'
b110110011 7
#8800000
0!
0'
#8810000
1!
1'
b110110100 7
#8820000
0!
0'
#8830000
1!
1'
b110110101 7
#8840000
0!
0'
#8850000
1!
1'
b110110110 7
#8860000
0!
0'
#8870000
1!
1'
b110110111 7
#8880000
0!
0'
#8890000
1!
1'
b110111000 7
#8900000
0!
0'
#8910000
1!
1'
b110111001 7
#8920000
0!
0'
#8930000
1!
1'
b110111010 7
#8940000
0!
0'
#8950000
1!
1'
b110111011 7
#8960000
0!
0'
#8970000
1!
1'
b110111100 7
#8980000
0!
0'
#8990000
1!
1'
b110111101 7
#9000000
0!
0'
#9010000
1!
1'
b110111110 7
#9020000
0!
0'
#9030000
1!
1'
b110111111 7
#9040000
0!
0'
#9050000
1!
1'
b111000000 7
#9060000
0!
0'
#9070000
1!
1'
b111000001 7
#9080000
0!
0'
#9090000
1!
1'
b111000010 7
#9100000
0!
0'
#9110000
1!
1'
b111000011 7
#9120000
0!
0'
#9130000
1!
1'
b111000100 7
#9140000
0!
0'
#9150000
1!
1'
b111000101 7
#9160000
0!
0'
#9170000
1!
1'
b111000110 7
#9180000
0!
0'
#9190000
1!
1'
b111000111 7
#9200000
0!
0'
#9210000
1!
1'
b111001000 7
#9220000
0!
0'
#9230000
1!
1'
b111001001 7
#9240000
0!
0'
#9250000
1!
1'
b111001010 7
#9260000
0!
0'
#9270000
1!
1'
b111001011 7
#9280000
0!
0'
#9290000
1!
1'
b111001100 7
#9300000
0!
0'
#9310000
1!
1'
b111001101 7
#9320000
0!
0'
#9330000
1!
1'
b111001110 7
#9340000
0!
0'
#9350000
1!
1'
b111001111 7
#9360000
0!
0'
#9370000
1!
1'
b111010000 7
#9380000
0!
0'
#9390000
1!
1'
b111010001 7
#9400000
0!
0'
#9410000
1!
1'
b111010010 7
#9420000
0!
0'
#9430000
1!
1'
b111010011 7
#9440000
0!
0'
#9450000
1!
1'
b111010100 7
#9460000
0!
0'
#9470000
1!
1'
b111010101 7
#9480000
0!
0'
#9490000
1!
1'
b111010110 7
#9500000
0!
0'
#9510000
1!
1'
b111010111 7
#9520000
0!
0'
#9530000
1!
1'
b111011000 7
#9540000
0!
0'
#9550000
1!
1'
b111011001 7
#9560000
0!
0'
#9570000
1!
1'
b111011010 7
#9580000
0!
0'
#9590000
1!
1'
b111011011 7
#9600000
0!
0'
#9610000
1!
1'
b111011100 7
#9620000
0!
0'
#9630000
1!
1'
b111011101 7
#9640000
0!
0'
#9650000
1!
1'
b111011110 7
#9660000
0!
0'
#9670000
1!
1'
b111011111 7
#9680000
0!
0'
#9690000
1!
1'
b111100000 7
#9700000
0!
0'
#9710000
1!
1'
b111100001 7
#9720000
0!
0'
#9730000
1!
1'
b111100010 7
#9740000
0!
0'
#9750000
1!
1'
b111100011 7
#9760000
0!
0'
#9770000
1!
1'
b111100100 7
#9780000
0!
0'
#9790000
1!
1'
b111100101 7
#9800000
0!
0'
#9810000
1!
1'
b111100110 7
#9820000
0!
0'
#9830000
1!
1'
b111100111 7
#9840000
0!
0'
#9850000
1!
1'
b111101000 7
#9860000
0!
0'
#9870000
1!
1'
b111101001 7
#9880000
0!
0'
#9890000
1!
1'
b111101010 7
#9900000
0!
0'
#9910000
1!
1'
b111101011 7
#9920000
0!
0'
#9930000
1!
1'
b111101100 7
#9940000
0!
0'
#9950000
1!
1'
b111101101 7
#9960000
0!
0'
#9970000
1!
1'
b111101110 7
#9980000
0!
0'
#9990000
1!
1'
b111101111 7
#10000000
0!
0'
#10010000
1!
1'
b111110000 7
#10020000
0!
0'
#10030000
1!
1'
b111110001 7
#10040000
0!
0'
#10050000
1!
1'
b111110010 7
#10060000
0!
0'
#10070000
1!
1'
b111110011 7
#10080000
0!
0'
#10090000
1!
1'
b111110100 7
#10100000
0!
0'
#10110000
1!
1'
b111110101 7
#10120000
0!
0'
#10130000
1!
1'
b111110110 7
#10140000
0!
0'
#10150000
1!
1'
b111110111 7
#10160000
0!
0'
#10170000
1!
1'
b111111000 7
#10180000
0!
0'
#10190000
1!
1'
b111111001 7
#10200000
0!
0'
#10210000
1!
1'
b111111010 7
#10220000
0!
0'
#10230000
1!
1'
b111111011 7
#10240000
0!
0'
#10250000
1!
1'
b111111100 7
#10260000
0!
0'
#10270000
1!
1'
b111111101 7
#10280000
0!
0'
#10290000
1!
1'
b111111110 7
#10300000
0!
0'
#10310000
1!
1'
b111111111 7
#10320000
0!
0'
#10330000
1!
1'
b1000000000 7
#10340000
0!
0'
#10350000
1!
1'
b1000000001 7
#10360000
0!
0'
#10370000
1!
1'
b1000000010 7
#10380000
0!
0'
#10390000
1!
1'
b1000000011 7
#10400000
0!
0'
#10410000
1!
1'
b1000000100 7
#10420000
0!
0'
#10430000
1!
1'
b1000000101 7
#10440000
0!
0'
#10450000
1!
1'
b1000000110 7
#10460000
0!
0'
#10470000
1!
1'
b1000000111 7
#10480000
0!
0'
#10490000
1!
1'
b1000001000 7
#10500000
0!
0'
#10510000
1!
1'
b1000001001 7
#10520000
0!
0'
#10530000
1!
1'
b1000001010 7
#10540000
0!
0'
#10550000
1!
1'
b1000001011 7
#10560000
0!
0'
#10570000
1!
1'
b1000001100 7
#10580000
0!
0'
#10590000
1!
1'
b1000001101 7
#10600000
0!
0'
#10610000
1!
1'
b1000001110 7
#10620000
0!
0'
#10630000
1!
1'
b1000001111 7
#10640000
0!
0'
#10650000
1!
1'
b1000010000 7
#10660000
0!
0'
#10670000
1!
1'
b1000010001 7
#10680000
0!
0'
#10690000
1!
1'
b1000010010 7
#10700000
0!
0'
#10710000
1!
1'
b1000010011 7
#10720000
0!
0'
#10730000
1!
1'
b1000010100 7
#10740000
0!
0'
#10750000
1!
1'
b1000010101 7
#10760000
0!
0'
#10770000
1!
1'
b1000010110 7
#10780000
0!
0'
#10790000
1!
1'
b1000010111 7
#10800000
0!
0'
#10810000
1!
1'
b1000011000 7
#10820000
0!
0'
#10830000
1!
1'
b1000011001 7
#10840000
0!
0'
#10850000
1!
1'
b1000011010 7
#10860000
0!
0'
#10870000
1!
1'
b1000011011 7
#10880000
0!
0'
#10890000
1!
1'
b1000011100 7
#10900000
0!
0'
#10910000
1!
1'
b1000011101 7
#10920000
0!
0'
#10930000
1!
1'
b1000011110 7
#10940000
0!
0'
#10950000
1!
1'
b1000011111 7
#10960000
0!
0'
#10970000
1!
1'
b1000100000 7
#10980000
0!
0'
#10990000
1!
1'
b1000100001 7
#11000000
0!
0'
#11010000
1!
1'
b1000100010 7
#11020000
0!
0'
#11030000
1!
1'
b1000100011 7
#11040000
0!
0'
#11050000
1!
1'
b1000100100 7
#11060000
0!
0'
#11070000
1!
1'
b1000100101 7
#11080000
0!
0'
#11090000
1!
1'
b1000100110 7
#11100000
0!
0'
#11110000
1!
1'
b1000100111 7
#11120000
0!
0'
#11130000
1!
1'
b1000101000 7
#11140000
0!
0'
#11150000
1!
1'
b1000101001 7
#11160000
0!
0'
#11170000
1!
1'
b1000101010 7
#11180000
0!
0'
#11190000
1!
1'
b1000101011 7
#11200000
0!
0'
#11210000
1!
1'
b1000101100 7
#11220000
0!
0'
#11230000
1!
1'
b1000101101 7
#11240000
0!
0'
#11250000
1!
1'
b1000101110 7
#11260000
0!
0'
#11270000
1!
1'
b1000101111 7
#11280000
0!
0'
#11290000
1!
1'
b1000110000 7
#11300000
0!
0'
#11310000
1!
1'
b1000110001 7
#11320000
0!
0'
#11330000
1!
1'
b1000110010 7
#11340000
0!
0'
#11350000
1!
1'
b1000110011 7
#11360000
0!
0'
#11370000
1!
1'
b1000110100 7
#11380000
0!
0'
#11390000
1!
1'
b1000110101 7
#11400000
0!
0'
#11410000
1!
1'
b1000110110 7
#11420000
0!
0'
#11430000
1!
1'
b1000110111 7
#11440000
0!
0'
#11450000
1!
1'
b1000111000 7
#11460000
0!
0'
#11470000
1!
1'
b1000111001 7
#11480000
0!
0'
#11490000
1!
1'
b1000111010 7
#11500000
0!
0'
#11510000
1!
1'
b1000111011 7
#11520000
0!
0'
#11530000
1!
1'
b1000111100 7
#11540000
0!
0'
#11550000
1!
1'
b1000111101 7
#11560000
0!
0'
#11570000
1!
1'
b1000111110 7
#11580000
0!
0'
#11590000
1!
1'
b1000111111 7
#11600000
0!
0'
#11610000
1!
1'
b1001000000 7
#11620000
0!
0'
#11630000
1!
1'
b1001000001 7
#11640000
0!
0'
#11650000
1!
1'
b1001000010 7
#11660000
0!
0'
#11670000
1!
1'
b1001000011 7
#11680000
0!
0'
#11690000
1!
1'
b1001000100 7
#11700000
0!
0'
#11710000
1!
1'
b1001000101 7
#11720000
0!
0'
#11730000
1!
1'
b1001000110 7
#11740000
0!
0'
#11750000
1!
1'
b1001000111 7
#11760000
0!
0'
#11770000
1!
1'
b1001001000 7
#11780000
0!
0'
#11790000
1!
1'
b1001001001 7
#11800000
0!
0'
#11810000
1!
1'
b1001001010 7
#11820000
0!
0'
#11830000
1!
1'
b1001001011 7
#11840000
0!
0'
#11850000
1!
1'
b1001001100 7
#11860000
0!
0'
#11870000
1!
1'
b1001001101 7
#11880000
0!
0'
#11890000
1!
1'
b1001001110 7
#11900000
0!
0'
#11910000
1!
1'
b1001001111 7
#11920000
0!
0'
#11930000
1!
1'
b1001010000 7
#11940000
0!
0'
#11950000
1!
1'
b1001010001 7
#11960000
0!
0'
#11970000
1!
1'
b1001010010 7
#11980000
0!
0'
#11990000
1!
1'
b1001010011 7
#12000000
0!
0'
#12010000
1!
1'
b1001010100 7
#12020000
0!
0'
#12030000
1!
1'
b1001010101 7
#12040000
0!
0'
#12050000
1!
1'
b1001010110 7
#12060000
0!
0'
#12070000
1!
1'
b1001010111 7
#12080000
0!
0'
#12090000
1!
1'
b1001011000 7
#12100000
0!
0'
#12110000
1!
1'
b1001011001 7
#12120000
0!
0'
#12130000
1!
1'
b1001011010 7
#12140000
0!
0'
#12150000
1!
1'
b1001011011 7
#12160000
0!
0'
#12170000
1!
1'
b1001011100 7
#12180000
0!
0'
#12190000
1!
1'
b1001011101 7
#12200000
0!
0'
#12210000
1!
1'
b1001011110 7
#12220000
0!
0'
#12230000
1!
1'
b1001011111 7
#12240000
0!
0'
#12250000
1!
1'
b1001100000 7
#12260000
0!
0'
#12270000
1!
1'
b1001100001 7
#12280000
0!
0'
#12290000
1!
1'
b1001100010 7
#12300000
0!
0'
#12310000
1!
1'
b1001100011 7
#12320000
0!
0'
#12330000
1!
1'
b1001100100 7
#12340000
0!
0'
#12350000
1!
1'
b1001100101 7
#12360000
0!
0'
#12370000
1!
1'
b1001100110 7
#12380000
0!
0'
#12390000
1!
1'
b1001100111 7
#12400000
0!
0'
#12410000
1!
1'
b1001101000 7
#12420000
0!
0'
#12430000
1!
1'
b1001101001 7
#12440000
0!
0'
#12450000
1!
1'
b1001101010 7
#12460000
0!
0'
#12470000
1!
1'
b1001101011 7
#12480000
0!
0'
#12490000
1!
1'
b1001101100 7
#12500000
0!
0'
#12510000
1!
1'
b1001101101 7
#12520000
0!
0'
#12530000
1!
1'
b1001101110 7
#12540000
0!
0'
#12550000
1!
1'
b1001101111 7
#12560000
0!
0'
#12570000
1!
1'
b1001110000 7
#12580000
0!
0'
#12590000
1!
1'
b1001110001 7
#12600000
0!
0'
#12610000
1!
1'
b1001110010 7
#12620000
0!
0'
#12630000
1!
1'
b1001110011 7
#12640000
0!
0'
#12650000
1!
1'
b1001110100 7
#12660000
0!
0'
#12670000
1!
1'
b1001110101 7
#12680000
0!
0'
#12690000
1!
1'
b1001110110 7
#12700000
0!
0'
#12710000
1!
1'
b1001110111 7
#12720000
0!
0'
#12730000
1!
1'
b1001111000 7
#12740000
0!
0'
#12750000
1!
1'
b1001111001 7
#12760000
0!
0'
#12770000
1!
1'
b1001111010 7
#12780000
0!
0'
#12790000
1!
1'
b1001111011 7
#12800000
0!
0'
#12810000
1!
1'
b1001111100 7
#12820000
0!
0'
#12830000
1!
1'
b1001111101 7
#12840000
0!
0'
#12850000
1!
1'
b1001111110 7
#12860000
0!
0'
#12870000
1!
1'
b1001111111 7
#12880000
0!
0'
#12890000
1!
1'
b1010000000 7
#12900000
0!
0'
#12910000
1!
1'
b1010000001 7
#12920000
0!
0'
#12930000
1!
1'
b1010000010 7
#12940000
0!
0'
#12950000
1!
1'
b1010000011 7
#12960000
0!
0'
#12970000
1!
1'
b1010000100 7
#12980000
0!
0'
#12990000
1!
1'
b1010000101 7
#13000000
0!
0'
#13010000
1!
1'
b1010000110 7
#13020000
0!
0'
#13030000
1!
1'
b1010000111 7
#13040000
0!
0'
#13050000
1!
1'
b1010001000 7
#13060000
0!
0'
#13070000
1!
1'
b1010001001 7
#13080000
0!
0'
#13090000
1!
1'
b1010001010 7
#13100000
0!
0'
#13110000
1!
1'
b1010001011 7
#13120000
0!
0'
#13130000
1!
1'
b1010001100 7
#13140000
0!
0'
#13150000
1!
1'
b1010001101 7
#13160000
0!
0'
#13170000
1!
1'
b1010001110 7
#13180000
0!
0'
#13190000
1!
1'
b1010001111 7
#13200000
0!
0'
#13210000
1!
1'
b1010010000 7
#13220000
0!
0'
#13230000
1!
1'
b1010010001 7
#13240000
0!
0'
#13250000
1!
1'
b1010010010 7
#13260000
0!
0'
#13270000
1!
1'
b1010010011 7
#13280000
0!
0'
#13290000
1!
1'
b1010010100 7
#13300000
0!
0'
#13310000
1!
1'
b1010010101 7
#13320000
0!
0'
#13330000
1!
1'
b1010010110 7
#13340000
0!
0'
#13350000
1!
1'
b1010010111 7
#13360000
0!
0'
#13370000
1!
1'
b1010011000 7
#13380000
0!
0'
#13390000
1!
1'
b1010011001 7
#13400000
0!
0'
#13410000
1!
1'
b1010011010 7
#13420000
0!
0'
#13430000
1!
1'
b1010011011 7
#13440000
0!
0'
#13450000
1!
1'
b1010011100 7
#13460000
0!
0'
#13470000
1!
1'
b1010011101 7
#13480000
0!
0'
#13490000
1!
1'
b1010011110 7
#13500000
0!
0'
#13510000
1!
1'
b1010011111 7
#13520000
0!
0'
#13530000
1!
1'
b1010100000 7
#13540000
0!
0'
#13550000
1!
1'
b1010100001 7
#13560000
0!
0'
#13570000
1!
1'
b1010100010 7
#13580000
0!
0'
#13590000
1!
1'
b1010100011 7
#13600000
0!
0'
#13610000
1!
1'
b1010100100 7
#13620000
0!
0'
#13630000
1!
1'
b1010100101 7
#13640000
0!
0'
#13650000
1!
1'
b1010100110 7
#13660000
0!
0'
#13670000
1!
1'
b1010100111 7
#13680000
0!
0'
#13690000
1!
1'
b1010101000 7
#13700000
0!
0'
#13710000
1!
1'
b1010101001 7
#13720000
0!
0'
#13730000
1!
1'
b1010101010 7
#13740000
0!
0'
#13750000
1!
1'
b1010101011 7
#13760000
0!
0'
#13770000
1!
1'
b1010101100 7
#13780000
0!
0'
#13790000
1!
1'
b1010101101 7
#13800000
0!
0'
#13810000
1!
1'
b1010101110 7
#13820000
0!
0'
#13830000
1!
1'
b1010101111 7
#13840000
0!
0'
#13850000
1!
1'
b1010110000 7
#13860000
0!
0'
#13870000
1!
1'
b1010110001 7
#13880000
0!
0'
#13890000
1!
1'
b1010110010 7
#13900000
0!
0'
#13910000
1!
1'
b1010110011 7
#13920000
0!
0'
#13930000
1!
1'
b1010110100 7
#13940000
0!
0'
#13950000
1!
1'
b1010110101 7
#13960000
0!
0'
#13970000
1!
1'
b1010110110 7
#13980000
0!
0'
#13990000
1!
1'
b1010110111 7
#14000000
0!
0'
#14010000
1!
1'
b1010111000 7
#14020000
0!
0'
#14030000
1!
1'
b1010111001 7
#14040000
0!
0'
#14050000
1!
1'
b1010111010 7
#14060000
0!
0'
#14070000
1!
1'
b1010111011 7
#14080000
0!
0'
#14090000
1!
1'
b1010111100 7
#14100000
0!
0'
#14110000
1!
1'
b1010111101 7
#14120000
0!
0'
#14130000
1!
1'
b1010111110 7
#14140000
0!
0'
#14150000
1!
1'
b1010111111 7
#14160000
0!
0'
#14170000
1!
1'
b1011000000 7
#14180000
0!
0'
#14190000
1!
1'
b1011000001 7
#14200000
0!
0'
#14210000
1!
1'
b1011000010 7
#14220000
0!
0'
#14230000
1!
1'
b1011000011 7
#14240000
0!
0'
#14250000
1!
1'
b1011000100 7
#14260000
0!
0'
#14270000
1!
1'
b1011000101 7
#14280000
0!
0'
#14290000
1!
1'
b1011000110 7
#14300000
0!
0'
#14310000
1!
1'
b1011000111 7
#14320000
0!
0'
#14330000
1!
1'
b1011001000 7
#14340000
0!
0'
#14350000
1!
1'
b1011001001 7
#14360000
0!
0'
#14370000
1!
1'
b1011001010 7
#14380000
0!
0'
#14390000
1!
1'
b1011001011 7
#14400000
0!
0'
#14410000
1!
1'
b1011001100 7
#14420000
0!
0'
#14430000
1!
1'
b1011001101 7
#14440000
0!
0'
#14450000
1!
1'
b1011001110 7
#14460000
0!
0'
#14470000
1!
1'
b1011001111 7
#14480000
0!
0'
#14490000
1!
1'
b1011010000 7
#14500000
0!
0'
#14510000
1!
1'
b1011010001 7
#14520000
0!
0'
#14530000
1!
1'
b1011010010 7
#14540000
0!
0'
#14550000
1!
1'
b1011010011 7
#14560000
0!
0'
#14570000
1!
1'
b1011010100 7
#14580000
0!
0'
#14590000
1!
1'
b1011010101 7
#14600000
0!
0'
#14610000
1!
1'
b1011010110 7
#14620000
0!
0'
#14630000
1!
1'
b1011010111 7
#14640000
0!
0'
#14650000
1!
1'
b1011011000 7
#14660000
0!
0'
#14670000
1!
1'
b1011011001 7
#14680000
0!
0'
#14690000
1!
1'
b1011011010 7
#14700000
0!
0'
#14710000
1!
1'
b1011011011 7
#14720000
0!
0'
#14730000
1!
1'
b1011011100 7
#14740000
0!
0'
#14750000
1!
1'
b1011011101 7
#14760000
0!
0'
#14770000
1!
1'
b1011011110 7
#14780000
0!
0'
#14790000
1!
1'
b1011011111 7
#14800000
0!
0'
#14810000
1!
1'
b1011100000 7
#14820000
0!
0'
#14830000
1!
1'
b1011100001 7
#14840000
0!
0'
#14850000
1!
1'
b1011100010 7
#14860000
0!
0'
#14870000
1!
1'
b1011100011 7
#14880000
0!
0'
#14890000
1!
1'
b1011100100 7
#14900000
0!
0'
#14910000
1!
1'
b1011100101 7
#14920000
0!
0'
#14930000
1!
1'
b1011100110 7
#14940000
0!
0'
#14950000
1!
1'
b1011100111 7
#14960000
0!
0'
#14970000
1!
1'
b1011101000 7
#14980000
0!
0'
#14990000
1!
1'
b1011101001 7
#15000000
0!
0'
#15010000
1!
1'
b1011101010 7
#15020000
0!
0'
#15030000
1!
1'
b1011101011 7
#15040000
0!
0'
#15050000
1!
1'
b1011101100 7
#15060000
0!
0'
#15070000
1!
1'
b1011101101 7
#15080000
0!
0'
#15090000
1!
1'
b1011101110 7
#15100000
0!
0'
#15110000
1!
1'
b1011101111 7
#15120000
0!
0'
#15130000
1!
1'
b1011110000 7
#15140000
0!
0'
#15150000
1!
1'
b1011110001 7
#15160000
0!
0'
#15170000
1!
1'
b1011110010 7
#15180000
0!
0'
#15190000
1!
1'
b1011110011 7
#15200000
0!
0'
#15210000
1!
1'
b1011110100 7
#15220000
0!
0'
#15230000
1!
1'
b1011110101 7
#15240000
0!
0'
#15250000
1!
1'
b1011110110 7
#15260000
0!
0'
#15270000
1!
1'
b1011110111 7
#15280000
0!
0'
#15290000
1!
1'
b1011111000 7
#15300000
0!
0'
#15310000
1!
1'
b1011111001 7
#15320000
0!
0'
#15330000
1!
1'
b1011111010 7
#15340000
0!
0'
#15350000
1!
1'
b1011111011 7
#15360000
0!
0'
#15370000
1!
1'
b1011111100 7
#15380000
0!
0'
#15390000
1!
1'
b1011111101 7
#15400000
0!
0'
#15410000
1!
1'
b1011111110 7
#15420000
0!
0'
#15430000
1!
1'
b1011111111 7
#15440000
0!
0'
#15450000
1!
1'
b1100000000 7
#15460000
0!
0'
#15470000
1!
1'
b1100000001 7
#15480000
0!
0'
#15490000
1!
1'
b1100000010 7
#15500000
0!
0'
#15510000
1!
1'
b1100000011 7
#15520000
0!
0'
#15530000
1!
1'
b1100000100 7
#15540000
0!
0'
#15550000
1!
1'
b1100000101 7
#15560000
0!
0'
#15570000
1!
1'
b1100000110 7
#15580000
0!
0'
#15590000
1!
1'
b1100000111 7
#15600000
0!
0'
#15610000
1!
1'
b1100001000 7
#15620000
0!
0'
#15630000
1!
1'
b1100001001 7
#15640000
0!
0'
#15650000
1!
1'
b1100001010 7
#15660000
0!
0'
#15670000
1!
1'
b1100001011 7
#15680000
0!
0'
#15690000
1!
1'
b1100001100 7
#15700000
0!
0'
#15710000
1!
1'
b1100001101 7
#15720000
0!
0'
#15730000
1!
1'
b1100001110 7
#15740000
0!
0'
#15750000
1!
1'
b1100001111 7
#15760000
0!
0'
#15770000
1!
1'
b1100010000 7
#15780000
0!
0'
#15790000
1!
1'
b1100010001 7
#15800000
0!
0'
#15810000
1!
1'
b1100010010 7
#15820000
0!
0'
#15830000
1!
1'
b1100010011 7
#15840000
0!
0'
#15850000
1!
1'
b1100010100 7
#15860000
0!
0'
#15870000
1!
1'
b1100010101 7
#15880000
0!
0'
#15890000
1!
1'
b1100010110 7
#15900000
0!
0'
#15910000
1!
1'
b1100010111 7
#15920000
0!
0'
#15930000
1!
1'
b1100011000 7
#15940000
0!
0'
#15950000
1!
1'
b1100011001 7
#15960000
0!
0'
#15970000
1!
1'
b1100011010 7
#15980000
0!
0'
#15990000
1!
1'
b1100011011 7
#16000000
0!
0'
#16010000
1!
1'
b1100011100 7
#16020000
0!
0'
#16030000
1!
1'
b1100011101 7
#16040000
0!
0'
#16050000
1!
1'
b1100011110 7
#16060000
0!
0'
#16070000
1!
1'
b1100011111 7
#16080000
0!
0'
#16090000
1!
1'
b1100100000 7
#16100000
0!
0'
#16110000
1!
1'
b1100100001 7
#16120000
0!
0'
#16130000
1!
1'
b1100100010 7
#16140000
0!
0'
#16150000
1!
1'
b1100100011 7
#16160000
0!
0'
#16170000
1!
1'
b1100100100 7
#16180000
0!
0'
#16190000
1!
1'
b1100100101 7
#16200000
0!
0'
#16210000
1!
1'
b1100100110 7
#16220000
0!
0'
#16230000
1!
1'
b1100100111 7
#16240000
0!
0'
#16250000
1!
1'
b1100101000 7
#16260000
0!
0'
#16270000
1!
1'
b1100101001 7
#16280000
0!
0'
#16290000
1!
1'
b1100101010 7
#16300000
0!
0'
#16310000
1!
1'
b1100101011 7
#16320000
0!
0'
#16330000
1!
1'
b1100101100 7
#16340000
0!
0'
#16350000
1!
1'
b1100101101 7
#16360000
0!
0'
#16370000
1!
1'
b1100101110 7
#16380000
0!
0'
#16390000
1!
1'
b1100101111 7
#16400000
0!
0'
#16410000
1!
1'
b1100110000 7
#16420000
0!
0'
#16430000
1!
1'
b1100110001 7
#16440000
0!
0'
#16450000
1!
1'
b1100110010 7
#16460000
0!
0'
#16470000
1!
1'
b1100110011 7
#16480000
0!
0'
#16490000
1!
1'
b1100110100 7
#16500000
0!
0'
#16510000
1!
1'
b1100110101 7
#16520000
0!
0'
#16530000
1!
1'
b1100110110 7
#16540000
0!
0'
#16550000
1!
1'
b1100110111 7
#16560000
0!
0'
#16570000
1!
1'
b1100111000 7
#16580000
0!
0'
#16590000
1!
1'
b1100111001 7
#16600000
0!
0'
#16610000
1!
1'
b1100111010 7
#16620000
0!
0'
#16630000
1!
1'
b1100111011 7
#16640000
0!
0'
#16650000
1!
1'
b1100111100 7
#16660000
0!
0'
#16670000
1!
1'
b1100111101 7
#16680000
0!
0'
#16690000
1!
1'
b1100111110 7
#16700000
0!
0'
#16710000
1!
1'
b1100111111 7
#16720000
0!
0'
#16730000
1!
1'
b1101000000 7
#16740000
0!
0'
#16750000
1!
1'
b1101000001 7
#16760000
0!
0'
#16770000
1!
1'
b1101000010 7
#16780000
0!
0'
#16790000
1!
1'
b1101000011 7
#16800000
0!
0'
#16810000
1!
1'
b1101000100 7
#16820000
0!
0'
#16830000
1!
1'
b1101000101 7
#16840000
0!
0'
#16850000
1!
1'
b1101000110 7
#16860000
0!
0'
#16870000
1!
1'
b1101000111 7
#16880000
0!
0'
#16890000
1!
1'
b1101001000 7
#16900000
0!
0'
#16910000
1!
1'
b1101001001 7
#16920000
0!
0'
#16930000
1!
1'
b1101001010 7
#16940000
0!
0'
#16950000
1!
1'
b1101001011 7
#16960000
0!
0'
#16970000
1!
1'
b1101001100 7
#16980000
0!
0'
#16990000
1!
1'
b1101001101 7
#17000000
0!
0'
#17010000
1!
1'
b1101001110 7
#17020000
0!
0'
#17030000
1!
1'
b1101001111 7
#17040000
0!
0'
#17050000
1!
1'
b1101010000 7
#17060000
0!
0'
#17070000
1!
1'
b1101010001 7
#17080000
0!
0'
#17090000
1!
1'
b1101010010 7
#17100000
0!
0'
#17110000
1!
1'
b1101010011 7
#17120000
0!
0'
#17130000
1!
1'
b1101010100 7
#17140000
0!
0'
#17150000
1!
1'
b1101010101 7
#17160000
0!
0'
#17170000
1!
1'
b1101010110 7
#17180000
0!
0'
#17190000
1!
1'
b1101010111 7
#17200000
0!
0'
#17210000
1!
1'
b1101011000 7
#17220000
0!
0'
#17230000
1!
1'
b1101011001 7
#17240000
0!
0'
#17250000
1!
1'
b1101011010 7
#17260000
0!
0'
#17270000
1!
1'
b1101011011 7
#17280000
0!
0'
#17290000
1!
1'
b1101011100 7
#17300000
0!
0'
#17310000
1!
1'
b1101011101 7
#17320000
0!
0'
#17330000
1!
1'
b1101011110 7
#17340000
0!
0'
#17350000
1!
1'
b1101011111 7
#17360000
0!
0'
#17370000
1!
1'
b1101100000 7
#17380000
0!
0'
#17390000
1!
1'
b1101100001 7
#17400000
0!
0'
#17410000
1!
1'
b1101100010 7
#17420000
0!
0'
#17430000
1!
1'
b1101100011 7
#17440000
0!
0'
#17450000
1!
1'
b1101100100 7
#17460000
0!
0'
#17470000
1!
1'
b1101100101 7
#17480000
0!
0'
#17490000
1!
1'
b1101100110 7
#17500000
0!
0'
#17510000
1!
1'
b1101100111 7
#17520000
0!
0'
#17530000
1!
1'
b1101101000 7
#17540000
0!
0'
#17550000
1!
1'
b1101101001 7
#17560000
0!
0'
#17570000
1!
1'
b1101101010 7
#17580000
0!
0'
#17590000
1!
1'
b1101101011 7
#17600000
0!
0'
#17610000
1!
1'
b1101101100 7
#17620000
0!
0'
#17630000
1!
1'
b1101101101 7
#17640000
0!
0'
#17650000
1!
1'
b1101101110 7
#17660000
0!
0'
#17670000
1!
1'
b1101101111 7
#17680000
0!
0'
#17690000
1!
1'
b1101110000 7
#17700000
0!
0'
#17710000
1!
1'
b1101110001 7
#17720000
0!
0'
#17730000
1!
1'
b1101110010 7
#17740000
0!
0'
#17750000
1!
1'
b1101110011 7
#17760000
0!
0'
#17770000
1!
1'
b1101110100 7
#17780000
0!
0'
#17790000
1!
1'
b1101110101 7
#17800000
0!
0'
#17810000
1!
1'
b1101110110 7
#17820000
0!
0'
#17830000
1!
1'
b1101110111 7
#17840000
0!
0'
#17850000
1!
1'
b1101111000 7
#17860000
0!
0'
#17870000
1!
1'
b1101111001 7
#17880000
0!
0'
#17890000
1!
1'
b1101111010 7
#17900000
0!
0'
#17910000
1!
1'
b1101111011 7
#17920000
0!
0'
#17930000
1!
1'
b1101111100 7
#17940000
0!
0'
#17950000
1!
1'
b1101111101 7
#17960000
0!
0'
#17970000
1!
1'
b1101111110 7
#17980000
0!
0'
#17990000
1!
1'
b1101111111 7
#18000000
0!
0'
#18010000
1!
1'
b1110000000 7
#18020000
0!
0'
#18030000
1!
1'
b1110000001 7
#18040000
0!
0'
#18050000
1!
1'
b1110000010 7
#18060000
0!
0'
#18070000
1!
1'
b1110000011 7
#18080000
0!
0'
#18090000
1!
1'
b1110000100 7
#18100000
0!
0'
#18110000
1!
1'
b1110000101 7
#18120000
0!
0'
#18130000
1!
1'
b1110000110 7
#18140000
0!
0'
#18150000
1!
1'
b1110000111 7
#18160000
0!
0'
#18170000
1!
1'
b1110001000 7
#18180000
0!
0'
#18190000
1!
1'
b1110001001 7
#18200000
0!
0'
#18210000
1!
1'
b1110001010 7
#18220000
0!
0'
#18230000
1!
1'
b1110001011 7
#18240000
0!
0'
#18250000
1!
1'
b1110001100 7
#18260000
0!
0'
#18270000
1!
1'
b1110001101 7
#18280000
0!
0'
#18290000
1!
1'
b1110001110 7
#18300000
0!
0'
#18310000
1!
1'
b1110001111 7
#18320000
0!
0'
#18330000
1!
1'
b1110010000 7
#18340000
0!
0'
#18350000
1!
1'
b1110010001 7
#18360000
0!
0'
#18370000
1!
1'
b1110010010 7
#18380000
0!
0'
#18390000
1!
1'
b1110010011 7
#18400000
0!
0'
#18410000
1!
1'
b1110010100 7
#18420000
0!
0'
#18430000
1!
1'
b1110010101 7
#18440000
0!
0'
#18450000
1!
1'
b1110010110 7
#18460000
0!
0'
#18470000
1!
1'
b1110010111 7
#18480000
0!
0'
#18490000
1!
1'
b1110011000 7
#18500000
0!
0'
#18510000
1!
1'
b1110011001 7
#18520000
0!
0'
#18530000
1!
1'
b1110011010 7
#18540000
0!
0'
#18550000
1!
1'
b1110011011 7
#18560000
0!
0'
#18570000
1!
1'
b1110011100 7
#18580000
0!
0'
#18590000
1!
1'
b1110011101 7
#18600000
0!
0'
#18610000
1!
1'
b1110011110 7
#18620000
0!
0'
#18630000
1!
1'
b1110011111 7
#18640000
0!
0'
#18650000
1!
1'
b1110100000 7
#18660000
0!
0'
#18670000
1!
1'
b1110100001 7
#18680000
0!
0'
#18690000
1!
1'
b1110100010 7
#18700000
0!
0'
#18710000
1!
1'
b1110100011 7
#18720000
0!
0'
#18730000
1!
1'
b1110100100 7
#18740000
0!
0'
#18750000
1!
1'
b1110100101 7
#18760000
0!
0'
#18770000
1!
1'
b1110100110 7
#18780000
0!
0'
#18790000
1!
1'
b1110100111 7
#18800000
0!
0'
#18810000
1!
1'
b1110101000 7
#18820000
0!
0'
#18830000
1!
1'
b1110101001 7
#18840000
0!
0'
#18850000
1!
1'
b1110101010 7
#18860000
0!
0'
#18870000
1!
1'
b1110101011 7
#18880000
0!
0'
#18890000
1!
1'
b1110101100 7
#18900000
0!
0'
#18910000
1!
1'
b1110101101 7
#18920000
0!
0'
#18930000
1!
1'
b1110101110 7
#18940000
0!
0'
#18950000
1!
1'
b1110101111 7
#18960000
0!
0'
#18970000
1!
1'
b1110110000 7
#18980000
0!
0'
#18990000
1!
1'
b1110110001 7
#19000000
0!
0'
#19010000
1!
1'
b1110110010 7
#19020000
0!
0'
#19030000
1!
1'
b1110110011 7
#19040000
0!
0'
#19050000
1!
1'
b1110110100 7
#19060000
0!
0'
#19070000
1!
1'
b1110110101 7
#19080000
0!
0'
#19090000
1!
1'
b1110110110 7
#19100000
0!
0'
#19110000
1!
1'
b1110110111 7
#19120000
0!
0'
#19130000
1!
1'
b1110111000 7
#19140000
0!
0'
#19150000
1!
1'
b1110111001 7
#19160000
0!
0'
#19170000
1!
1'
b1110111010 7
#19180000
0!
0'
#19190000
1!
1'
b1110111011 7
#19200000
0!
0'
#19210000
1!
1'
b1110111100 7
#19220000
0!
0'
#19230000
1!
1'
b1110111101 7
#19240000
0!
0'
#19250000
1!
1'
b1110111110 7
#19260000
0!
0'
#19270000
1!
1'
b1110111111 7
#19280000
0!
0'
#19290000
1!
1'
b1111000000 7
#19300000
0!
0'
#19310000
1!
1'
b1111000001 7
#19320000
0!
0'
#19330000
1!
1'
b1111000010 7
#19340000
0!
0'
#19350000
1!
1'
b1111000011 7
#19360000
0!
0'
#19370000
1!
1'
b1111000100 7
#19380000
0!
0'
#19390000
1!
1'
b1111000101 7
#19400000
0!
0'
#19410000
1!
1'
b1111000110 7
#19420000
0!
0'
#19430000
1!
1'
b1111000111 7
#19440000
0!
0'
#19450000
1!
1'
b1111001000 7
#19460000
0!
0'
#19470000
1!
1'
b1111001001 7
#19480000
0!
0'
#19490000
1!
1'
b1111001010 7
#19500000
0!
0'
#19510000
1!
1'
b1111001011 7
#19520000
0!
0'
#19530000
1!
1'
b1111001100 7
#19540000
0!
0'
#19550000
1!
1'
b1111001101 7
#19560000
0!
0'
#19570000
1!
1'
b1111001110 7
#19580000
0!
0'
#19590000
1!
1'
b1111001111 7
#19600000
0!
0'
#19610000
1!
1'
b1111010000 7
#19620000
0!
0'
#19630000
1!
1'
b1111010001 7
#19640000
0!
0'
#19650000
1!
1'
b1111010010 7
#19660000
0!
0'
#19670000
1!
1'
b1111010011 7
#19680000
0!
0'
#19690000
1!
1'
b1111010100 7
#19700000
0!
0'
#19710000
1!
1'
b1111010101 7
#19720000
0!
0'
#19730000
1!
1'
b1111010110 7
#19740000
0!
0'
#19750000
1!
1'
b1111010111 7
#19760000
0!
0'
#19770000
1!
1'
b1111011000 7
#19780000
0!
0'
#19790000
1!
1'
b1111011001 7
#19800000
0!
0'
#19810000
1!
1'
b1111011010 7
#19820000
0!
0'
#19830000
1!
1'
b1111011011 7
#19840000
0!
0'
#19850000
1!
1'
b1111011100 7
#19860000
0!
0'
#19870000
1!
1'
b1111011101 7
#19880000
0!
0'
#19890000
1!
1'
b1111011110 7
#19900000
0!
0'
#19910000
1!
1'
b1111011111 7
#19920000
0!
0'
#19930000
1!
1'
b1111100000 7
#19940000
0!
0'
#19950000
1!
1'
b1111100001 7
#19960000
0!
0'
#19970000
1!
1'
b1111100010 7
#19980000
0!
0'
#19990000
1!
1'
b1111100011 7
#20000000
0!
0'
#20010000
1!
1'
b1111100100 7
#20020000
0!
0'
#20030000
1!
1'
b1111100101 7
#20040000
0!
0'
#20050000
1!
1'
b1111100110 7
#20060000
0!
0'
#20070000
1!
1'
b1111100111 7
#20080000
0!
0'
#20090000
1!
1'
b1111101000 7
#20100000
0!
0'
#20110000
1!
1'
b1111101001 7
#20120000
0!
0'
#20130000
1!
1'
b1111101010 7
#20140000
0!
0'
#20150000
1!
1'
b1111101011 7
#20160000
0!
0'
#20170000
1!
1'
b1111101100 7
#20180000
0!
0'
#20190000
1!
1'
b1111101101 7
#20200000
0!
0'
#20210000
1!
1'
b1111101110 7
#20220000
0!
0'
#20230000
1!
1'
b1111101111 7
#20240000
0!
0'
#20250000
1!
1'
b1111110000 7
#20260000
0!
0'
#20270000
1!
1'
b1111110001 7
#20280000
0!
0'
#20290000
1!
1'
b1111110010 7
#20300000
0!
0'
#20310000
1!
1'
b1111110011 7
#20320000
0!
0'
#20330000
1!
1'
b1111110100 7
#20340000
0!
0'
#20350000
1!
1'
b1111110101 7
#20360000
0!
0'
#20370000
1!
1'
b1111110110 7
#20380000
0!
0'
#20390000
1!
1'
b1111110111 7
#20400000
0!
0'
#20410000
1!
1'
b1111111000 7
#20420000
0!
0'
#20430000
1!
1'
b1111111001 7
#20440000
0!
0'
#20450000
1!
1'
b1111111010 7
#20460000
0!
0'
#20470000
1!
1'
b1111111011 7
#20480000
0!
0'
#20490000
1!
1'
b1111111100 7
#20500000
0!
0'
#20510000
1!
1'
b1111111101 7
#20520000
0!
0'
#20530000
1!
1'
b1111111110 7
#20540000
0!
0'
#20550000
1!
1'
b1111111111 7
#20560000
0!
0'
#20570000
1!
1'
b10000000000 7
#20580000
0!
0'
#20590000
1!
1'
b10000000001 7
#20600000
0!
0'
#20610000
1!
1'
b10000000010 7
#20620000
0!
0'
#20630000
1!
1'
b10000000011 7
#20640000
0!
0'
#20650000
1!
1'
b10000000100 7
#20660000
0!
0'
#20670000
1!
1'
b10000000101 7
#20680000
0!
0'
#20690000
1!
1'
b10000000110 7
#20700000
0!
0'
#20710000
1!
1'
b10000000111 7
#20720000
0!
0'
#20730000
1!
1'
b10000001000 7
#20740000
0!
0'
#20750000
1!
1'
b10000001001 7
#20760000
0!
0'
#20770000
1!
1'
b10000001010 7
#20780000
0!
0'
#20790000
1!
1'
b10000001011 7
#20800000
0!
0'
#20810000
1!
1'
b10000001100 7
#20820000
0!
0'
#20830000
1!
1'
b10000001101 7
#20840000
0!
0'
#20850000
1!
1'
b10000001110 7
#20860000
0!
0'
#20870000
1!
1'
b10000001111 7
#20880000
0!
0'
#20890000
1!
1'
b10000010000 7
#20900000
0!
0'
#20910000
1!
1'
b10000010001 7
#20920000
0!
0'
#20930000
1!
1'
b10000010010 7
#20940000
0!
0'
#20950000
1!
1'
b10000010011 7
#20960000
0!
0'
#20970000
1!
1'
b10000010100 7
#20980000
0!
0'
#20990000
1!
1'
b10000010101 7
#21000000
0!
0'
#21010000
1!
1'
b10000010110 7
#21020000
0!
0'
#21030000
1!
1'
b10000010111 7
#21040000
0!
0'
#21050000
1!
1'
b10000011000 7
#21060000
0!
0'
#21070000
1!
1'
b10000011001 7
#21080000
0!
0'
#21090000
1!
1'
b10000011010 7
#21100000
0!
0'
#21110000
1!
1'
b10000011011 7
#21120000
0!
0'
#21130000
1!
1'
b10000011100 7
#21140000
0!
0'
#21150000
1!
1'
b10000011101 7
#21160000
0!
0'
#21170000
1!
1'
b10000011110 7
#21180000
0!
0'
#21190000
1!
1'
b10000011111 7
#21200000
0!
0'
#21210000
1!
1'
b10000100000 7
#21220000
0!
0'
#21230000
1!
1'
b10000100001 7
#21240000
0!
0'
#21250000
1!
1'
b10000100010 7
#21260000
0!
0'
#21270000
1!
1'
b10000100011 7
#21280000
0!
0'
#21290000
1!
1'
b10000100100 7
#21300000
0!
0'
#21310000
1!
1'
b10000100101 7
#21320000
0!
0'
#21330000
1!
1'
b10000100110 7
#21340000
0!
0'
#21350000
1!
1'
b10000100111 7
#21360000
0!
0'
#21370000
1!
1'
b10000101000 7
#21380000
0!
0'
#21390000
1!
1'
b10000101001 7
#21400000
0!
0'
#21410000
1!
1'
b10000101010 7
#21420000
0!
0'
#21430000
1!
1'
b10000101011 7
#21440000
0!
0'
#21450000
1!
1'
b10000101100 7
#21460000
0!
0'
#21470000
1!
1'
b10000101101 7
#21480000
0!
0'
#21490000
1!
1'
b10000101110 7
#21500000
0!
0'
#21510000
1!
1'
b10000101111 7
#21520000
0!
0'
#21530000
1!
1'
b10000110000 7
#21540000
0!
0'
#21550000
1!
1'
b10000110001 7
#21560000
0!
0'
#21570000
1!
1'
b10000110010 7
#21580000
0!
0'
#21590000
1!
1'
b10000110011 7
#21600000
0!
0'
#21610000
1!
1'
b10000110100 7
#21620000
0!
0'
#21630000
1!
1'
b10000110101 7
#21640000
0!
0'
#21650000
1!
1'
b10000110110 7
#21660000
0!
0'
#21670000
1!
1'
b10000110111 7
#21680000
0!
0'
#21690000
1!
1'
b10000111000 7
#21700000
0!
0'
#21710000
1!
1'
b10000111001 7
#21720000
0!
0'
#21730000
1!
1'
b10000111010 7
#21740000
0!
0'
#21750000
1!
1'
b10000111011 7
#21760000
0!
0'
#21770000
1!
1'
b10000111100 7
#21780000
0!
0'
#21790000
1!
1'
b10000111101 7
#21800000
0!
0'
#21810000
1!
1'
b10000111110 7
#21820000
0!
0'
#21830000
1!
1'
b10000111111 7
#21840000
0!
0'
#21850000
1!
1'
b10001000000 7
#21860000
0!
0'
#21870000
1!
1'
b10001000001 7
#21880000
0!
0'
#21890000
1!
1'
b10001000010 7
#21900000
0!
0'
#21910000
1!
1'
b10001000011 7
#21920000
0!
0'
#21930000
1!
1'
b10001000100 7
#21940000
0!
0'
#21950000
1!
1'
b10001000101 7
#21960000
0!
0'
#21970000
1!
1'
b10001000110 7
#21980000
0!
0'
#21990000
1!
1'
b10001000111 7
#22000000
0!
0'
#22010000
1!
1'
b10001001000 7
#22020000
0!
0'
#22030000
1!
1'
b10001001001 7
#22040000
0!
0'
#22050000
1!
1'
b10001001010 7
#22060000
0!
0'
#22070000
1!
1'
b10001001011 7
#22080000
0!
0'
#22090000
1!
1'
b10001001100 7
#22100000
0!
0'
#22110000
1!
1'
b10001001101 7
#22120000
0!
0'
#22130000
1!
1'
b10001001110 7
#22140000
0!
0'
#22150000
1!
1'
b10001001111 7
#22160000
0!
0'
#22170000
1!
1'
b10001010000 7
#22180000
0!
0'
#22190000
1!
1'
b10001010001 7
#22200000
0!
0'
#22210000
1!
1'
b10001010010 7
#22220000
0!
0'
#22230000
1!
1'
b10001010011 7
#22240000
0!
0'
#22250000
1!
1'
b10001010100 7
#22260000
0!
0'
#22270000
1!
1'
b10001010101 7
#22280000
0!
0'
#22290000
1!
1'
b10001010110 7
#22300000
0!
0'
#22310000
1!
1'
b10001010111 7
#22320000
0!
0'
#22330000
1!
1'
b10001011000 7
#22340000
0!
0'
#22350000
1!
1'
b10001011001 7
#22360000
0!
0'
#22370000
1!
1'
b10001011010 7
#22380000
0!
0'
#22390000
1!
1'
b10001011011 7
#22400000
0!
0'
#22410000
1!
1'
b10001011100 7
#22420000
0!
0'
#22430000
1!
1'
b10001011101 7
#22440000
0!
0'
#22450000
1!
1'
b10001011110 7
#22460000
0!
0'
#22470000
1!
1'
b10001011111 7
#22480000
0!
0'
#22490000
1!
1'
b10001100000 7
#22500000
0!
0'
#22510000
1!
1'
b10001100001 7
#22520000
0!
0'
#22530000
1!
1'
b10001100010 7
#22540000
0!
0'
#22550000
1!
1'
b10001100011 7
#22560000
0!
0'
#22570000
1!
1'
b10001100100 7
#22580000
0!
0'
#22590000
1!
1'
b10001100101 7
#22600000
0!
0'
#22610000
1!
1'
b10001100110 7
#22620000
0!
0'
#22630000
1!
1'
b10001100111 7
#22640000
0!
0'
#22650000
1!
1'
b10001101000 7
#22660000
0!
0'
#22670000
1!
1'
b10001101001 7
#22680000
0!
0'
#22690000
1!
1'
b10001101010 7
#22700000
0!
0'
#22710000
1!
1'
b10001101011 7
#22720000
0!
0'
#22730000
1!
1'
b10001101100 7
#22740000
0!
0'
#22750000
1!
1'
b10001101101 7
#22760000
0!
0'
#22770000
1!
1'
b10001101110 7
#22780000
0!
0'
#22790000
1!
1'
b10001101111 7
#22800000
0!
0'
#22810000
1!
1'
b10001110000 7
#22820000
0!
0'
#22830000
1!
1'
b10001110001 7
#22840000
0!
0'
#22850000
1!
1'
b10001110010 7
#22860000
0!
0'
#22870000
1!
1'
b10001110011 7
#22880000
0!
0'
#22890000
1!
1'
b10001110100 7
#22900000
0!
0'
#22910000
1!
1'
b10001110101 7
#22920000
0!
0'
#22930000
1!
1'
b10001110110 7
#22940000
0!
0'
#22950000
1!
1'
b10001110111 7
#22960000
0!
0'
#22970000
1!
1'
b10001111000 7
#22980000
0!
0'
#22990000
1!
1'
b10001111001 7
#23000000
0!
0'
#23010000
1!
1'
b10001111010 7
#23020000
0!
0'
#23030000
1!
1'
b10001111011 7
#23040000
0!
0'
#23050000
1!
1'
b10001111100 7
#23060000
0!
0'
#23070000
1!
1'
b10001111101 7
#23080000
0!
0'
#23090000
1!
1'
b10001111110 7
#23100000
0!
0'
#23110000
1!
1'
b10001111111 7
#23120000
0!
0'
#23130000
1!
1'
b10010000000 7
#23140000
0!
0'
#23150000
1!
1'
b10010000001 7
#23160000
0!
0'
#23170000
1!
1'
b10010000010 7
#23180000
0!
0'
#23190000
1!
1'
b10010000011 7
#23200000
0!
0'
#23210000
1!
1'
b10010000100 7
#23220000
0!
0'
#23230000
1!
1'
b10010000101 7
#23240000
0!
0'
#23250000
1!
1'
b10010000110 7
#23260000
0!
0'
#23270000
1!
1'
b10010000111 7
#23280000
0!
0'
#23290000
1!
1'
b10010001000 7
#23300000
0!
0'
#23310000
1!
1'
b10010001001 7
#23320000
0!
0'
#23330000
1!
1'
b10010001010 7
#23340000
0!
0'
#23350000
1!
1'
b10010001011 7
#23360000
0!
0'
#23370000
1!
1'
b10010001100 7
#23380000
0!
0'
#23390000
1!
1'
b10010001101 7
#23400000
0!
0'
#23410000
1!
1'
b10010001110 7
#23420000
0!
0'
#23430000
1!
1'
b10010001111 7
#23440000
0!
0'
#23450000
1!
1'
b10010010000 7
#23460000
0!
0'
#23470000
1!
1'
b10010010001 7
#23480000
0!
0'
#23490000
1!
1'
b10010010010 7
#23500000
0!
0'
#23510000
1!
1'
b10010010011 7
#23520000
0!
0'
#23530000
1!
1'
b10010010100 7
#23540000
0!
0'
#23550000
1!
1'
b10010010101 7
#23560000
0!
0'
#23570000
1!
1'
b10010010110 7
#23580000
0!
0'
#23590000
1!
1'
b10010010111 7
#23600000
0!
0'
#23610000
1!
1'
b10010011000 7
#23620000
0!
0'
#23630000
1!
1'
b10010011001 7
#23640000
0!
0'
#23650000
1!
1'
b10010011010 7
#23660000
0!
0'
#23670000
1!
1'
b10010011011 7
#23680000
0!
0'
#23690000
1!
1'
b10010011100 7
#23700000
0!
0'
#23710000
1!
1'
b10010011101 7
#23720000
0!
0'
#23730000
1!
1'
b10010011110 7
#23740000
0!
0'
#23750000
1!
1'
b10010011111 7
#23760000
0!
0'
#23770000
1!
1'
b10010100000 7
#23780000
0!
0'
#23790000
1!
1'
b10010100001 7
#23800000
0!
0'
#23810000
1!
1'
b10010100010 7
#23820000
0!
0'
#23830000
1!
1'
b10010100011 7
#23840000
0!
0'
#23850000
1!
1'
b10010100100 7
#23860000
0!
0'
#23870000
1!
1'
b10010100101 7
#23880000
0!
0'
#23890000
1!
1'
b10010100110 7
#23900000
0!
0'
#23910000
1!
1'
b10010100111 7
#23920000
0!
0'
#23930000
1!
1'
b10010101000 7
#23940000
0!
0'
#23950000
1!
1'
b10010101001 7
#23960000
0!
0'
#23970000
1!
1'
b10010101010 7
#23980000
0!
0'
#23990000
1!
1'
b10010101011 7
#24000000
0!
0'
#24010000
1!
1'
b10010101100 7
#24020000
0!
0'
#24030000
1!
1'
b10010101101 7
#24040000
0!
0'
#24050000
1!
1'
b10010101110 7
#24060000
0!
0'
#24070000
1!
1'
b10010101111 7
#24080000
0!
0'
#24090000
1!
1'
b10010110000 7
#24100000
0!
0'
#24110000
1!
1'
b10010110001 7
#24120000
0!
0'
#24130000
1!
1'
b10010110010 7
#24140000
0!
0'
#24150000
1!
1'
b10010110011 7
#24160000
0!
0'
#24170000
1!
1'
b10010110100 7
#24180000
0!
0'
#24190000
1!
1'
b10010110101 7
#24200000
0!
0'
#24210000
1!
1'
b10010110110 7
#24220000
0!
0'
#24230000
1!
1'
b10010110111 7
#24240000
0!
0'
#24250000
1!
1'
b10010111000 7
#24260000
0!
0'
#24270000
1!
1'
b10010111001 7
#24280000
0!
0'
#24290000
1!
1'
b10010111010 7
#24300000
0!
0'
#24310000
1!
1'
b10010111011 7
#24320000
0!
0'
#24330000
1!
1'
b10010111100 7
#24340000
0!
0'
#24350000
1!
1'
b10010111101 7
#24360000
0!
0'
#24370000
1!
1'
b10010111110 7
#24380000
0!
0'
#24390000
1!
1'
b10010111111 7
#24400000
0!
0'
#24410000
1!
1'
b10011000000 7
#24420000
0!
0'
#24430000
1!
1'
b10011000001 7
#24440000
0!
0'
#24450000
1!
1'
b10011000010 7
#24460000
0!
0'
#24470000
1!
1'
b10011000011 7
#24480000
0!
0'
#24490000
1!
1'
b10011000100 7
#24500000
0!
0'
#24510000
1!
1'
b10011000101 7
#24520000
0!
0'
#24530000
1!
1'
b10011000110 7
#24540000
0!
0'
#24550000
1!
1'
b10011000111 7
#24560000
0!
0'
#24570000
1!
1'
b10011001000 7
#24580000
0!
0'
#24590000
1!
1'
b10011001001 7
#24600000
0!
0'
#24610000
1!
1'
b10011001010 7
#24620000
0!
0'
#24630000
1!
1'
b10011001011 7
#24640000
0!
0'
#24650000
1!
1'
b10011001100 7
#24660000
0!
0'
#24670000
1!
1'
b10011001101 7
#24680000
0!
0'
#24690000
1!
1'
b10011001110 7
#24700000
0!
0'
#24710000
1!
1'
b10011001111 7
#24720000
0!
0'
#24730000
1!
1'
b10011010000 7
#24740000
0!
0'
#24750000
1!
1'
b10011010001 7
#24760000
0!
0'
#24770000
1!
1'
b10011010010 7
#24780000
0!
0'
#24790000
1!
1'
b10011010011 7
#24800000
0!
0'
#24810000
1!
1'
b10011010100 7
#24820000
0!
0'
#24830000
1!
1'
b10011010101 7
#24840000
0!
0'
#24850000
1!
1'
b10011010110 7
#24860000
0!
0'
#24870000
1!
1'
b10011010111 7
#24880000
0!
0'
#24890000
1!
1'
b10011011000 7
#24900000
0!
0'
#24910000
1!
1'
b10011011001 7
#24920000
0!
0'
#24930000
1!
1'
b10011011010 7
#24940000
0!
0'
#24950000
1!
1'
b10011011011 7
#24960000
0!
0'
#24970000
1!
1'
b10011011100 7
#24980000
0!
0'
#24990000
1!
1'
b10011011101 7
#25000000
0!
0'
#25010000
1!
1'
b10011011110 7
#25020000
0!
0'
#25030000
1!
1'
b10011011111 7
#25040000
0!
0'
#25050000
1!
1'
b10011100000 7
#25060000
0!
0'
#25070000
1!
1'
b10011100001 7
#25080000
0!
0'
#25090000
1!
1'
b10011100010 7
#25100000
0!
0'
#25110000
1!
1'
b10011100011 7
#25120000
0!
0'
#25130000
1!
1'
b10011100100 7
#25140000
0!
0'
#25150000
1!
1'
b10011100101 7
#25160000
0!
0'
#25170000
1!
1'
b10011100110 7
#25180000
0!
0'
#25190000
1!
1'
b10011100111 7
#25200000
0!
0'
#25210000
1!
1'
b10011101000 7
#25220000
0!
0'
#25230000
1!
1'
b10011101001 7
#25240000
0!
0'
#25250000
1!
1'
b10011101010 7
#25260000
0!
0'
#25270000
1!
1'
b10011101011 7
#25280000
0!
0'
#25290000
1!
1'
b10011101100 7
#25300000
0!
0'
#25310000
1!
1'
b10011101101 7
#25320000
0!
0'
#25330000
1!
1'
b10011101110 7
#25340000
0!
0'
#25350000
1!
1'
b10011101111 7
#25360000
0!
0'
#25370000
1!
1'
b10011110000 7
#25380000
0!
0'
#25390000
1!
1'
b10011110001 7
#25400000
0!
0'
#25410000
1!
1'
b10011110010 7
#25420000
0!
0'
#25430000
1!
1'
b10011110011 7
#25440000
0!
0'
#25450000
1!
1'
b10011110100 7
#25460000
0!
0'
#25470000
1!
1'
b10011110101 7
#25480000
0!
0'
#25490000
1!
1'
b10011110110 7
#25500000
0!
0'
#25510000
1!
1'
b10011110111 7
#25520000
0!
0'
#25530000
1!
1'
b10011111000 7
#25540000
0!
0'
#25550000
1!
1'
b10011111001 7
#25560000
0!
0'
#25570000
1!
1'
b10011111010 7
#25580000
0!
0'
#25590000
1!
1'
b10011111011 7
#25600000
0!
0'
#25610000
1!
1'
b10011111100 7
#25620000
0!
0'
#25630000
1!
1'
b10011111101 7
#25640000
0!
0'
#25650000
1!
1'
b10011111110 7
#25660000
0!
0'
#25670000
1!
1'
b10011111111 7
#25680000
0!
0'
#25690000
1!
1'
b10100000000 7
#25700000
0!
0'
#25710000
1!
1'
b10100000001 7
#25720000
0!
0'
#25730000
1!
1'
b10100000010 7
#25740000
0!
0'
#25750000
1!
1'
b10100000011 7
#25760000
0!
0'
#25770000
1!
1'
b10100000100 7
#25780000
0!
0'
#25790000
1!
1'
b10100000101 7
#25800000
0!
0'
#25810000
1!
1'
b10100000110 7
#25820000
0!
0'
#25830000
1!
1'
b10100000111 7
#25840000
0!
0'
#25850000
1!
1'
b10100001000 7
#25860000
0!
0'
#25870000
1!
1'
b10100001001 7
#25880000
0!
0'
#25890000
1!
1'
b10100001010 7
#25900000
0!
0'
#25910000
1!
1'
b10100001011 7
#25920000
0!
0'
#25930000
1!
1'
b10100001100 7
#25940000
0!
0'
#25950000
1!
1'
b10100001101 7
#25960000
0!
0'
#25970000
1!
1'
b10100001110 7
#25980000
0!
0'
#25990000
1!
1'
b10100001111 7
#26000000
0!
0'
#26010000
1!
1'
b10100010000 7
#26020000
0!
0'
#26030000
1!
1'
b10100010001 7
#26040000
0!
0'
#26050000
1!
1'
b10100010010 7
#26060000
0!
0'
#26070000
1!
1'
b10100010011 7
#26080000
0!
0'
#26090000
1!
1'
b10100010100 7
#26100000
0!
0'
#26110000
1!
1'
b10100010101 7
#26120000
0!
0'
#26130000
1!
1'
b10100010110 7
#26140000
0!
0'
#26150000
1!
1'
b10100010111 7
#26160000
0!
0'
#26170000
1!
1'
b10100011000 7
#26180000
0!
0'
#26190000
1!
1'
b10100011001 7
#26200000
0!
0'
#26210000
1!
1'
b10100011010 7
#26220000
0!
0'
#26230000
1!
1'
b10100011011 7
#26240000
0!
0'
#26250000
1!
1'
b10100011100 7
#26260000
0!
0'
#26270000
1!
1'
b10100011101 7
#26280000
0!
0'
#26290000
1!
1'
b10100011110 7
#26300000
0!
0'
#26310000
1!
1'
b10100011111 7
#26320000
0!
0'
#26330000
1!
1'
b10100100000 7
#26340000
0!
0'
#26350000
1!
1'
b10100100001 7
#26360000
0!
0'
#26370000
1!
1'
b10100100010 7
#26380000
0!
0'
#26390000
1!
1'
b10100100011 7
#26400000
0!
0'
#26410000
1!
1'
b10100100100 7
#26420000
0!
0'
#26430000
1!
1'
b10100100101 7
#26440000
0!
0'
#26450000
1!
1'
b10100100110 7
#26460000
0!
0'
#26470000
1!
1'
b10100100111 7
#26480000
0!
0'
#26490000
1!
1'
b10100101000 7
#26500000
0!
0'
#26510000
1!
1'
b10100101001 7
#26520000
0!
0'
#26530000
1!
1'
b10100101010 7
#26540000
0!
0'
#26550000
1!
1'
b10100101011 7
#26560000
0!
0'
#26570000
1!
1'
b10100101100 7
#26580000
0!
0'
#26590000
1!
1'
b10100101101 7
#26600000
0!
0'
#26610000
1!
1'
b10100101110 7
#26620000
0!
0'
#26630000
1!
1'
b10100101111 7
#26640000
0!
0'
#26650000
1!
1'
b10100110000 7
#26660000
0!
0'
#26670000
1!
1'
b10100110001 7
#26680000
0!
0'
#26690000
1!
1'
b10100110010 7
#26700000
0!
0'
#26710000
1!
1'
b10100110011 7
#26720000
0!
0'
#26730000
1!
1'
b10100110100 7
#26740000
0!
0'
#26750000
1!
1'
b10100110101 7
#26760000
0!
0'
#26770000
1!
1'
b10100110110 7
#26780000
0!
0'
#26790000
1!
1'
b10100110111 7
#26800000
0!
0'
#26810000
1!
1'
b10100111000 7
#26820000
0!
0'
#26830000
1!
1'
b10100111001 7
#26840000
0!
0'
#26850000
1!
1'
b10100111010 7
#26860000
0!
0'
#26870000
1!
1'
b10100111011 7
#26880000
0!
0'
#26890000
1!
1'
b10100111100 7
#26900000
0!
0'
#26910000
1!
1'
b10100111101 7
#26920000
0!
0'
#26930000
1!
1'
b10100111110 7
#26940000
0!
0'
#26950000
1!
1'
b10100111111 7
#26960000
0!
0'
#26970000
1!
1'
b10101000000 7
#26980000
0!
0'
#26990000
1!
1'
b10101000001 7
#27000000
0!
0'
#27010000
1!
1'
b10101000010 7
#27020000
0!
0'
#27030000
1!
1'
b10101000011 7
#27040000
0!
0'
#27050000
1!
1'
b10101000100 7
#27060000
0!
0'
#27070000
1!
1'
b10101000101 7
#27080000
0!
0'
#27090000
1!
1'
b10101000110 7
#27100000
0!
0'
#27110000
1!
1'
b10101000111 7
#27120000
0!
0'
#27130000
1!
1'
b10101001000 7
#27140000
0!
0'
#27150000
1!
1'
b10101001001 7
#27160000
0!
0'
#27170000
1!
1'
b10101001010 7
#27180000
0!
0'
#27190000
1!
1'
b10101001011 7
#27200000
0!
0'
#27210000
1!
1'
b10101001100 7
#27220000
0!
0'
#27230000
1!
1'
b10101001101 7
#27240000
0!
0'
#27250000
1!
1'
b10101001110 7
#27260000
0!
0'
#27270000
1!
1'
b10101001111 7
#27280000
0!
0'
#27290000
1!
1'
b10101010000 7
#27300000
0!
0'
#27310000
1!
1'
b10101010001 7
#27320000
0!
0'
#27330000
1!
1'
b10101010010 7
#27340000
0!
0'
#27350000
1!
1'
b10101010011 7
#27360000
0!
0'
#27370000
1!
1'
b10101010100 7
#27380000
0!
0'
#27390000
1!
1'
b10101010101 7
#27400000
0!
0'
#27410000
1!
1'
b10101010110 7
#27420000
0!
0'
#27430000
1!
1'
b10101010111 7
#27440000
0!
0'
#27450000
1!
1'
b10101011000 7
#27460000
0!
0'
#27470000
1!
1'
b10101011001 7
#27480000
0!
0'
#27490000
1!
1'
b10101011010 7
#27500000
0!
0'
#27510000
1!
1'
b10101011011 7
#27520000
0!
0'
#27530000
1!
1'
b10101011100 7
#27540000
0!
0'
#27550000
1!
1'
b10101011101 7
#27560000
0!
0'
#27570000
1!
1'
b10101011110 7
#27580000
0!
0'
#27590000
1!
1'
b10101011111 7
#27600000
0!
0'
#27610000
1!
1'
b10101100000 7
#27620000
0!
0'
#27630000
1!
1'
b10101100001 7
#27640000
0!
0'
#27650000
1!
1'
b10101100010 7
#27660000
0!
0'
#27670000
1!
1'
b10101100011 7
#27680000
0!
0'
#27690000
1!
1'
b10101100100 7
#27700000
0!
0'
#27710000
1!
1'
b10101100101 7
#27720000
0!
0'
#27730000
1!
1'
b10101100110 7
#27740000
0!
0'
#27750000
1!
1'
b10101100111 7
#27760000
0!
0'
#27770000
1!
1'
b10101101000 7
#27780000
0!
0'
#27790000
1!
1'
b10101101001 7
#27800000
0!
0'
#27810000
1!
1'
b10101101010 7
#27820000
0!
0'
#27830000
1!
1'
b10101101011 7
#27840000
0!
0'
#27850000
1!
1'
b10101101100 7
#27860000
0!
0'
#27870000
1!
1'
b10101101101 7
#27880000
0!
0'
#27890000
1!
1'
b10101101110 7
#27900000
0!
0'
#27910000
1!
1'
b10101101111 7
#27920000
0!
0'
#27930000
1!
1'
b10101110000 7
#27940000
0!
0'
#27950000
1!
1'
b10101110001 7
#27960000
0!
0'
#27970000
1!
1'
b10101110010 7
#27980000
0!
0'
#27990000
1!
1'
b10101110011 7
#28000000
0!
0'
#28010000
1!
1'
b10101110100 7
#28020000
0!
0'
#28030000
1!
1'
b10101110101 7
#28040000
0!
0'
#28050000
1!
1'
b10101110110 7
#28060000
0!
0'
#28070000
1!
1'
b10101110111 7
#28080000
0!
0'
#28090000
1!
1'
b10101111000 7
#28100000
0!
0'
#28110000
1!
1'
b10101111001 7
#28120000
0!
0'
#28130000
1!
1'
b10101111010 7
#28140000
0!
0'
#28150000
1!
1'
b10101111011 7
#28160000
0!
0'
#28170000
1!
1'
b10101111100 7
#28180000
0!
0'
#28190000
1!
1'
b10101111101 7
#28200000
0!
0'
#28210000
1!
1'
b10101111110 7
#28220000
0!
0'
#28230000
1!
1'
b10101111111 7
#28240000
0!
0'
#28250000
1!
1'
b10110000000 7
#28260000
0!
0'
#28270000
1!
1'
b10110000001 7
#28280000
0!
0'
#28290000
1!
1'
b10110000010 7
#28300000
0!
0'
#28310000
1!
1'
b10110000011 7
#28320000
0!
0'
#28330000
1!
1'
b10110000100 7
#28340000
0!
0'
#28350000
1!
1'
b10110000101 7
#28360000
0!
0'
#28370000
1!
1'
b10110000110 7
#28380000
0!
0'
#28390000
1!
1'
b10110000111 7
#28400000
0!
0'
#28410000
1!
1'
b10110001000 7
#28420000
0!
0'
#28430000
1!
1'
b10110001001 7
#28440000
0!
0'
#28450000
1!
1'
b10110001010 7
#28460000
0!
0'
#28470000
1!
1'
b10110001011 7
#28480000
0!
0'
#28490000
1!
1'
b10110001100 7
#28500000
0!
0'
#28510000
1!
1'
b10110001101 7
#28520000
0!
0'
#28530000
1!
1'
b10110001110 7
#28540000
0!
0'
#28550000
1!
1'
b10110001111 7
#28560000
0!
0'
#28570000
1!
1'
b10110010000 7
#28580000
0!
0'
#28590000
1!
1'
b10110010001 7
#28600000
0!
0'
#28610000
1!
1'
b10110010010 7
#28620000
0!
0'
#28630000
1!
1'
b10110010011 7
#28640000
0!
0'
#28650000
1!
1'
b10110010100 7
#28660000
0!
0'
#28670000
1!
1'
b10110010101 7
#28680000
0!
0'
#28690000
1!
1'
b10110010110 7
#28700000
0!
0'
#28710000
1!
1'
b10110010111 7
#28720000
0!
0'
#28730000
1!
1'
b10110011000 7
#28740000
0!
0'
#28750000
1!
1'
b10110011001 7
#28760000
0!
0'
#28770000
1!
1'
b10110011010 7
#28780000
0!
0'
#28790000
1!
1'
b10110011011 7
#28800000
0!
0'
#28810000
1!
1'
b10110011100 7
#28820000
0!
0'
#28830000
1!
1'
b10110011101 7
#28840000
0!
0'
#28850000
1!
1'
b10110011110 7
#28860000
0!
0'
#28870000
1!
1'
b10110011111 7
#28880000
0!
0'
#28890000
1!
1'
b10110100000 7
#28900000
0!
0'
#28910000
1!
1'
b10110100001 7
#28920000
0!
0'
#28930000
1!
1'
b10110100010 7
#28940000
0!
0'
#28950000
1!
1'
b10110100011 7
#28960000
0!
0'
#28970000
1!
1'
b10110100100 7
#28980000
0!
0'
#28990000
1!
1'
b10110100101 7
#29000000
0!
0'
#29010000
1!
1'
b10110100110 7
#29020000
0!
0'
#29030000
1!
1'
b10110100111 7
#29040000
0!
0'
#29050000
1!
1'
b10110101000 7
#29060000
0!
0'
#29070000
1!
1'
b10110101001 7
#29080000
0!
0'
#29090000
1!
1'
b10110101010 7
#29100000
0!
0'
#29110000
1!
1'
b10110101011 7
#29120000
0!
0'
#29130000
1!
1'
b10110101100 7
#29140000
0!
0'
#29150000
1!
1'
b10110101101 7
#29160000
0!
0'
#29170000
1!
1'
b10110101110 7
#29180000
0!
0'
#29190000
1!
1'
b10110101111 7
#29200000
0!
0'
#29210000
1!
1'
b10110110000 7
#29220000
0!
0'
#29230000
1!
1'
b10110110001 7
#29240000
0!
0'
#29250000
1!
1'
b10110110010 7
#29260000
0!
0'
#29270000
1!
1'
b10110110011 7
#29280000
0!
0'
#29290000
1!
1'
b10110110100 7
#29300000
0!
0'
#29310000
1!
1'
b10110110101 7
#29320000
0!
0'
#29330000
1!
1'
b10110110110 7
#29340000
0!
0'
#29350000
1!
1'
b10110110111 7
#29360000
0!
0'
#29370000
1!
1'
b10110111000 7
#29380000
0!
0'
#29390000
1!
1'
b10110111001 7
#29400000
0!
0'
#29410000
1!
1'
b10110111010 7
#29420000
0!
0'
#29430000
1!
1'
b10110111011 7
#29440000
0!
0'
#29450000
1!
1'
b10110111100 7
#29460000
0!
0'
#29470000
1!
1'
b10110111101 7
#29480000
0!
0'
#29490000
1!
1'
b10110111110 7
#29500000
0!
0'
#29510000
1!
1'
b10110111111 7
#29520000
0!
0'
#29530000
1!
1'
b10111000000 7
#29540000
0!
0'
#29550000
1!
1'
b10111000001 7
#29560000
0!
0'
#29570000
1!
1'
b10111000010 7
#29580000
0!
0'
#29590000
1!
1'
b10111000011 7
#29600000
0!
0'
#29610000
1!
1'
b10111000100 7
#29620000
0!
0'
#29630000
1!
1'
b10111000101 7
#29640000
0!
0'
#29650000
1!
1'
b10111000110 7
#29660000
0!
0'
#29670000
1!
1'
b10111000111 7
#29680000
0!
0'
#29690000
1!
1'
b10111001000 7
#29700000
0!
0'
#29710000
1!
1'
b10111001001 7
#29720000
0!
0'
#29730000
1!
1'
b10111001010 7
#29740000
0!
0'
#29750000
1!
1'
b10111001011 7
#29760000
0!
0'
#29770000
1!
1'
b10111001100 7
#29780000
0!
0'
#29790000
1!
1'
b10111001101 7
#29800000
0!
0'
#29810000
1!
1'
b10111001110 7
#29820000
0!
0'
#29830000
1!
1'
b10111001111 7
#29840000
0!
0'
#29850000
1!
1'
b10111010000 7
#29860000
0!
0'
#29870000
1!
1'
b10111010001 7
#29880000
0!
0'
#29890000
1!
1'
b10111010010 7
#29900000
0!
0'
#29910000
1!
1'
b10111010011 7
#29920000
0!
0'
#29930000
1!
1'
b10111010100 7
#29940000
0!
0'
#29950000
1!
1'
b10111010101 7
#29960000
0!
0'
#29970000
1!
1'
b10111010110 7
#29980000
0!
0'
#29990000
1!
1'
b10111010111 7
#30000000
0!
0'
#30010000
1!
1'
b10111011000 7
#30020000
0!
0'
#30030000
1!
1'
b10111011001 7
#30040000
0!
0'
#30050000
1!
1'
b10111011010 7
#30060000
0!
0'
#30070000
1!
1'
b10111011011 7
#30080000
0!
0'
#30090000
1!
1'
b10111011100 7
#30100000
0!
0'
#30110000
1!
1'
b10111011101 7
#30120000
0!
0'
#30130000
1!
1'
b10111011110 7
#30140000
0!
0'
#30150000
1!
1'
b10111011111 7
#30160000
0!
0'
#30170000
1!
1'
b10111100000 7
#30180000
0!
0'
#30190000
1!
1'
b10111100001 7
#30200000
0!
0'
#30210000
1!
1'
b10111100010 7
#30220000
0!
0'
#30230000
1!
1'
b10111100011 7
#30240000
0!
0'
#30250000
1!
1'
b10111100100 7
#30260000
0!
0'
#30270000
1!
1'
b10111100101 7
#30280000
0!
0'
#30290000
1!
1'
b10111100110 7
#30300000
0!
0'
#30310000
1!
1'
b10111100111 7
#30320000
0!
0'
#30330000
1!
1'
b10111101000 7
#30340000
0!
0'
#30350000
1!
1'
b10111101001 7
#30360000
0!
0'
#30370000
1!
1'
b10111101010 7
#30380000
0!
0'
#30390000
1!
1'
b10111101011 7
#30400000
0!
0'
#30410000
1!
1'
b10111101100 7
#30420000
0!
0'
#30430000
1!
1'
b10111101101 7
#30440000
0!
0'
#30450000
1!
1'
b10111101110 7
#30460000
0!
0'
#30470000
1!
1'
b10111101111 7
#30480000
0!
0'
#30490000
1!
1'
b10111110000 7
#30500000
0!
0'
#30510000
1!
1'
b10111110001 7
#30520000
0!
0'
#30530000
1!
1'
b10111110010 7
#30540000
0!
0'
#30550000
1!
1'
b10111110011 7
#30560000
0!
0'
#30570000
1!
1'
b10111110100 7
#30580000
0!
0'
#30590000
1!
1'
b10111110101 7
#30600000
0!
0'
#30610000
1!
1'
b10111110110 7
#30620000
0!
0'
#30630000
1!
1'
b10111110111 7
#30640000
0!
0'
#30650000
1!
1'
b10111111000 7
#30660000
0!
0'
#30670000
1!
1'
b10111111001 7
#30680000
0!
0'
#30690000
1!
1'
b10111111010 7
#30700000
0!
0'
#30710000
1!
1'
b10111111011 7
#30720000
0!
0'
#30730000
1!
1'
b10111111100 7
#30740000
0!
0'
#30750000
1!
1'
b10111111101 7
#30760000
0!
0'
#30770000
1!
1'
b10111111110 7
#30780000
0!
0'
#30790000
1!
1'
b10111111111 7
#30800000
0!
0'
#30810000
1!
1'
b11000000000 7
#30820000
0!
0'
#30830000
1!
1'
b11000000001 7
#30840000
0!
0'
#30850000
1!
1'
b11000000010 7
#30860000
0!
0'
#30870000
1!
1'
b11000000011 7
#30880000
0!
0'
#30890000
1!
1'
b11000000100 7
#30900000
0!
0'
#30910000
1!
1'
b11000000101 7
#30920000
0!
0'
#30930000
1!
1'
b11000000110 7
#30940000
0!
0'
#30950000
1!
1'
b11000000111 7
#30960000
0!
0'
#30970000
1!
1'
b11000001000 7
#30980000
0!
0'
#30990000
1!
1'
b11000001001 7
#31000000
0!
0'
#31010000
1!
1'
b11000001010 7
#31020000
0!
0'
#31030000
1!
1'
b11000001011 7
#31040000
0!
0'
#31050000
1!
1'
b11000001100 7
#31060000
0!
0'
#31070000
1!
1'
b11000001101 7
#31080000
0!
0'
#31090000
1!
1'
b11000001110 7
#31100000
0!
0'
#31110000
1!
1'
b11000001111 7
#31120000
0!
0'
#31130000
1!
1'
b11000010000 7
#31140000
0!
0'
#31150000
1!
1'
b11000010001 7
#31160000
0!
0'
#31170000
1!
1'
b11000010010 7
#31180000
0!
0'
#31190000
1!
1'
b11000010011 7
#31200000
0!
0'
#31210000
1!
1'
b11000010100 7
#31220000
0!
0'
#31230000
1!
1'
b11000010101 7
#31240000
0!
0'
#31250000
1!
1'
b11000010110 7
#31260000
0!
0'
#31270000
1!
1'
b11000010111 7
#31280000
0!
0'
#31290000
1!
1'
b11000011000 7
#31300000
0!
0'
#31310000
1!
1'
b11000011001 7
#31320000
0!
0'
#31330000
1!
1'
b11000011010 7
#31340000
0!
0'
#31350000
1!
1'
b11000011011 7
#31360000
0!
0'
#31370000
1!
1'
b11000011100 7
#31380000
0!
0'
#31390000
1!
1'
b11000011101 7
#31400000
0!
0'
#31410000
1!
1'
b11000011110 7
#31420000
0!
0'
#31430000
1!
1'
b11000011111 7
#31440000
0!
0'
#31450000
1!
1'
b11000100000 7
#31460000
0!
0'
#31470000
1!
1'
b11000100001 7
#31480000
0!
0'
#31490000
1!
1'
b11000100010 7
#31500000
0!
0'
#31510000
1!
1'
b11000100011 7
#31520000
0!
0'
#31530000
1!
1'
b11000100100 7
#31540000
0!
0'
#31550000
1!
1'
b11000100101 7
#31560000
0!
0'
#31570000
1!
1'
b11000100110 7
#31580000
0!
0'
#31590000
1!
1'
b11000100111 7
#31600000
0!
0'
#31610000
1!
1'
b11000101000 7
#31620000
0!
0'
#31630000
1!
1'
b11000101001 7
#31640000
0!
0'
#31650000
1!
1'
b11000101010 7
#31660000
0!
0'
#31670000
1!
1'
b11000101011 7
#31680000
0!
0'
#31690000
1!
1'
b11000101100 7
#31700000
0!
0'
#31710000
1!
1'
b11000101101 7
#31720000
0!
0'
#31730000
1!
1'
b11000101110 7
#31740000
0!
0'
#31750000
1!
1'
b11000101111 7
#31760000
0!
0'
#31770000
1!
1'
b11000110000 7
#31780000
0!
0'
#31790000
1!
1'
b11000110001 7
#31800000
0!
0'
#31810000
1!
1'
b11000110010 7
#31820000
0!
0'
#31830000
1!
1'
b11000110011 7
#31840000
0!
0'
#31850000
1!
1'
b11000110100 7
#31860000
0!
0'
#31870000
1!
1'
b11000110101 7
#31880000
0!
0'
#31890000
1!
1'
b11000110110 7
#31900000
0!
0'
#31910000
1!
1'
b11000110111 7
#31920000
0!
0'
#31930000
1!
1'
b11000111000 7
#31940000
0!
0'
#31950000
1!
1'
b11000111001 7
#31960000
0!
0'
#31970000
1!
1'
b11000111010 7
#31980000
0!
0'
#31990000
1!
1'
b11000111011 7
#32000000
0!
0'
#32010000
1!
1'
b11000111100 7
#32020000
0!
0'
#32030000
1!
1'
b11000111101 7
#32040000
0!
0'
#32050000
1!
1'
b11000111110 7
#32060000
0!
0'
#32070000
1!
1'
b11000111111 7
#32080000
0!
0'
#32090000
1!
1'
b11001000000 7
#32100000
0!
0'
#32110000
1!
1'
b11001000001 7
#32120000
0!
0'
#32130000
1!
1'
b11001000010 7
#32140000
0!
0'
#32150000
1!
1'
b11001000011 7
#32160000
0!
0'
#32170000
1!
1'
b11001000100 7
#32180000
0!
0'
#32190000
1!
1'
b11001000101 7
#32200000
0!
0'
#32210000
1!
1'
b11001000110 7
#32220000
0!
0'
#32230000
1!
1'
b11001000111 7
#32240000
0!
0'
#32250000
1!
1'
b11001001000 7
#32260000
0!
0'
#32270000
1!
1'
b11001001001 7
#32280000
0!
0'
#32290000
1!
1'
b11001001010 7
#32300000
0!
0'
#32310000
1!
1'
b11001001011 7
#32320000
0!
0'
#32330000
1!
1'
b11001001100 7
#32340000
0!
0'
#32350000
1!
1'
b11001001101 7
#32360000
0!
0'
#32370000
1!
1'
b11001001110 7
#32380000
0!
0'
#32390000
1!
1'
b11001001111 7
#32400000
0!
0'
#32410000
1!
1'
b11001010000 7
#32420000
0!
0'
#32430000
1!
1'
b11001010001 7
#32440000
0!
0'
#32450000
1!
1'
b11001010010 7
#32460000
0!
0'
#32470000
1!
1'
b11001010011 7
#32480000
0!
0'
#32490000
1!
1'
b11001010100 7
#32500000
0!
0'
#32510000
1!
1'
b11001010101 7
#32520000
0!
0'
#32530000
1!
1'
b11001010110 7
#32540000
0!
0'
#32550000
1!
1'
b11001010111 7
#32560000
0!
0'
#32570000
1!
1'
b11001011000 7
#32580000
0!
0'
#32590000
1!
1'
b11001011001 7
#32600000
0!
0'
#32610000
1!
1'
b11001011010 7
#32620000
0!
0'
#32630000
1!
1'
b11001011011 7
#32640000
0!
0'
#32650000
1!
1'
b11001011100 7
#32660000
0!
0'
#32670000
1!
1'
b11001011101 7
#32680000
0!
0'
#32690000
1!
1'
b11001011110 7
#32700000
0!
0'
#32710000
1!
1'
b11001011111 7
#32720000
0!
0'
#32730000
1!
1'
b11001100000 7
#32740000
0!
0'
#32750000
1!
1'
b11001100001 7
#32760000
0!
0'
#32770000
1!
1'
b11001100010 7
#32780000
0!
0'
#32790000
1!
1'
b11001100011 7
#32800000
0!
0'
#32810000
1!
1'
b11001100100 7
#32820000
0!
0'
#32830000
1!
1'
b11001100101 7
#32840000
0!
0'
#32850000
1!
1'
b11001100110 7
#32860000
0!
0'
#32870000
1!
1'
b11001100111 7
#32880000
0!
0'
#32890000
1!
1'
b11001101000 7
#32900000
0!
0'
#32910000
1!
1'
b11001101001 7
#32920000
0!
0'
#32930000
1!
1'
b11001101010 7
#32940000
0!
0'
#32950000
1!
1'
b11001101011 7
#32960000
0!
0'
#32970000
1!
1'
b11001101100 7
#32980000
0!
0'
#32990000
1!
1'
b11001101101 7
#33000000
0!
0'
#33010000
1!
1'
b11001101110 7
#33020000
0!
0'
#33030000
1!
1'
b11001101111 7
#33040000
0!
0'
#33050000
1!
1'
b11001110000 7
#33060000
0!
0'
#33070000
1!
1'
b11001110001 7
#33080000
0!
0'
#33090000
1!
1'
b11001110010 7
#33100000
0!
0'
#33110000
1!
1'
b11001110011 7
#33120000
0!
0'
#33130000
1!
1'
b11001110100 7
#33140000
0!
0'
#33150000
1!
1'
b11001110101 7
#33160000
0!
0'
#33170000
1!
1'
b11001110110 7
#33180000
0!
0'
#33190000
1!
1'
b11001110111 7
#33200000
0!
0'
#33210000
1!
1'
b11001111000 7
#33220000
0!
0'
#33230000
1!
1'
b11001111001 7
#33240000
0!
0'
#33250000
1!
1'
b11001111010 7
#33260000
0!
0'
#33270000
1!
1'
b11001111011 7
#33280000
0!
0'
#33290000
1!
1'
b11001111100 7
#33300000
0!
0'
#33310000
1!
1'
b11001111101 7
#33320000
0!
0'
#33330000
1!
1'
b11001111110 7
#33340000
0!
0'
#33350000
1!
1'
b11001111111 7
#33360000
0!
0'
#33370000
1!
1'
b11010000000 7
#33380000
0!
0'
#33390000
1!
1'
b11010000001 7
#33400000
0!
0'
#33410000
1!
1'
b11010000010 7
#33420000
0!
0'
#33430000
1!
1'
b11010000011 7
#33440000
0!
0'
#33450000
1!
1'
b11010000100 7
#33460000
0!
0'
#33470000
1!
1'
b11010000101 7
#33480000
0!
0'
#33490000
1!
1'
b11010000110 7
#33500000
0!
0'
#33510000
1!
1'
b11010000111 7
#33520000
0!
0'
#33530000
1!
1'
b11010001000 7
#33540000
0!
0'
#33550000
1!
1'
b11010001001 7
#33560000
0!
0'
#33570000
1!
1'
b11010001010 7
#33580000
0!
0'
#33590000
1!
1'
b11010001011 7
#33600000
0!
0'
#33610000
1!
1'
b11010001100 7
#33620000
0!
0'
#33630000
1!
1'
b11010001101 7
#33640000
0!
0'
#33650000
1!
1'
b11010001110 7
#33660000
0!
0'
#33670000
1!
1'
b11010001111 7
#33680000
0!
0'
#33690000
1!
1'
b11010010000 7
#33700000
0!
0'
#33710000
1!
1'
b11010010001 7
#33720000
0!
0'
#33730000
1!
1'
b11010010010 7
#33740000
0!
0'
#33750000
1!
1'
b11010010011 7
#33760000
0!
0'
#33770000
1!
1'
b11010010100 7
#33780000
0!
0'
#33790000
1!
1'
b11010010101 7
#33800000
0!
0'
#33810000
1!
1'
b11010010110 7
#33820000
0!
0'
#33830000
1!
1'
b11010010111 7
#33840000
0!
0'
#33850000
1!
1'
b11010011000 7
#33860000
0!
0'
#33870000
1!
1'
b11010011001 7
#33880000
0!
0'
#33890000
1!
1'
b11010011010 7
#33900000
0!
0'
#33910000
1!
1'
b11010011011 7
#33920000
0!
0'
#33930000
1!
1'
b11010011100 7
#33940000
0!
0'
#33950000
1!
1'
b11010011101 7
#33960000
0!
0'
#33970000
1!
1'
b11010011110 7
#33980000
0!
0'
#33990000
1!
1'
b11010011111 7
#34000000
0!
0'
#34010000
1!
1'
b11010100000 7
#34020000
0!
0'
#34030000
1!
1'
b11010100001 7
#34040000
0!
0'
#34050000
1!
1'
b11010100010 7
#34060000
0!
0'
#34070000
1!
1'
b11010100011 7
#34080000
0!
0'
#34090000
1!
1'
b11010100100 7
#34100000
0!
0'
#34110000
1!
1'
b11010100101 7
#34120000
0!
0'
#34130000
1!
1'
b11010100110 7
#34140000
0!
0'
#34150000
1!
1'
b11010100111 7
#34160000
0!
0'
#34170000
1!
1'
b11010101000 7
#34180000
0!
0'
#34190000
1!
1'
b11010101001 7
#34200000
0!
0'
#34210000
1!
1'
b11010101010 7
#34220000
0!
0'
#34230000
1!
1'
b11010101011 7
#34240000
0!
0'
#34250000
1!
1'
b11010101100 7
#34260000
0!
0'
#34270000
1!
1'
b11010101101 7
#34280000
0!
0'
#34290000
1!
1'
b11010101110 7
#34300000
0!
0'
#34310000
1!
1'
b11010101111 7
#34320000
0!
0'
#34330000
1!
1'
b11010110000 7
#34340000
0!
0'
#34350000
1!
1'
b11010110001 7
#34360000
0!
0'
#34370000
1!
1'
b11010110010 7
#34380000
0!
0'
#34390000
1!
1'
b11010110011 7
#34400000
0!
0'
#34410000
1!
1'
b11010110100 7
#34420000
0!
0'
#34430000
1!
1'
b11010110101 7
#34440000
0!
0'
#34450000
1!
1'
b11010110110 7
#34460000
0!
0'
#34470000
1!
1'
b11010110111 7
#34480000
0!
0'
#34490000
1!
1'
b11010111000 7
#34500000
0!
0'
#34510000
1!
1'
b11010111001 7
#34520000
0!
0'
#34530000
1!
1'
b11010111010 7
#34540000
0!
0'
#34550000
1!
1'
b11010111011 7
#34560000
0!
0'
#34570000
1!
1'
b11010111100 7
#34580000
0!
0'
#34590000
1!
1'
b11010111101 7
#34600000
0!
0'
#34610000
1!
1'
b11010111110 7
#34620000
0!
0'
#34630000
1!
1'
b11010111111 7
#34640000
0!
0'
#34650000
1!
1'
b11011000000 7
#34660000
0!
0'
#34670000
1!
1'
b11011000001 7
#34680000
0!
0'
#34690000
1!
1'
b11011000010 7
#34700000
0!
0'
#34710000
1!
1'
b11011000011 7
#34720000
0!
0'
#34730000
1!
1'
b11011000100 7
#34740000
0!
0'
#34750000
1!
1'
b11011000101 7
#34760000
0!
0'
#34770000
1!
1'
b11011000110 7
#34780000
0!
0'
#34790000
1!
1'
b11011000111 7
#34800000
0!
0'
#34810000
1!
1'
b11011001000 7
#34820000
0!
0'
#34830000
1!
1'
b11011001001 7
#34840000
0!
0'
#34850000
1!
1'
b11011001010 7
#34860000
0!
0'
#34870000
1!
1'
b11011001011 7
#34880000
0!
0'
#34890000
1!
1'
b11011001100 7
#34900000
0!
0'
#34910000
1!
1'
b11011001101 7
#34920000
0!
0'
#34930000
1!
1'
b11011001110 7
#34940000
0!
0'
#34950000
1!
1'
b11011001111 7
#34960000
0!
0'
#34970000
1!
1'
b11011010000 7
#34980000
0!
0'
#34990000
1!
1'
b11011010001 7
#35000000
0!
0'
#35010000
1!
1'
b11011010010 7
#35020000
0!
0'
#35030000
1!
1'
b11011010011 7
#35040000
0!
0'
#35050000
1!
1'
b11011010100 7
#35060000
0!
0'
#35070000
1!
1'
b11011010101 7
#35080000
0!
0'
#35090000
1!
1'
b11011010110 7
#35100000
0!
0'
#35110000
1!
1'
b11011010111 7
#35120000
0!
0'
#35130000
1!
1'
b11011011000 7
#35140000
0!
0'
#35150000
1!
1'
b11011011001 7
#35160000
0!
0'
#35170000
1!
1'
b11011011010 7
#35180000
0!
0'
#35190000
1!
1'
b11011011011 7
#35200000
0!
0'
#35210000
1!
1'
b11011011100 7
#35220000
0!
0'
#35230000
1!
1'
b11011011101 7
#35240000
0!
0'
#35250000
1!
1'
b11011011110 7
#35260000
0!
0'
#35270000
1!
1'
b11011011111 7
#35280000
0!
0'
#35290000
1!
1'
b11011100000 7
#35300000
0!
0'
#35310000
1!
1'
b11011100001 7
#35320000
0!
0'
#35330000
1!
1'
b11011100010 7
#35340000
0!
0'
#35350000
1!
1'
b11011100011 7
#35360000
0!
0'
#35370000
1!
1'
b11011100100 7
#35380000
0!
0'
#35390000
1!
1'
b11011100101 7
#35400000
0!
0'
#35410000
1!
1'
b11011100110 7
#35420000
0!
0'
#35430000
1!
1'
b11011100111 7
#35440000
0!
0'
#35450000
1!
1'
b11011101000 7
#35460000
0!
0'
#35470000
1!
1'
b11011101001 7
#35480000
0!
0'
#35490000
1!
1'
b11011101010 7
#35500000
0!
0'
#35510000
1!
1'
b11011101011 7
#35520000
0!
0'
#35530000
1!
1'
b11011101100 7
#35540000
0!
0'
#35550000
1!
1'
b11011101101 7
#35560000
0!
0'
#35570000
1!
1'
b11011101110 7
#35580000
0!
0'
#35590000
1!
1'
b11011101111 7
#35600000
0!
0'
#35610000
1!
1'
b11011110000 7
#35620000
0!
0'
#35630000
1!
1'
b11011110001 7
#35640000
0!
0'
#35650000
1!
1'
b11011110010 7
#35660000
0!
0'
#35670000
1!
1'
b11011110011 7
#35680000
0!
0'
#35690000
1!
1'
b11011110100 7
#35700000
0!
0'
#35710000
1!
1'
b11011110101 7
#35720000
0!
0'
#35730000
1!
1'
b11011110110 7
#35740000
0!
0'
#35750000
1!
1'
b11011110111 7
#35760000
0!
0'
#35770000
1!
1'
b11011111000 7
#35780000
0!
0'
#35790000
1!
1'
b11011111001 7
#35800000
0!
0'
#35810000
1!
1'
b11011111010 7
#35820000
0!
0'
#35830000
1!
1'
b11011111011 7
#35840000
0!
0'
#35850000
1!
1'
b11011111100 7
#35860000
0!
0'
#35870000
1!
1'
b11011111101 7
#35880000
0!
0'
#35890000
1!
1'
b11011111110 7
#35900000
0!
0'
#35910000
1!
1'
b11011111111 7
#35920000
0!
0'
#35930000
1!
1'
b11100000000 7
#35940000
0!
0'
#35950000
1!
1'
b11100000001 7
#35960000
0!
0'
#35970000
1!
1'
b11100000010 7
#35980000
0!
0'
#35990000
1!
1'
b11100000011 7
#36000000
0!
0'
#36010000
1!
1'
b11100000100 7
#36020000
0!
0'
#36030000
1!
1'
b11100000101 7
#36040000
0!
0'
#36050000
1!
1'
b11100000110 7
#36060000
0!
0'
#36070000
1!
1'
b11100000111 7
#36080000
0!
0'
#36090000
1!
1'
b11100001000 7
#36100000
0!
0'
#36110000
1!
1'
b11100001001 7
#36120000
0!
0'
#36130000
1!
1'
b11100001010 7
#36140000
0!
0'
#36150000
1!
1'
b11100001011 7
#36160000
0!
0'
#36170000
1!
1'
b11100001100 7
#36180000
0!
0'
#36190000
1!
1'
b11100001101 7
#36200000
0!
0'
#36210000
1!
1'
b11100001110 7
#36220000
0!
0'
#36230000
1!
1'
b11100001111 7
#36240000
0!
0'
#36250000
1!
1'
b11100010000 7
#36260000
0!
0'
#36270000
1!
1'
b11100010001 7
#36280000
0!
0'
#36290000
1!
1'
b11100010010 7
#36300000
0!
0'
#36310000
1!
1'
b11100010011 7
#36320000
0!
0'
#36330000
1!
1'
b11100010100 7
#36340000
0!
0'
#36350000
1!
1'
b11100010101 7
#36360000
0!
0'
#36370000
1!
1'
b11100010110 7
#36380000
0!
0'
#36390000
1!
1'
b11100010111 7
#36400000
0!
0'
#36410000
1!
1'
b11100011000 7
#36420000
0!
0'
#36430000
1!
1'
b11100011001 7
#36440000
0!
0'
#36450000
1!
1'
b11100011010 7
#36460000
0!
0'
#36470000
1!
1'
b11100011011 7
#36480000
0!
0'
#36490000
1!
1'
b11100011100 7
#36500000
0!
0'
#36510000
1!
1'
b11100011101 7
#36520000
0!
0'
#36530000
1!
1'
b11100011110 7
#36540000
0!
0'
#36550000
1!
1'
b11100011111 7
#36560000
0!
0'
#36570000
1!
1'
b11100100000 7
#36580000
0!
0'
#36590000
1!
1'
b11100100001 7
#36600000
0!
0'
#36610000
1!
1'
b11100100010 7
#36620000
0!
0'
#36630000
1!
1'
b11100100011 7
#36640000
0!
0'
#36650000
1!
1'
b11100100100 7
#36660000
0!
0'
#36670000
1!
1'
b11100100101 7
#36680000
0!
0'
#36690000
1!
1'
b11100100110 7
#36700000
0!
0'
#36710000
1!
1'
b11100100111 7
#36720000
0!
0'
#36730000
1!
1'
b11100101000 7
#36740000
0!
0'
#36750000
1!
1'
b11100101001 7
#36760000
0!
0'
#36770000
1!
1'
b11100101010 7
#36780000
0!
0'
#36790000
1!
1'
b11100101011 7
#36800000
0!
0'
#36810000
1!
1'
b11100101100 7
#36820000
0!
0'
#36830000
1!
1'
b11100101101 7
#36840000
0!
0'
#36850000
1!
1'
b11100101110 7
#36860000
0!
0'
#36870000
1!
1'
b11100101111 7
#36880000
0!
0'
#36890000
1!
1'
b11100110000 7
#36900000
0!
0'
#36910000
1!
1'
b11100110001 7
#36920000
0!
0'
#36930000
1!
1'
b11100110010 7
#36940000
0!
0'
#36950000
1!
1'
b11100110011 7
#36960000
0!
0'
#36970000
1!
1'
b11100110100 7
#36980000
0!
0'
#36990000
1!
1'
b11100110101 7
#37000000
0!
0'
#37010000
1!
1'
b11100110110 7
#37020000
0!
0'
#37030000
1!
1'
b11100110111 7
#37040000
0!
0'
#37050000
1!
1'
b11100111000 7
#37060000
0!
0'
#37070000
1!
1'
b11100111001 7
#37080000
0!
0'
#37090000
1!
1'
b11100111010 7
#37100000
0!
0'
#37110000
1!
1'
b11100111011 7
#37120000
0!
0'
#37130000
1!
1'
b11100111100 7
#37140000
0!
0'
#37150000
1!
1'
b11100111101 7
#37160000
0!
0'
#37170000
1!
1'
b11100111110 7
#37180000
0!
0'
#37190000
1!
1'
b11100111111 7
#37200000
0!
0'
#37210000
1!
1'
b11101000000 7
#37220000
0!
0'
#37230000
1!
1'
b11101000001 7
#37240000
0!
0'
#37250000
1!
1'
b11101000010 7
#37260000
0!
0'
#37270000
1!
1'
b11101000011 7
#37280000
0!
0'
#37290000
1!
1'
b11101000100 7
#37300000
0!
0'
#37310000
1!
1'
b11101000101 7
#37320000
0!
0'
#37330000
1!
1'
b11101000110 7
#37340000
0!
0'
#37350000
1!
1'
b11101000111 7
#37360000
0!
0'
#37370000
1!
1'
b11101001000 7
#37380000
0!
0'
#37390000
1!
1'
b11101001001 7
#37400000
0!
0'
#37410000
1!
1'
b11101001010 7
#37420000
0!
0'
#37430000
1!
1'
b11101001011 7
#37440000
0!
0'
#37450000
1!
1'
b11101001100 7
#37460000
0!
0'
#37470000
1!
1'
b11101001101 7
#37480000
0!
0'
#37490000
1!
1'
b11101001110 7
#37500000
0!
0'
#37510000
1!
1'
b11101001111 7
#37520000
0!
0'
#37530000
1!
1'
b11101010000 7
#37540000
0!
0'
#37550000
1!
1'
b11101010001 7
#37560000
0!
0'
#37570000
1!
1'
b11101010010 7
#37580000
0!
0'
#37590000
1!
1'
b11101010011 7
#37600000
0!
0'
#37610000
1!
1'
b11101010100 7
#37620000
0!
0'
#37630000
1!
1'
b11101010101 7
#37640000
0!
0'
#37650000
1!
1'
b11101010110 7
#37660000
0!
0'
#37670000
1!
1'
b11101010111 7
#37680000
0!
0'
#37690000
1!
1'
b11101011000 7
#37700000
0!
0'
#37710000
1!
1'
b11101011001 7
#37720000
0!
0'
#37730000
1!
1'
b11101011010 7
#37740000
0!
0'
#37750000
1!
1'
b11101011011 7
#37760000
0!
0'
#37770000
1!
1'
b11101011100 7
#37780000
0!
0'
#37790000
1!
1'
b11101011101 7
#37800000
0!
0'
#37810000
1!
1'
b11101011110 7
#37820000
0!
0'
#37830000
1!
1'
b11101011111 7
#37840000
0!
0'
#37850000
1!
1'
b11101100000 7
#37860000
0!
0'
#37870000
1!
1'
b11101100001 7
#37880000
0!
0'
#37890000
1!
1'
b11101100010 7
#37900000
0!
0'
#37910000
1!
1'
b11101100011 7
#37920000
0!
0'
#37930000
1!
1'
b11101100100 7
#37940000
0!
0'
#37950000
1!
1'
b11101100101 7
#37960000
0!
0'
#37970000
1!
1'
b11101100110 7
#37980000
0!
0'
#37990000
1!
1'
b11101100111 7
#38000000
0!
0'
#38010000
1!
1'
b11101101000 7
#38020000
0!
0'
#38030000
1!
1'
b11101101001 7
#38040000
0!
0'
#38050000
1!
1'
b11101101010 7
#38060000
0!
0'
#38070000
1!
1'
b11101101011 7
#38080000
0!
0'
#38090000
1!
1'
b11101101100 7
#38100000
0!
0'
#38110000
1!
1'
b11101101101 7
#38120000
0!
0'
#38130000
1!
1'
b11101101110 7
#38140000
0!
0'
#38150000
1!
1'
b11101101111 7
#38160000
0!
0'
#38170000
1!
1'
b11101110000 7
#38180000
0!
0'
#38190000
1!
1'
b11101110001 7
#38200000
0!
0'
#38210000
1!
1'
b11101110010 7
#38220000
0!
0'
#38230000
1!
1'
b11101110011 7
#38240000
0!
0'
#38250000
1!
1'
b11101110100 7
#38260000
0!
0'
#38270000
1!
1'
b11101110101 7
#38280000
0!
0'
#38290000
1!
1'
b11101110110 7
#38300000
0!
0'
#38310000
1!
1'
b11101110111 7
#38320000
0!
0'
#38330000
1!
1'
b11101111000 7
#38340000
0!
0'
#38350000
1!
1'
b11101111001 7
#38360000
0!
0'
#38370000
1!
1'
b11101111010 7
#38380000
0!
0'
#38390000
1!
1'
b11101111011 7
#38400000
0!
0'
#38410000
1!
1'
b11101111100 7
#38420000
0!
0'
#38430000
1!
1'
b11101111101 7
#38440000
0!
0'
#38450000
1!
1'
b11101111110 7
#38460000
0!
0'
#38470000
1!
1'
b11101111111 7
#38480000
0!
0'
#38490000
1!
1'
b11110000000 7
#38500000
0!
0'
#38510000
1!
1'
b11110000001 7
#38520000
0!
0'
#38530000
1!
1'
b11110000010 7
#38540000
0!
0'
#38550000
1!
1'
b11110000011 7
#38560000
0!
0'
#38570000
1!
1'
b11110000100 7
#38580000
0!
0'
#38590000
1!
1'
b11110000101 7
#38600000
0!
0'
#38610000
1!
1'
b11110000110 7
#38620000
0!
0'
#38630000
1!
1'
b11110000111 7
#38640000
0!
0'
#38650000
1!
1'
b11110001000 7
#38660000
0!
0'
#38670000
1!
1'
b11110001001 7
#38680000
0!
0'
#38690000
1!
1'
b11110001010 7
#38700000
0!
0'
#38710000
1!
1'
b11110001011 7
#38720000
0!
0'
#38730000
1!
1'
b11110001100 7
#38740000
0!
0'
#38750000
1!
1'
b11110001101 7
#38760000
0!
0'
#38770000
1!
1'
b11110001110 7
#38780000
0!
0'
#38790000
1!
1'
b11110001111 7
#38800000
0!
0'
#38810000
1!
1'
b11110010000 7
#38820000
0!
0'
#38830000
1!
1'
b11110010001 7
#38840000
0!
0'
#38850000
1!
1'
b11110010010 7
#38860000
0!
0'
#38870000
1!
1'
b11110010011 7
#38880000
0!
0'
#38890000
1!
1'
b11110010100 7
#38900000
0!
0'
#38910000
1!
1'
b11110010101 7
#38920000
0!
0'
#38930000
1!
1'
b11110010110 7
#38940000
0!
0'
#38950000
1!
1'
b11110010111 7
#38960000
0!
0'
#38970000
1!
1'
b11110011000 7
#38980000
0!
0'
#38990000
1!
1'
b11110011001 7
#39000000
0!
0'
#39010000
1!
1'
b11110011010 7
#39020000
0!
0'
#39030000
1!
1'
b11110011011 7
#39040000
0!
0'
#39050000
1!
1'
b11110011100 7
#39060000
0!
0'
#39070000
1!
1'
b11110011101 7
#39080000
0!
0'
#39090000
1!
1'
b11110011110 7
#39100000
0!
0'
#39110000
1!
1'
b11110011111 7
#39120000
0!
0'
#39130000
1!
1'
b11110100000 7
#39140000
0!
0'
#39150000
1!
1'
b11110100001 7
#39160000
0!
0'
#39170000
1!
1'
b11110100010 7
#39180000
0!
0'
#39190000
1!
1'
b11110100011 7
#39200000
0!
0'
#39210000
1!
1'
b11110100100 7
#39220000
0!
0'
#39230000
1!
1'
b11110100101 7
#39240000
0!
0'
#39250000
1!
1'
b11110100110 7
#39260000
0!
0'
#39270000
1!
1'
b11110100111 7
#39280000
0!
0'
#39290000
1!
1'
b11110101000 7
#39300000
0!
0'
#39310000
1!
1'
b11110101001 7
#39320000
0!
0'
#39330000
1!
1'
b11110101010 7
#39340000
0!
0'
#39350000
1!
1'
b11110101011 7
#39360000
0!
0'
#39370000
1!
1'
b11110101100 7
#39380000
0!
0'
#39390000
1!
1'
b11110101101 7
#39400000
0!
0'
#39410000
1!
1'
b11110101110 7
#39420000
0!
0'
#39430000
1!
1'
b11110101111 7
#39440000
0!
0'
#39450000
1!
1'
b11110110000 7
#39460000
0!
0'
#39470000
1!
1'
b11110110001 7
#39480000
0!
0'
#39490000
1!
1'
b11110110010 7
#39500000
0!
0'
#39510000
1!
1'
b11110110011 7
#39520000
0!
0'
#39530000
1!
1'
b11110110100 7
#39540000
0!
0'
#39550000
1!
1'
b11110110101 7
#39560000
0!
0'
#39570000
1!
1'
b11110110110 7
#39580000
0!
0'
#39590000
1!
1'
b11110110111 7
#39600000
0!
0'
#39610000
1!
1'
b11110111000 7
#39620000
0!
0'
#39630000
1!
1'
b11110111001 7
#39640000
0!
0'
#39650000
1!
1'
b11110111010 7
#39660000
0!
0'
#39670000
1!
1'
b11110111011 7
#39680000
0!
0'
#39690000
1!
1'
b11110111100 7
#39700000
0!
0'
#39710000
1!
1'
b11110111101 7
#39720000
0!
0'
#39730000
1!
1'
b11110111110 7
#39740000
0!
0'
#39750000
1!
1'
b11110111111 7
#39760000
0!
0'
#39770000
1!
1'
b11111000000 7
#39780000
0!
0'
#39790000
1!
1'
b11111000001 7
#39800000
0!
0'
#39810000
1!
1'
b11111000010 7
#39820000
0!
0'
#39830000
1!
1'
b11111000011 7
#39840000
0!
0'
#39850000
1!
1'
b11111000100 7
#39860000
0!
0'
#39870000
1!
1'
b11111000101 7
#39880000
0!
0'
#39890000
1!
1'
b11111000110 7
#39900000
0!
0'
#39910000
1!
1'
b11111000111 7
#39920000
0!
0'
#39930000
1!
1'
b11111001000 7
#39940000
0!
0'
#39950000
1!
1'
b11111001001 7
#39960000
0!
0'
#39970000
1!
1'
b11111001010 7
#39980000
0!
0'
#39990000
1!
1'
b11111001011 7
#40000000
0!
0'
#40010000
1!
1'
b11111001100 7
#40020000
0!
0'
#40030000
1!
1'
b11111001101 7
#40040000
0!
0'
#40050000
1!
1'
b11111001110 7
#40060000
0!
0'
#40070000
1!
1'
b11111001111 7
#40080000
0!
0'
#40090000
1!
1'
b11111010000 7
#40100000
0!
0'
#40110000
1!
1'
b11111010001 7
#40120000
0!
0'
#40130000
1!
1'
b11111010010 7
#40140000
0!
0'
#40150000
1!
1'
b11111010011 7
#40160000
0!
0'
#40170000
1!
1'
b11111010100 7
#40180000
0!
0'
#40190000
1!
1'
b11111010101 7
#40200000
0!
0'
#40210000
1!
1'
b11111010110 7
#40220000
0!
0'
#40230000
1!
1'
b11111010111 7
#40240000
0!
0'
#40250000
1!
1'
b11111011000 7
#40260000
0!
0'
#40270000
1!
1'
b11111011001 7
#40280000
0!
0'
#40290000
1!
1'
b11111011010 7
#40300000
0!
0'
#40310000
1!
1'
b11111011011 7
#40320000
0!
0'
#40330000
1!
1'
b11111011100 7
#40340000
0!
0'
#40350000
1!
1'
b11111011101 7
#40360000
0!
0'
#40370000
1!
1'
b11111011110 7
#40380000
0!
0'
#40390000
1!
1'
b11111011111 7
#40400000
0!
0'
#40410000
1!
1'
b11111100000 7
#40420000
0!
0'
#40430000
1!
1'
b11111100001 7
#40440000
0!
0'
#40450000
1!
1'
b11111100010 7
#40460000
0!
0'
#40470000
1!
1'
b11111100011 7
#40480000
0!
0'
#40490000
1!
1'
b11111100100 7
#40500000
0!
0'
#40510000
1!
1'
b11111100101 7
#40520000
0!
0'
#40530000
1!
1'
b11111100110 7
#40540000
0!
0'
#40550000
1!
1'
b11111100111 7
#40560000
0!
0'
#40570000
1!
1'
b11111101000 7
#40580000
0!
0'
#40590000
1!
1'
b11111101001 7
#40600000
0!
0'
#40610000
1!
1'
b11111101010 7
#40620000
0!
0'
#40630000
1!
1'
b11111101011 7
#40640000
0!
0'
#40650000
1!
1'
b11111101100 7
#40660000
0!
0'
#40670000
1!
1'
b11111101101 7
#40680000
0!
0'
#40690000
1!
1'
b11111101110 7
#40700000
0!
0'
#40710000
1!
1'
b11111101111 7
#40720000
0!
0'
#40730000
1!
1'
b11111110000 7
#40740000
0!
0'
#40750000
1!
1'
b11111110001 7
#40760000
0!
0'
#40770000
1!
1'
b11111110010 7
#40780000
0!
0'
#40790000
1!
1'
b11111110011 7
#40800000
0!
0'
#40810000
1!
1'
b11111110100 7
#40820000
0!
0'
#40830000
1!
1'
b11111110101 7
#40840000
0!
0'
#40850000
1!
1'
b11111110110 7
#40860000
0!
0'
#40870000
1!
1'
b11111110111 7
#40880000
0!
0'
#40890000
1!
1'
b11111111000 7
#40900000
0!
0'
#40910000
1!
1'
b11111111001 7
#40920000
0!
0'
#40930000
1!
1'
b11111111010 7
#40940000
0!
0'
#40950000
1!
1'
b11111111011 7
#40960000
0!
0'
#40970000
1!
1'
b11111111100 7
#40980000
0!
0'
#40990000
1!
1'
b11111111101 7
#41000000
0!
0'
#41010000
1!
1'
b11111111110 7
#41020000
0!
0'
#41030000
1!
1'
b11111111111 7
#41040000
0!
0'
#41050000
1!
1'
b100000000000 7
#41060000
0!
0'
#41070000
1!
1'
b100000000001 7
#41080000
0!
0'
#41090000
1!
1'
b100000000010 7
#41100000
0!
0'
#41110000
1!
1'
b100000000011 7
#41120000
0!
0'
#41130000
1!
1'
b100000000100 7
#41140000
0!
0'
#41150000
1!
1'
b100000000101 7
#41160000
0!
0'
#41170000
1!
1'
b100000000110 7
#41180000
0!
0'
#41190000
1!
1'
b100000000111 7
#41200000
0!
0'
#41210000
1!
1'
b100000001000 7
#41220000
0!
0'
#41230000
1!
1'
b100000001001 7
#41240000
0!
0'
#41250000
1!
1'
b100000001010 7
#41260000
0!
0'
#41270000
1!
1'
b100000001011 7
#41280000
0!
0'
#41290000
1!
1'
b100000001100 7
#41300000
0!
0'
#41310000
1!
1'
b100000001101 7
#41320000
0!
0'
#41330000
1!
1'
b100000001110 7
#41340000
0!
0'
#41350000
1!
1'
b100000001111 7
#41360000
0!
0'
#41370000
1!
1'
b100000010000 7
#41380000
0!
0'
#41390000
1!
1'
b100000010001 7
#41400000
0!
0'
#41410000
1!
1'
b100000010010 7
#41420000
0!
0'
#41430000
1!
1'
b100000010011 7
#41440000
0!
0'
#41450000
1!
1'
b100000010100 7
#41460000
0!
0'
#41470000
1!
1'
b100000010101 7
#41480000
0!
0'
#41490000
1!
1'
b100000010110 7
#41500000
0!
0'
#41510000
1!
1'
b100000010111 7
#41520000
0!
0'
#41530000
1!
1'
b100000011000 7
#41540000
0!
0'
#41550000
1!
1'
b100000011001 7
#41560000
0!
0'
#41570000
1!
1'
b100000011010 7
#41580000
0!
0'
#41590000
1!
1'
b100000011011 7
#41600000
0!
0'
#41610000
1!
1'
b100000011100 7
#41620000
0!
0'
#41630000
1!
1'
b100000011101 7
#41640000
0!
0'
#41650000
1!
1'
b100000011110 7
#41660000
0!
0'
#41670000
1!
1'
b100000011111 7
#41680000
0!
0'
#41690000
1!
1'
b100000100000 7
#41700000
0!
0'
#41710000
1!
1'
b100000100001 7
#41720000
0!
0'
#41730000
1!
1'
b100000100010 7
#41740000
0!
0'
#41750000
1!
1'
b100000100011 7
#41760000
0!
0'
#41770000
1!
1'
b100000100100 7
#41780000
0!
0'
#41790000
1!
1'
b100000100101 7
#41800000
0!
0'
#41810000
1!
1'
b100000100110 7
#41820000
0!
0'
#41830000
1!
1'
b100000100111 7
#41840000
0!
0'
#41850000
1!
1'
b100000101000 7
#41860000
0!
0'
#41870000
1!
1'
b100000101001 7
#41880000
0!
0'
#41890000
1!
1'
b100000101010 7
#41900000
0!
0'
#41910000
1!
1'
b100000101011 7
#41920000
0!
0'
#41930000
1!
1'
b100000101100 7
#41940000
0!
0'
#41950000
1!
1'
b100000101101 7
#41960000
0!
0'
#41970000
1!
1'
b100000101110 7
#41980000
0!
0'
#41990000
1!
1'
b100000101111 7
#42000000
0!
0'
#42010000
1!
1'
b100000110000 7
#42020000
0!
0'
#42030000
1!
1'
b100000110001 7
#42040000
0!
0'
#42050000
1!
1'
b100000110010 7
#42060000
0!
0'
#42070000
1!
1'
b100000110011 7
#42080000
0!
0'
#42090000
1!
1'
b100000110100 7
#42100000
0!
0'
#42110000
1!
1'
b100000110101 7
#42120000
0!
0'
#42130000
1!
1'
b100000110110 7
#42140000
0!
0'
#42150000
1!
1'
b100000110111 7
#42160000
0!
0'
#42170000
1!
1'
b100000111000 7
#42180000
0!
0'
#42190000
1!
1'
b100000111001 7
#42200000
0!
0'
#42210000
1!
1'
b100000111010 7
#42220000
0!
0'
#42230000
1!
1'
b100000111011 7
#42240000
0!
0'
#42250000
1!
1'
b100000111100 7
#42260000
0!
0'
#42270000
1!
1'
b100000111101 7
#42280000
0!
0'
#42290000
1!
1'
b100000111110 7
#42300000
0!
0'
#42310000
1!
1'
b100000111111 7
#42320000
0!
0'
#42330000
1!
1'
b100001000000 7
#42340000
0!
0'
#42350000
1!
1'
b100001000001 7
#42360000
0!
0'
#42370000
1!
1'
b100001000010 7
#42380000
0!
0'
#42390000
1!
1'
b100001000011 7
#42400000
0!
0'
#42410000
1!
1'
b100001000100 7
#42420000
0!
0'
#42430000
1!
1'
b100001000101 7
#42440000
0!
0'
#42450000
1!
1'
b100001000110 7
#42460000
0!
0'
#42470000
1!
1'
b100001000111 7
#42480000
0!
0'
#42490000
1!
1'
b100001001000 7
#42500000
0!
0'
#42510000
1!
1'
b100001001001 7
#42520000
0!
0'
#42530000
1!
1'
b100001001010 7
#42540000
0!
0'
#42550000
1!
1'
b100001001011 7
#42560000
0!
0'
#42570000
1!
1'
b100001001100 7
#42580000
0!
0'
#42590000
1!
1'
b100001001101 7
#42600000
0!
0'
#42610000
1!
1'
b100001001110 7
#42620000
0!
0'
#42630000
1!
1'
b100001001111 7
#42640000
0!
0'
#42650000
1!
1'
b100001010000 7
#42660000
0!
0'
#42670000
1!
1'
b100001010001 7
#42680000
0!
0'
#42690000
1!
1'
b100001010010 7
#42700000
0!
0'
#42710000
1!
1'
b100001010011 7
#42720000
0!
0'
#42730000
1!
1'
b100001010100 7
#42740000
0!
0'
#42750000
1!
1'
b100001010101 7
#42760000
0!
0'
#42770000
1!
1'
b100001010110 7
#42780000
0!
0'
#42790000
1!
1'
b100001010111 7
#42800000
0!
0'
#42810000
1!
1'
b100001011000 7
#42820000
0!
0'
#42830000
1!
1'
b100001011001 7
#42840000
0!
0'
#42850000
1!
1'
b100001011010 7
#42860000
0!
0'
#42870000
1!
1'
b100001011011 7
#42880000
0!
0'
#42890000
1!
1'
b100001011100 7
#42900000
0!
0'
#42910000
1!
1'
b100001011101 7
#42920000
0!
0'
#42930000
1!
1'
b100001011110 7
#42940000
0!
0'
#42950000
1!
1'
b100001011111 7
#42960000
0!
0'
#42970000
1!
1'
b100001100000 7
#42980000
0!
0'
#42990000
1!
1'
b100001100001 7
#43000000
0!
0'
#43010000
1!
1'
b100001100010 7
#43020000
0!
0'
#43030000
1!
1'
b100001100011 7
#43040000
0!
0'
#43050000
1!
1'
b100001100100 7
#43060000
0!
0'
#43070000
1!
1'
b100001100101 7
#43080000
0!
0'
#43090000
1!
1'
b100001100110 7
#43100000
0!
0'
#43110000
1!
1'
b100001100111 7
#43120000
0!
0'
#43130000
1!
1'
b100001101000 7
#43140000
0!
0'
#43150000
1!
1'
b100001101001 7
#43160000
0!
0'
#43170000
1!
1'
b100001101010 7
#43180000
0!
0'
#43190000
1!
1'
b100001101011 7
#43200000
0!
0'
#43210000
1!
1'
b100001101100 7
#43220000
0!
0'
#43230000
1!
1'
b100001101101 7
#43240000
0!
0'
#43250000
1!
1'
b100001101110 7
#43260000
0!
0'
#43270000
1!
1'
b100001101111 7
#43280000
0!
0'
#43290000
1!
1'
b100001110000 7
#43300000
0!
0'
#43310000
1!
1'
b100001110001 7
#43320000
0!
0'
#43330000
1!
1'
b100001110010 7
#43340000
0!
0'
#43350000
1!
1'
b100001110011 7
#43360000
0!
0'
#43370000
1!
1'
b100001110100 7
#43380000
0!
0'
#43390000
1!
1'
b100001110101 7
#43400000
0!
0'
#43410000
1!
1'
b100001110110 7
#43420000
0!
0'
#43430000
1!
1'
b100001110111 7
#43440000
0!
0'
#43450000
1!
1'
b100001111000 7
#43460000
0!
0'
#43470000
1!
1'
b100001111001 7
#43480000
0!
0'
#43490000
1!
1'
b100001111010 7
#43500000
0!
0'
#43510000
1!
1'
b100001111011 7
#43520000
0!
0'
#43530000
1!
1'
b100001111100 7
#43540000
0!
0'
#43550000
1!
1'
b100001111101 7
#43560000
0!
0'
#43570000
1!
1'
b100001111110 7
#43580000
0!
0'
#43590000
1!
1'
b100001111111 7
#43600000
0!
0'
#43610000
1!
1'
b100010000000 7
#43620000
0!
0'
#43630000
1!
1'
b100010000001 7
#43640000
0!
0'
#43650000
1!
1'
b100010000010 7
#43660000
0!
0'
#43670000
1!
1'
b100010000011 7
#43680000
0!
0'
#43690000
1!
1'
b100010000100 7
#43700000
0!
0'
#43710000
1!
1'
b100010000101 7
#43720000
0!
0'
#43730000
1!
1'
b100010000110 7
#43740000
0!
0'
#43750000
1!
1'
b100010000111 7
#43760000
0!
0'
#43770000
1!
1'
b100010001000 7
#43780000
0!
0'
#43790000
1!
1'
b100010001001 7
#43800000
0!
0'
#43810000
1!
1'
b100010001010 7
#43820000
0!
0'
#43830000
1!
1'
b100010001011 7
#43840000
0!
0'
#43850000
1!
1'
b100010001100 7
#43860000
0!
0'
#43870000
1!
1'
b100010001101 7
#43880000
0!
0'
#43890000
1!
1'
b100010001110 7
#43900000
0!
0'
#43910000
1!
1'
b100010001111 7
#43920000
0!
0'
#43930000
1!
1'
b100010010000 7
#43940000
0!
0'
#43950000
1!
1'
b100010010001 7
#43960000
0!
0'
#43970000
1!
1'
b100010010010 7
#43980000
0!
0'
#43990000
1!
1'
b100010010011 7
#44000000
0!
0'
#44010000
1!
1'
b100010010100 7
#44020000
0!
0'
#44030000
1!
1'
b100010010101 7
#44040000
0!
0'
#44050000
1!
1'
b100010010110 7
#44060000
0!
0'
#44070000
1!
1'
b100010010111 7
#44080000
0!
0'
#44090000
1!
1'
b100010011000 7
#44100000
0!
0'
#44110000
1!
1'
b100010011001 7
#44120000
0!
0'
#44130000
1!
1'
b100010011010 7
#44140000
0!
0'
#44150000
1!
1'
b100010011011 7
#44160000
0!
0'
#44170000
1!
1'
b100010011100 7
#44180000
0!
0'
#44190000
1!
1'
b100010011101 7
#44200000
0!
0'
#44210000
1!
1'
b100010011110 7
#44220000
0!
0'
#44230000
1!
1'
b100010011111 7
#44240000
0!
0'
#44250000
1!
1'
b100010100000 7
#44260000
0!
0'
#44270000
1!
1'
b100010100001 7
#44280000
0!
0'
#44290000
1!
1'
b100010100010 7
#44300000
0!
0'
#44310000
1!
1'
b100010100011 7
#44320000
0!
0'
#44330000
1!
1'
b100010100100 7
#44340000
0!
0'
#44350000
1!
1'
b100010100101 7
#44360000
0!
0'
#44370000
1!
1'
b100010100110 7
#44380000
0!
0'
#44390000
1!
1'
b100010100111 7
#44400000
0!
0'
#44410000
1!
1'
b100010101000 7
#44420000
0!
0'
#44430000
1!
1'
b100010101001 7
#44440000
0!
0'
#44450000
1!
1'
b100010101010 7
#44460000
0!
0'
#44470000
1!
1'
b100010101011 7
#44480000
0!
0'
#44490000
1!
1'
b100010101100 7
#44500000
0!
0'
#44510000
1!
1'
b100010101101 7
#44520000
0!
0'
#44530000
1!
1'
b100010101110 7
#44540000
0!
0'
#44550000
1!
1'
b100010101111 7
#44560000
0!
0'
#44570000
1!
1'
b100010110000 7
#44580000
0!
0'
#44590000
1!
1'
b100010110001 7
#44600000
0!
0'
#44610000
1!
1'
b100010110010 7
#44620000
0!
0'
#44630000
1!
1'
b100010110011 7
#44640000
0!
0'
#44650000
1!
1'
b100010110100 7
#44660000
0!
0'
#44670000
1!
1'
b100010110101 7
#44680000
0!
0'
#44690000
1!
1'
b100010110110 7
#44700000
0!
0'
#44710000
1!
1'
b100010110111 7
#44720000
0!
0'
#44730000
1!
1'
b100010111000 7
#44740000
0!
0'
#44750000
1!
1'
b100010111001 7
#44760000
0!
0'
#44770000
1!
1'
b100010111010 7
#44780000
0!
0'
#44790000
1!
1'
b100010111011 7
#44800000
0!
0'
#44810000
1!
1'
b100010111100 7
#44820000
0!
0'
#44830000
1!
1'
b100010111101 7
#44840000
0!
0'
#44850000
1!
1'
b100010111110 7
#44860000
0!
0'
#44870000
1!
1'
b100010111111 7
#44880000
0!
0'
#44890000
1!
1'
b100011000000 7
#44900000
0!
0'
#44910000
1!
1'
b100011000001 7
#44920000
0!
0'
#44930000
1!
1'
b100011000010 7
#44940000
0!
0'
#44950000
1!
1'
b100011000011 7
#44960000
0!
0'
#44970000
1!
1'
b100011000100 7
#44980000
0!
0'
#44990000
1!
1'
b100011000101 7
#45000000
0!
0'
#45010000
1!
1'
b100011000110 7
#45020000
0!
0'
#45030000
1!
1'
b100011000111 7
#45040000
0!
0'
#45050000
1!
1'
b100011001000 7
#45060000
0!
0'
#45070000
1!
1'
b100011001001 7
#45080000
0!
0'
#45090000
1!
1'
b100011001010 7
#45100000
0!
0'
#45110000
1!
1'
b100011001011 7
#45120000
0!
0'
#45130000
1!
1'
b100011001100 7
#45140000
0!
0'
#45150000
1!
1'
b100011001101 7
#45160000
0!
0'
#45170000
1!
1'
b100011001110 7
#45180000
0!
0'
#45190000
1!
1'
b100011001111 7
#45200000
0!
0'
#45210000
1!
1'
b100011010000 7
#45220000
0!
0'
#45230000
1!
1'
b100011010001 7
#45240000
0!
0'
#45250000
1!
1'
b100011010010 7
#45260000
0!
0'
#45270000
1!
1'
b100011010011 7
#45280000
0!
0'
#45290000
1!
1'
b100011010100 7
#45300000
0!
0'
#45310000
1!
1'
b100011010101 7
#45320000
0!
0'
#45330000
1!
1'
b100011010110 7
#45340000
0!
0'
#45350000
1!
1'
b100011010111 7
#45360000
0!
0'
#45370000
1!
1'
b100011011000 7
#45380000
0!
0'
#45390000
1!
1'
b100011011001 7
#45400000
0!
0'
#45410000
1!
1'
b100011011010 7
#45420000
0!
0'
#45430000
1!
1'
b100011011011 7
#45440000
0!
0'
#45450000
1!
1'
b100011011100 7
#45460000
0!
0'
#45470000
1!
1'
b100011011101 7
#45480000
0!
0'
#45490000
1!
1'
b100011011110 7
#45500000
0!
0'
#45510000
1!
1'
b100011011111 7
#45520000
0!
0'
#45530000
1!
1'
b100011100000 7
#45540000
0!
0'
#45550000
1!
1'
b100011100001 7
#45560000
0!
0'
#45570000
1!
1'
b100011100010 7
#45580000
0!
0'
#45590000
1!
1'
b100011100011 7
#45600000
0!
0'
#45610000
1!
1'
b100011100100 7
#45620000
0!
0'
#45630000
1!
1'
b100011100101 7
#45640000
0!
0'
#45650000
1!
1'
b100011100110 7
#45660000
0!
0'
#45670000
1!
1'
b100011100111 7
#45680000
0!
0'
#45690000
1!
1'
b100011101000 7
#45700000
0!
0'
#45710000
1!
1'
b100011101001 7
#45720000
0!
0'
#45730000
1!
1'
b100011101010 7
#45740000
0!
0'
#45750000
1!
1'
b100011101011 7
#45760000
0!
0'
#45770000
1!
1'
b100011101100 7
#45780000
0!
0'
#45790000
1!
1'
b100011101101 7
#45800000
0!
0'
#45810000
1!
1'
b100011101110 7
#45820000
0!
0'
#45830000
1!
1'
b100011101111 7
#45840000
0!
0'
#45850000
1!
1'
b100011110000 7
#45860000
0!
0'
#45870000
1!
1'
b100011110001 7
#45880000
0!
0'
#45890000
1!
1'
b100011110010 7
#45900000
0!
0'
#45910000
1!
1'
b100011110011 7
#45920000
0!
0'
#45930000
1!
1'
b100011110100 7
#45940000
0!
0'
#45950000
1!
1'
b100011110101 7
#45960000
0!
0'
#45970000
1!
1'
b100011110110 7
#45980000
0!
0'
#45990000
1!
1'
b100011110111 7
#46000000
0!
0'
#46010000
1!
1'
b100011111000 7
#46020000
0!
0'
#46030000
1!
1'
b100011111001 7
#46040000
0!
0'
#46050000
1!
1'
b100011111010 7
#46060000
0!
0'
#46070000
1!
1'
b100011111011 7
#46080000
0!
0'
#46090000
1!
1'
b100011111100 7
#46100000
0!
0'
#46110000
1!
1'
b100011111101 7
#46120000
0!
0'
#46130000
1!
1'
b100011111110 7
#46140000
0!
0'
#46150000
1!
1'
b100011111111 7
#46160000
0!
0'
#46170000
1!
1'
b100100000000 7
#46180000
0!
0'
#46190000
1!
1'
b100100000001 7
#46200000
0!
0'
#46210000
1!
1'
b100100000010 7
#46220000
0!
0'
#46230000
1!
1'
b100100000011 7
#46240000
0!
0'
#46250000
1!
1'
b100100000100 7
#46260000
0!
0'
#46270000
1!
1'
b100100000101 7
#46280000
0!
0'
#46290000
1!
1'
b100100000110 7
#46300000
0!
0'
#46310000
1!
1'
b100100000111 7
#46320000
0!
0'
#46330000
1!
1'
b100100001000 7
#46340000
0!
0'
#46350000
1!
1'
b100100001001 7
#46360000
0!
0'
#46370000
1!
1'
b100100001010 7
#46380000
0!
0'
#46390000
1!
1'
b100100001011 7
#46400000
0!
0'
#46410000
1!
1'
b100100001100 7
#46420000
0!
0'
#46430000
1!
1'
b100100001101 7
#46440000
0!
0'
#46450000
1!
1'
b100100001110 7
#46460000
0!
0'
#46470000
1!
1'
b100100001111 7
#46480000
0!
0'
#46490000
1!
1'
b100100010000 7
#46500000
0!
0'
#46510000
1!
1'
b100100010001 7
#46520000
0!
0'
#46530000
1!
1'
b100100010010 7
#46540000
0!
0'
#46550000
1!
1'
b100100010011 7
#46560000
0!
0'
#46570000
1!
1'
b100100010100 7
#46580000
0!
0'
#46590000
1!
1'
b100100010101 7
#46600000
0!
0'
#46610000
1!
1'
b100100010110 7
#46620000
0!
0'
#46630000
1!
1'
b100100010111 7
#46640000
0!
0'
#46650000
1!
1'
b100100011000 7
#46660000
0!
0'
#46670000
1!
1'
b100100011001 7
#46680000
0!
0'
#46690000
1!
1'
b100100011010 7
#46700000
0!
0'
#46710000
1!
1'
b100100011011 7
#46720000
0!
0'
#46730000
1!
1'
b100100011100 7
#46740000
0!
0'
#46750000
1!
1'
b100100011101 7
#46760000
0!
0'
#46770000
1!
1'
b100100011110 7
#46780000
0!
0'
#46790000
1!
1'
b100100011111 7
#46800000
0!
0'
#46810000
1!
1'
b100100100000 7
#46820000
0!
0'
#46830000
1!
1'
b100100100001 7
#46840000
0!
0'
#46850000
1!
1'
b100100100010 7
#46860000
0!
0'
#46870000
1!
1'
b100100100011 7
#46880000
0!
0'
#46890000
1!
1'
b100100100100 7
#46900000
0!
0'
#46910000
1!
1'
b100100100101 7
#46920000
0!
0'
#46930000
1!
1'
b100100100110 7
#46940000
0!
0'
#46950000
1!
1'
b100100100111 7
#46960000
0!
0'
#46970000
1!
1'
b100100101000 7
#46980000
0!
0'
#46990000
1!
1'
b100100101001 7
#47000000
0!
0'
#47010000
1!
1'
b100100101010 7
#47020000
0!
0'
#47030000
1!
1'
b100100101011 7
#47040000
0!
0'
#47050000
1!
1'
b100100101100 7
#47060000
0!
0'
#47070000
1!
1'
b100100101101 7
#47080000
0!
0'
#47090000
1!
1'
b100100101110 7
#47100000
0!
0'
#47110000
1!
1'
b100100101111 7
#47120000
0!
0'
#47130000
1!
1'
b100100110000 7
#47140000
0!
0'
#47150000
1!
1'
b100100110001 7
#47160000
0!
0'
#47170000
1!
1'
b100100110010 7
#47180000
0!
0'
#47190000
1!
1'
b100100110011 7
#47200000
0!
0'
#47210000
1!
1'
b100100110100 7
#47220000
0!
0'
#47230000
1!
1'
b100100110101 7
#47240000
0!
0'
#47250000
1!
1'
b100100110110 7
#47260000
0!
0'
#47270000
1!
1'
b100100110111 7
#47280000
0!
0'
#47290000
1!
1'
b100100111000 7
#47300000
0!
0'
#47310000
1!
1'
b100100111001 7
#47320000
0!
0'
#47330000
1!
1'
b100100111010 7
#47340000
0!
0'
#47350000
1!
1'
b100100111011 7
#47360000
0!
0'
#47370000
1!
1'
b100100111100 7
#47380000
0!
0'
#47390000
1!
1'
b100100111101 7
#47400000
0!
0'
#47410000
1!
1'
b100100111110 7
#47420000
0!
0'
#47430000
1!
1'
b100100111111 7
#47440000
0!
0'
#47450000
1!
1'
b100101000000 7
#47460000
0!
0'
#47470000
1!
1'
b100101000001 7
#47480000
0!
0'
#47490000
1!
1'
b100101000010 7
#47500000
0!
0'
#47510000
1!
1'
b100101000011 7
#47520000
0!
0'
#47530000
1!
1'
b100101000100 7
#47540000
0!
0'
#47550000
1!
1'
b100101000101 7
#47560000
0!
0'
#47570000
1!
1'
b100101000110 7
#47580000
0!
0'
#47590000
1!
1'
b100101000111 7
#47600000
0!
0'
#47610000
1!
1'
b100101001000 7
#47620000
0!
0'
#47630000
1!
1'
b100101001001 7
#47640000
0!
0'
#47650000
1!
1'
b100101001010 7
#47660000
0!
0'
#47670000
1!
1'
b100101001011 7
#47680000
0!
0'
#47690000
1!
1'
b100101001100 7
#47700000
0!
0'
#47710000
1!
1'
b100101001101 7
#47720000
0!
0'
#47730000
1!
1'
b100101001110 7
#47740000
0!
0'
#47750000
1!
1'
b100101001111 7
#47760000
0!
0'
#47770000
1!
1'
b100101010000 7
#47780000
0!
0'
#47790000
1!
1'
b100101010001 7
#47800000
0!
0'
#47810000
1!
1'
b100101010010 7
#47820000
0!
0'
#47830000
1!
1'
b100101010011 7
#47840000
0!
0'
#47850000
1!
1'
b100101010100 7
#47860000
0!
0'
#47870000
1!
1'
b100101010101 7
#47880000
0!
0'
#47890000
1!
1'
b100101010110 7
#47900000
0!
0'
#47910000
1!
1'
b100101010111 7
#47920000
0!
0'
#47930000
1!
1'
b100101011000 7
#47940000
0!
0'
#47950000
1!
1'
b100101011001 7
#47960000
0!
0'
#47970000
1!
1'
b100101011010 7
#47980000
0!
0'
#47990000
1!
1'
b100101011011 7
#48000000
0!
0'
#48010000
1!
1'
b100101011100 7
#48020000
0!
0'
#48030000
1!
1'
b100101011101 7
#48040000
0!
0'
#48050000
1!
1'
b100101011110 7
#48060000
0!
0'
#48070000
1!
1'
b100101011111 7
#48080000
0!
0'
#48090000
1!
1'
b100101100000 7
#48100000
0!
0'
#48110000
1!
1'
b100101100001 7
#48120000
0!
0'
#48130000
1!
1'
b100101100010 7
#48140000
0!
0'
#48150000
1!
1'
b100101100011 7
#48160000
0!
0'
#48170000
1!
1'
b100101100100 7
#48180000
0!
0'
#48190000
1!
1'
b100101100101 7
#48200000
0!
0'
#48210000
1!
1'
b100101100110 7
#48220000
0!
0'
#48230000
1!
1'
b100101100111 7
#48240000
0!
0'
#48250000
1!
1'
b100101101000 7
#48260000
0!
0'
#48270000
1!
1'
b100101101001 7
#48280000
0!
0'
#48290000
1!
1'
b100101101010 7
#48300000
0!
0'
#48310000
1!
1'
b100101101011 7
#48320000
0!
0'
#48330000
1!
1'
b100101101100 7
#48340000
0!
0'
#48350000
1!
1'
b100101101101 7
#48360000
0!
0'
#48370000
1!
1'
b100101101110 7
#48380000
0!
0'
#48390000
1!
1'
b100101101111 7
#48400000
0!
0'
#48410000
1!
1'
b100101110000 7
#48420000
0!
0'
#48430000
1!
1'
b100101110001 7
#48440000
0!
0'
#48450000
1!
1'
b100101110010 7
#48460000
0!
0'
#48470000
1!
1'
b100101110011 7
#48480000
0!
0'
#48490000
1!
1'
b100101110100 7
#48500000
0!
0'
#48510000
1!
1'
b100101110101 7
#48520000
0!
0'
#48530000
1!
1'
b100101110110 7
#48540000
0!
0'
#48550000
1!
1'
b100101110111 7
#48560000
0!
0'
#48570000
1!
1'
b100101111000 7
#48580000
0!
0'
#48590000
1!
1'
b100101111001 7
#48600000
0!
0'
#48610000
1!
1'
b100101111010 7
#48620000
0!
0'
#48630000
1!
1'
b100101111011 7
#48640000
0!
0'
#48650000
1!
1'
b100101111100 7
#48660000
0!
0'
#48670000
1!
1'
b100101111101 7
#48680000
0!
0'
#48690000
1!
1'
b100101111110 7
#48700000
0!
0'
#48710000
1!
1'
b100101111111 7
#48720000
0!
0'
#48730000
1!
1'
b100110000000 7
#48740000
0!
0'
#48750000
1!
1'
b100110000001 7
#48760000
0!
0'
#48770000
1!
1'
b100110000010 7
#48780000
0!
0'
#48790000
1!
1'
b100110000011 7
#48800000
0!
0'
#48810000
1!
1'
b100110000100 7
#48820000
0!
0'
#48830000
1!
1'
b100110000101 7
#48840000
0!
0'
#48850000
1!
1'
b100110000110 7
#48860000
0!
0'
#48870000
1!
1'
b100110000111 7
#48880000
0!
0'
#48890000
1!
1'
b100110001000 7
#48900000
0!
0'
#48910000
1!
1'
b100110001001 7
#48920000
0!
0'
#48930000
1!
1'
b100110001010 7
#48940000
0!
0'
#48950000
1!
1'
b100110001011 7
#48960000
0!
0'
#48970000
1!
1'
b100110001100 7
#48980000
0!
0'
#48990000
1!
1'
b100110001101 7
#49000000
0!
0'
#49010000
1!
1'
b100110001110 7
#49020000
0!
0'
#49030000
1!
1'
b100110001111 7
#49040000
0!
0'
#49050000
1!
1'
b100110010000 7
#49060000
0!
0'
#49070000
1!
1'
b100110010001 7
#49080000
0!
0'
#49090000
1!
1'
b100110010010 7
#49100000
0!
0'
#49110000
1!
1'
b100110010011 7
#49120000
0!
0'
#49130000
1!
1'
b100110010100 7
#49140000
0!
0'
#49150000
1!
1'
b100110010101 7
#49160000
0!
0'
#49170000
1!
1'
b100110010110 7
#49180000
0!
0'
#49190000
1!
1'
b100110010111 7
#49200000
0!
0'
#49210000
1!
1'
b100110011000 7
#49220000
0!
0'
#49230000
1!
1'
b100110011001 7
#49240000
0!
0'
#49250000
1!
1'
b100110011010 7
#49260000
0!
0'
#49270000
1!
1'
b100110011011 7
#49280000
0!
0'
#49290000
1!
1'
b100110011100 7
#49300000
0!
0'
#49310000
1!
1'
b100110011101 7
#49320000
0!
0'
#49330000
1!
1'
b100110011110 7
#49340000
0!
0'
#49350000
1!
1'
b100110011111 7
#49360000
0!
0'
#49370000
1!
1'
b100110100000 7
#49380000
0!
0'
#49390000
1!
1'
b100110100001 7
#49400000
0!
0'
#49410000
1!
1'
b100110100010 7
#49420000
0!
0'
#49430000
1!
1'
b100110100011 7
#49440000
0!
0'
#49450000
1!
1'
b100110100100 7
#49460000
0!
0'
#49470000
1!
1'
b100110100101 7
#49480000
0!
0'
#49490000
1!
1'
b100110100110 7
#49500000
0!
0'
#49510000
1!
1'
b100110100111 7
#49520000
0!
0'
#49530000
1!
1'
b100110101000 7
#49540000
0!
0'
#49550000
1!
1'
b100110101001 7
#49560000
0!
0'
#49570000
1!
1'
b100110101010 7
#49580000
0!
0'
#49590000
1!
1'
b100110101011 7
#49600000
0!
0'
#49610000
1!
1'
b100110101100 7
#49620000
0!
0'
#49630000
1!
1'
b100110101101 7
#49640000
0!
0'
#49650000
1!
1'
b100110101110 7
#49660000
0!
0'
#49670000
1!
1'
b100110101111 7
#49680000
0!
0'
#49690000
1!
1'
b100110110000 7
#49700000
0!
0'
#49710000
1!
1'
b100110110001 7
#49720000
0!
0'
#49730000
1!
1'
b100110110010 7
#49740000
0!
0'
#49750000
1!
1'
b100110110011 7
#49760000
0!
0'
#49770000
1!
1'
b100110110100 7
#49780000
0!
0'
#49790000
1!
1'
b100110110101 7
#49800000
0!
0'
#49810000
1!
1'
b100110110110 7
#49820000
0!
0'
#49830000
1!
1'
b100110110111 7
#49840000
0!
0'
#49850000
1!
1'
b100110111000 7
#49860000
0!
0'
#49870000
1!
1'
b100110111001 7
#49880000
0!
0'
#49890000
1!
1'
b100110111010 7
#49900000
0!
0'
#49910000
1!
1'
b100110111011 7
#49920000
0!
0'
#49930000
1!
1'
b100110111100 7
#49940000
0!
0'
#49950000
1!
1'
b100110111101 7
#49960000
0!
0'
#49970000
1!
1'
b100110111110 7
#49980000
0!
0'
#49990000
1!
1'
b100110111111 7
#50000000
0!
0'
#50010000
1!
1'
b100111000000 7
#50020000
0!
0'
#50030000
1!
1'
b100111000001 7
#50040000
0!
0'
#50050000
1!
1'
b100111000010 7
#50060000
0!
0'
#50070000
1!
1'
b100111000011 7
#50080000
0!
0'
#50090000
1!
1'
b100111000100 7
#50100000
0!
0'
#50110000
1!
1'
b100111000101 7
#50120000
0!
0'
#50130000
1!
1'
b100111000110 7
#50140000
0!
0'
#50150000
1!
1'
b100111000111 7
#50160000
0!
0'
#50170000
1!
1'
b100111001000 7
#50180000
0!
0'
#50190000
1!
1'
b100111001001 7
#50200000
0!
0'
#50210000
1!
1'
b100111001010 7
#50220000
0!
0'
#50230000
1!
1'
b100111001011 7
#50240000
0!
0'
#50250000
1!
1'
b100111001100 7
#50260000
0!
0'
#50270000
1!
1'
b100111001101 7
#50280000
0!
0'
#50290000
1!
1'
b100111001110 7
#50300000
0!
0'
#50310000
1!
1'
b100111001111 7
#50320000
0!
0'
#50330000
1!
1'
b100111010000 7
#50340000
0!
0'
#50350000
1!
1'
b100111010001 7
#50360000
0!
0'
#50370000
1!
1'
b100111010010 7
#50380000
0!
0'
#50390000
1!
1'
b100111010011 7
#50400000
0!
0'
#50410000
1!
1'
b100111010100 7
#50420000
0!
0'
#50430000
1!
1'
b100111010101 7
#50440000
0!
0'
#50450000
1!
1'
b100111010110 7
#50460000
0!
0'
#50470000
1!
1'
b100111010111 7
#50480000
0!
0'
#50490000
1!
1'
b100111011000 7
#50500000
0!
0'
#50510000
1!
1'
b100111011001 7
#50520000
0!
0'
#50530000
1!
1'
b100111011010 7
#50540000
0!
0'
#50550000
1!
1'
b100111011011 7
#50560000
0!
0'
#50570000
1!
1'
b100111011100 7
#50580000
0!
0'
#50590000
1!
1'
b100111011101 7
#50600000
0!
0'
#50610000
1!
1'
b100111011110 7
#50620000
0!
0'
#50630000
1!
1'
b100111011111 7
#50640000
0!
0'
#50650000
1!
1'
b100111100000 7
#50660000
0!
0'
#50670000
1!
1'
b100111100001 7
#50680000
0!
0'
#50690000
1!
1'
b100111100010 7
#50700000
0!
0'
#50710000
1!
1'
b100111100011 7
#50720000
0!
0'
#50730000
1!
1'
b100111100100 7
#50740000
0!
0'
#50750000
1!
1'
b100111100101 7
#50760000
0!
0'
#50770000
1!
1'
b100111100110 7
#50780000
0!
0'
#50790000
1!
1'
b100111100111 7
#50800000
0!
0'
#50810000
1!
1'
b100111101000 7
#50820000
0!
0'
#50830000
1!
1'
b100111101001 7
#50840000
0!
0'
#50850000
1!
1'
b100111101010 7
#50860000
0!
0'
#50870000
1!
1'
b100111101011 7
#50880000
0!
0'
#50890000
1!
1'
b100111101100 7
#50900000
0!
0'
#50910000
1!
1'
b100111101101 7
#50920000
0!
0'
#50930000
1!
1'
b100111101110 7
#50940000
0!
0'
#50950000
1!
1'
b100111101111 7
#50960000
0!
0'
#50970000
1!
1'
b100111110000 7
#50980000
0!
0'
#50990000
1!
1'
b100111110001 7
#51000000
0!
0'
#51010000
1!
1'
b100111110010 7
#51020000
0!
0'
#51030000
1!
1'
b100111110011 7
#51040000
0!
0'
#51050000
1!
1'
b100111110100 7
#51060000
0!
0'
#51070000
1!
1'
b100111110101 7
#51080000
0!
0'
#51090000
1!
1'
b100111110110 7
#51100000
0!
0'
#51110000
1!
1'
b100111110111 7
#51120000
0!
0'
#51130000
1!
1'
b100111111000 7
#51140000
0!
0'
#51150000
1!
1'
b100111111001 7
#51160000
0!
0'
#51170000
1!
1'
b100111111010 7
#51180000
0!
0'
#51190000
1!
1'
b100111111011 7
#51200000
0!
0'
#51210000
1!
1'
b100111111100 7
#51220000
0!
0'
#51230000
1!
1'
b100111111101 7
#51240000
0!
0'
#51250000
1!
1'
b100111111110 7
#51260000
0!
0'
#51270000
1!
1'
b100111111111 7
#51280000
0!
0'
#51290000
1!
1'
b101000000000 7
#51300000
0!
0'
#51310000
1!
1'
b101000000001 7
#51320000
0!
0'
#51330000
1!
1'
b101000000010 7
#51340000
0!
0'
#51350000
1!
1'
b101000000011 7
#51360000
0!
0'
#51370000
1!
1'
b101000000100 7
#51380000
0!
0'
#51390000
1!
1'
b101000000101 7
#51400000
0!
0'
#51410000
1!
1'
b101000000110 7
#51420000
0!
0'
#51430000
1!
1'
b101000000111 7
#51440000
0!
0'
#51450000
1!
1'
b101000001000 7
#51460000
0!
0'
#51470000
1!
1'
b101000001001 7
#51480000
0!
0'
#51490000
1!
1'
b101000001010 7
#51500000
0!
0'
#51510000
1!
1'
b101000001011 7
#51520000
0!
0'
#51530000
1!
1'
b101000001100 7
#51540000
0!
0'
#51550000
1!
1'
b101000001101 7
#51560000
0!
0'
#51570000
1!
1'
b101000001110 7
#51580000
0!
0'
#51590000
1!
1'
b101000001111 7
#51600000
0!
0'
#51610000
1!
1'
b101000010000 7
#51620000
0!
0'
#51630000
1!
1'
b101000010001 7
#51640000
0!
0'
#51650000
1!
1'
b101000010010 7
#51660000
0!
0'
#51670000
1!
1'
b101000010011 7
#51680000
0!
0'
#51690000
1!
1'
b101000010100 7
#51700000
0!
0'
#51710000
1!
1'
b101000010101 7
#51720000
0!
0'
#51730000
1!
1'
b101000010110 7
#51740000
0!
0'
#51750000
1!
1'
b101000010111 7
#51760000
0!
0'
#51770000
1!
1'
b101000011000 7
#51780000
0!
0'
#51790000
1!
1'
b101000011001 7
#51800000
0!
0'
#51810000
1!
1'
b101000011010 7
#51820000
0!
0'
#51830000
1!
1'
b101000011011 7
#51840000
0!
0'
#51850000
1!
1'
b101000011100 7
#51860000
0!
0'
#51870000
1!
1'
b101000011101 7
#51880000
0!
0'
#51890000
1!
1'
b101000011110 7
#51900000
0!
0'
#51910000
1!
1'
b101000011111 7
#51920000
0!
0'
#51930000
1!
1'
b101000100000 7
#51940000
0!
0'
#51950000
1!
1'
b101000100001 7
#51960000
0!
0'
#51970000
1!
1'
b101000100010 7
#51980000
0!
0'
#51990000
1!
1'
b101000100011 7
#52000000
0!
0'
#52010000
1!
1'
b101000100100 7
#52020000
0!
0'
#52030000
1!
1'
b101000100101 7
#52040000
0!
0'
#52050000
1!
1'
b101000100110 7
#52060000
0!
0'
#52070000
1!
1'
b101000100111 7
#52080000
0!
0'
#52090000
1!
1'
b101000101000 7
#52100000
0!
0'
#52110000
1!
1'
b101000101001 7
#52120000
0!
0'
#52130000
1!
1'
b101000101010 7
#52140000
0!
0'
#52150000
1!
1'
b101000101011 7
#52160000
0!
0'
#52170000
1!
1'
b101000101100 7
#52180000
0!
0'
#52190000
1!
1'
b101000101101 7
#52200000
0!
0'
#52210000
1!
1'
b101000101110 7
#52220000
0!
0'
#52230000
1!
1'
b101000101111 7
#52240000
0!
0'
#52250000
1!
1'
b101000110000 7
#52260000
0!
0'
#52270000
1!
1'
b101000110001 7
#52280000
0!
0'
#52290000
1!
1'
b101000110010 7
#52300000
0!
0'
#52310000
1!
1'
b101000110011 7
#52320000
0!
0'
#52330000
1!
1'
b101000110100 7
#52340000
0!
0'
#52350000
1!
1'
b101000110101 7
#52360000
0!
0'
#52370000
1!
1'
b101000110110 7
#52380000
0!
0'
#52390000
1!
1'
b101000110111 7
#52400000
0!
0'
#52410000
1!
1'
b101000111000 7
#52420000
0!
0'
#52430000
1!
1'
b101000111001 7
#52440000
0!
0'
#52450000
1!
1'
b101000111010 7
#52460000
0!
0'
#52470000
1!
1'
b101000111011 7
#52480000
0!
0'
#52490000
1!
1'
b101000111100 7
#52500000
0!
0'
#52510000
1!
1'
b101000111101 7
#52520000
0!
0'
#52530000
1!
1'
b101000111110 7
#52540000
0!
0'
#52550000
1!
1'
b101000111111 7
#52560000
0!
0'
#52570000
1!
1'
b101001000000 7
#52580000
0!
0'
#52590000
1!
1'
b101001000001 7
#52600000
0!
0'
#52610000
1!
1'
b101001000010 7
#52620000
0!
0'
#52630000
1!
1'
b101001000011 7
#52640000
0!
0'
#52650000
1!
1'
b101001000100 7
#52660000
0!
0'
#52670000
1!
1'
b101001000101 7
#52680000
0!
0'
#52690000
1!
1'
b101001000110 7
#52700000
0!
0'
#52710000
1!
1'
b101001000111 7
#52720000
0!
0'
#52730000
1!
1'
b101001001000 7
#52740000
0!
0'
#52750000
1!
1'
b101001001001 7
#52760000
0!
0'
#52770000
1!
1'
b101001001010 7
#52780000
0!
0'
#52790000
1!
1'
b101001001011 7
#52800000
0!
0'
#52810000
1!
1'
b101001001100 7
#52820000
0!
0'
#52830000
1!
1'
b101001001101 7
#52840000
0!
0'
#52850000
1!
1'
b101001001110 7
#52860000
0!
0'
#52870000
1!
1'
b101001001111 7
#52880000
0!
0'
#52890000
1!
1'
b101001010000 7
#52900000
0!
0'
#52910000
1!
1'
b101001010001 7
#52920000
0!
0'
#52930000
1!
1'
b101001010010 7
#52940000
0!
0'
#52950000
1!
1'
b101001010011 7
#52960000
0!
0'
#52970000
1!
1'
b101001010100 7
#52980000
0!
0'
#52990000
1!
1'
b101001010101 7
#53000000
0!
0'
#53010000
1!
1'
b101001010110 7
#53020000
0!
0'
#53030000
1!
1'
b101001010111 7
#53040000
0!
0'
#53050000
1!
1'
b101001011000 7
#53060000
0!
0'
#53070000
1!
1'
b101001011001 7
#53080000
0!
0'
#53090000
1!
1'
b101001011010 7
#53100000
0!
0'
#53110000
1!
1'
b101001011011 7
#53120000
0!
0'
#53130000
1!
1'
b101001011100 7
#53140000
0!
0'
#53150000
1!
1'
b101001011101 7
#53160000
0!
0'
#53170000
1!
1'
b101001011110 7
#53180000
0!
0'
#53190000
1!
1'
b101001011111 7
#53200000
0!
0'
#53210000
1!
1'
b101001100000 7
#53220000
0!
0'
#53230000
1!
1'
b101001100001 7
#53240000
0!
0'
#53250000
1!
1'
b101001100010 7
#53260000
0!
0'
#53270000
1!
1'
b101001100011 7
#53280000
0!
0'
#53290000
1!
1'
b101001100100 7
#53300000
0!
0'
#53310000
1!
1'
b101001100101 7
#53320000
0!
0'
#53330000
1!
1'
b101001100110 7
#53340000
0!
0'
#53350000
1!
1'
b101001100111 7
#53360000
0!
0'
#53370000
1!
1'
b101001101000 7
#53380000
0!
0'
#53390000
1!
1'
b101001101001 7
#53400000
0!
0'
#53410000
1!
1'
b101001101010 7
#53420000
0!
0'
#53430000
1!
1'
b101001101011 7
#53440000
0!
0'
#53450000
1!
1'
b101001101100 7
#53460000
0!
0'
#53470000
1!
1'
b101001101101 7
#53480000
0!
0'
#53490000
1!
1'
b101001101110 7
#53500000
0!
0'
#53510000
1!
1'
b101001101111 7
#53520000
0!
0'
#53530000
1!
1'
b101001110000 7
#53540000
0!
0'
#53550000
1!
1'
b101001110001 7
#53560000
0!
0'
#53570000
1!
1'
b101001110010 7
#53580000
0!
0'
#53590000
1!
1'
b101001110011 7
#53600000
0!
0'
#53610000
1!
1'
b101001110100 7
#53620000
0!
0'
#53630000
1!
1'
b101001110101 7
#53640000
0!
0'
#53650000
1!
1'
b101001110110 7
#53660000
0!
0'
#53670000
1!
1'
b101001110111 7
#53680000
0!
0'
#53690000
1!
1'
b101001111000 7
#53700000
0!
0'
#53710000
1!
1'
b101001111001 7
#53720000
0!
0'
#53730000
1!
1'
b101001111010 7
#53740000
0!
0'
#53750000
1!
1'
b101001111011 7
#53760000
0!
0'
#53770000
1!
1'
b101001111100 7
#53780000
0!
0'
#53790000
1!
1'
b101001111101 7
#53800000
0!
0'
#53810000
1!
1'
b101001111110 7
#53820000
0!
0'
#53830000
1!
1'
b101001111111 7
#53840000
0!
0'
#53850000
1!
1'
b101010000000 7
#53860000
0!
0'
#53870000
1!
1'
b101010000001 7
#53880000
0!
0'
#53890000
1!
1'
b101010000010 7
#53900000
0!
0'
#53910000
1!
1'
b101010000011 7
#53920000
0!
0'
#53930000
1!
1'
b101010000100 7
#53940000
0!
0'
#53950000
1!
1'
b101010000101 7
#53960000
0!
0'
#53970000
1!
1'
b101010000110 7
#53980000
0!
0'
#53990000
1!
1'
b101010000111 7
#54000000
0!
0'
#54010000
1!
1'
b101010001000 7
#54020000
0!
0'
#54030000
1!
1'
b101010001001 7
#54040000
0!
0'
#54050000
1!
1'
b101010001010 7
#54060000
0!
0'
#54070000
1!
1'
b101010001011 7
#54080000
0!
0'
#54090000
1!
1'
b101010001100 7
#54100000
0!
0'
#54110000
1!
1'
b101010001101 7
#54120000
0!
0'
#54130000
1!
1'
b101010001110 7
#54140000
0!
0'
#54150000
1!
1'
b101010001111 7
#54160000
0!
0'
#54170000
1!
1'
b101010010000 7
#54180000
0!
0'
#54190000
1!
1'
b101010010001 7
#54200000
0!
0'
#54210000
1!
1'
b101010010010 7
#54220000
0!
0'
#54230000
1!
1'
b101010010011 7
#54240000
0!
0'
#54250000
1!
1'
b101010010100 7
#54260000
0!
0'
#54270000
1!
1'
b101010010101 7
#54280000
0!
0'
#54290000
1!
1'
b101010010110 7
#54300000
0!
0'
#54310000
1!
1'
b101010010111 7
#54320000
0!
0'
#54330000
1!
1'
b101010011000 7
#54340000
0!
0'
#54350000
1!
1'
b101010011001 7
#54360000
0!
0'
#54370000
1!
1'
b101010011010 7
#54380000
0!
0'
#54390000
1!
1'
b101010011011 7
#54400000
0!
0'
#54410000
1!
1'
b101010011100 7
#54420000
0!
0'
#54430000
1!
1'
b101010011101 7
#54440000
0!
0'
#54450000
1!
1'
b101010011110 7
#54460000
0!
0'
#54470000
1!
1'
b101010011111 7
#54480000
0!
0'
#54490000
1!
1'
b101010100000 7
#54500000
0!
0'
#54510000
1!
1'
b101010100001 7
#54520000
0!
0'
#54530000
1!
1'
b101010100010 7
#54540000
0!
0'
#54550000
1!
1'
b101010100011 7
#54560000
0!
0'
#54570000
1!
1'
b101010100100 7
#54580000
0!
0'
#54590000
1!
1'
b101010100101 7
#54600000
0!
0'
#54610000
1!
1'
b101010100110 7
#54620000
0!
0'
#54630000
1!
1'
b101010100111 7
#54640000
0!
0'
#54650000
1!
1'
b101010101000 7
#54660000
0!
0'
#54670000
1!
1'
b101010101001 7
#54680000
0!
0'
#54690000
1!
1'
b101010101010 7
#54700000
0!
0'
#54710000
1!
1'
b101010101011 7
#54720000
0!
0'
#54730000
1!
1'
b101010101100 7
#54740000
0!
0'
#54750000
1!
1'
b101010101101 7
#54760000
0!
0'
#54770000
1!
1'
b101010101110 7
#54780000
0!
0'
#54790000
1!
1'
b101010101111 7
#54800000
0!
0'
#54810000
1!
1'
b101010110000 7
#54820000
0!
0'
#54830000
1!
1'
b101010110001 7
#54840000
0!
0'
#54850000
1!
1'
b101010110010 7
#54860000
0!
0'
#54870000
1!
1'
b101010110011 7
#54880000
0!
0'
#54890000
1!
1'
b101010110100 7
#54900000
0!
0'
#54910000
1!
1'
b101010110101 7
#54920000
0!
0'
#54930000
1!
1'
b101010110110 7
#54940000
0!
0'
#54950000
1!
1'
b101010110111 7
#54960000
0!
0'
#54970000
1!
1'
b101010111000 7
#54980000
0!
0'
#54990000
1!
1'
b101010111001 7
#55000000
0!
0'
#55010000
1!
1'
b101010111010 7
#55020000
0!
0'
#55030000
1!
1'
b101010111011 7
#55040000
0!
0'
#55050000
1!
1'
b101010111100 7
#55060000
0!
0'
#55070000
1!
1'
b101010111101 7
#55080000
0!
0'
#55090000
1!
1'
b101010111110 7
#55100000
0!
0'
#55110000
1!
1'
b101010111111 7
#55120000
0!
0'
#55130000
1!
1'
b101011000000 7
#55140000
0!
0'
#55150000
1!
1'
b101011000001 7
#55160000
0!
0'
#55170000
1!
1'
b101011000010 7
#55180000
0!
0'
#55190000
1!
1'
b101011000011 7
#55200000
0!
0'
#55210000
1!
1'
b101011000100 7
#55220000
0!
0'
#55230000
1!
1'
b101011000101 7
#55240000
0!
0'
#55250000
1!
1'
b101011000110 7
#55260000
0!
0'
#55270000
1!
1'
b101011000111 7
#55280000
0!
0'
#55290000
1!
1'
b101011001000 7
#55300000
0!
0'
#55310000
1!
1'
b101011001001 7
#55320000
0!
0'
#55330000
1!
1'
b101011001010 7
#55340000
0!
0'
#55350000
1!
1'
b101011001011 7
#55360000
0!
0'
#55370000
1!
1'
b101011001100 7
#55380000
0!
0'
#55390000
1!
1'
b101011001101 7
#55400000
0!
0'
#55410000
1!
1'
b101011001110 7
#55420000
0!
0'
#55430000
1!
1'
b101011001111 7
#55440000
0!
0'
#55450000
1!
1'
b101011010000 7
#55460000
0!
0'
#55470000
1!
1'
b101011010001 7
#55480000
0!
0'
#55490000
1!
1'
b101011010010 7
#55500000
0!
0'
#55510000
1!
1'
b101011010011 7
#55520000
0!
0'
#55530000
1!
1'
b101011010100 7
#55540000
0!
0'
#55550000
1!
1'
b101011010101 7
#55560000
0!
0'
#55570000
1!
1'
b101011010110 7
#55580000
0!
0'
#55590000
1!
1'
b101011010111 7
#55600000
0!
0'
#55610000
1!
1'
b101011011000 7
#55620000
0!
0'
#55630000
1!
1'
b101011011001 7
#55640000
0!
0'
#55650000
1!
1'
b101011011010 7
#55660000
0!
0'
#55670000
1!
1'
b101011011011 7
#55680000
0!
0'
#55690000
1!
1'
b101011011100 7
#55700000
0!
0'
#55710000
1!
1'
b101011011101 7
#55720000
0!
0'
#55730000
1!
1'
b101011011110 7
#55740000
0!
0'
#55750000
1!
1'
b101011011111 7
#55760000
0!
0'
#55770000
1!
1'
b101011100000 7
#55780000
0!
0'
#55790000
1!
1'
b101011100001 7
#55800000
0!
0'
#55810000
1!
1'
b101011100010 7
#55820000
0!
0'
#55830000
1!
1'
b101011100011 7
#55840000
0!
0'
#55850000
1!
1'
b101011100100 7
#55860000
0!
0'
#55870000
1!
1'
b101011100101 7
#55880000
0!
0'
#55890000
1!
1'
b101011100110 7
#55900000
0!
0'
#55910000
1!
1'
b101011100111 7
#55920000
0!
0'
#55930000
1!
1'
b101011101000 7
#55940000
0!
0'
#55950000
1!
1'
b101011101001 7
#55960000
0!
0'
#55970000
1!
1'
b101011101010 7
#55980000
0!
0'
#55990000
1!
1'
b101011101011 7
#56000000
0!
0'
#56010000
1!
1'
b101011101100 7
#56020000
0!
0'
#56030000
1!
1'
b101011101101 7
#56040000
0!
0'
#56050000
1!
1'
b101011101110 7
#56060000
0!
0'
#56070000
1!
1'
b101011101111 7
#56080000
0!
0'
#56090000
1!
1'
b101011110000 7
#56100000
0!
0'
#56110000
1!
1'
b101011110001 7
#56120000
0!
0'
#56130000
1!
1'
b101011110010 7
#56140000
0!
0'
#56150000
1!
1'
b101011110011 7
#56160000
0!
0'
#56170000
1!
1'
b101011110100 7
#56180000
0!
0'
#56190000
1!
1'
b101011110101 7
#56200000
0!
0'
#56210000
1!
1'
b101011110110 7
#56220000
0!
0'
#56230000
1!
1'
b101011110111 7
#56240000
0!
0'
#56250000
1!
1'
b101011111000 7
#56260000
0!
0'
#56270000
1!
1'
b101011111001 7
#56280000
0!
0'
#56290000
1!
1'
b101011111010 7
#56300000
0!
0'
#56310000
1!
1'
b101011111011 7
#56320000
0!
0'
#56330000
1!
1'
b101011111100 7
#56340000
0!
0'
#56350000
1!
1'
b101011111101 7
#56360000
0!
0'
#56370000
1!
1'
b101011111110 7
#56380000
0!
0'
#56390000
1!
1'
b101011111111 7
#56400000
0!
0'
#56410000
1!
1'
b101100000000 7
#56420000
0!
0'
#56430000
1!
1'
b101100000001 7
#56440000
0!
0'
#56450000
1!
1'
b101100000010 7
#56460000
0!
0'
#56470000
1!
1'
b101100000011 7
#56480000
0!
0'
#56490000
1!
1'
b101100000100 7
#56500000
0!
0'
#56510000
1!
1'
b101100000101 7
#56520000
0!
0'
#56530000
1!
1'
b101100000110 7
#56540000
0!
0'
#56550000
1!
1'
b101100000111 7
#56560000
0!
0'
#56570000
1!
1'
b101100001000 7
#56580000
0!
0'
#56590000
1!
1'
b101100001001 7
#56600000
0!
0'
#56610000
1!
1'
b101100001010 7
#56620000
0!
0'
#56630000
1!
1'
b101100001011 7
#56640000
0!
0'
#56650000
1!
1'
b101100001100 7
#56660000
0!
0'
#56670000
1!
1'
b101100001101 7
#56680000
0!
0'
#56690000
1!
1'
b101100001110 7
#56700000
0!
0'
#56710000
1!
1'
b101100001111 7
#56720000
0!
0'
#56730000
1!
1'
b101100010000 7
#56740000
0!
0'
#56750000
1!
1'
b101100010001 7
#56760000
0!
0'
#56770000
1!
1'
b101100010010 7
#56780000
0!
0'
#56790000
1!
1'
b101100010011 7
#56800000
0!
0'
#56810000
1!
1'
b101100010100 7
#56820000
0!
0'
#56830000
1!
1'
b101100010101 7
#56840000
0!
0'
#56850000
1!
1'
b101100010110 7
#56860000
0!
0'
#56870000
1!
1'
b101100010111 7
#56880000
0!
0'
#56890000
1!
1'
b101100011000 7
#56900000
0!
0'
#56910000
1!
1'
b101100011001 7
#56920000
0!
0'
#56930000
1!
1'
b101100011010 7
#56940000
0!
0'
#56950000
1!
1'
b101100011011 7
#56960000
0!
0'
#56970000
1!
1'
b101100011100 7
#56980000
0!
0'
#56990000
1!
1'
b101100011101 7
#57000000
0!
0'
#57010000
1!
1'
b101100011110 7
#57020000
0!
0'
#57030000
1!
1'
b101100011111 7
#57040000
0!
0'
#57050000
1!
1'
b101100100000 7
#57060000
0!
0'
#57070000
1!
1'
b101100100001 7
#57080000
0!
0'
#57090000
1!
1'
b101100100010 7
#57100000
0!
0'
#57110000
1!
1'
b101100100011 7
#57120000
0!
0'
#57130000
1!
1'
b101100100100 7
#57140000
0!
0'
#57150000
1!
1'
b101100100101 7
#57160000
0!
0'
#57170000
1!
1'
b101100100110 7
#57180000
0!
0'
#57190000
1!
1'
b101100100111 7
#57200000
0!
0'
#57210000
1!
1'
b101100101000 7
#57220000
0!
0'
#57230000
1!
1'
b101100101001 7
#57240000
0!
0'
#57250000
1!
1'
b101100101010 7
#57260000
0!
0'
#57270000
1!
1'
b101100101011 7
#57280000
0!
0'
#57290000
1!
1'
b101100101100 7
#57300000
0!
0'
#57310000
1!
1'
b101100101101 7
#57320000
0!
0'
#57330000
1!
1'
b101100101110 7
#57340000
0!
0'
#57350000
1!
1'
b101100101111 7
#57360000
0!
0'
#57370000
1!
1'
b101100110000 7
#57380000
0!
0'
#57390000
1!
1'
b101100110001 7
#57400000
0!
0'
#57410000
1!
1'
b101100110010 7
#57420000
0!
0'
#57430000
1!
1'
b101100110011 7
#57440000
0!
0'
#57450000
1!
1'
b101100110100 7
#57460000
0!
0'
#57470000
1!
1'
b101100110101 7
#57480000
0!
0'
#57490000
1!
1'
b101100110110 7
#57500000
0!
0'
#57510000
1!
1'
b101100110111 7
#57520000
0!
0'
#57530000
1!
1'
b101100111000 7
#57540000
0!
0'
#57550000
1!
1'
b101100111001 7
#57560000
0!
0'
#57570000
1!
1'
b101100111010 7
#57580000
0!
0'
#57590000
1!
1'
b101100111011 7
#57600000
0!
0'
#57610000
1!
1'
b101100111100 7
#57620000
0!
0'
#57630000
1!
1'
b101100111101 7
#57640000
0!
0'
#57650000
1!
1'
b101100111110 7
#57660000
0!
0'
#57670000
1!
1'
b101100111111 7
#57680000
0!
0'
#57690000
1!
1'
b101101000000 7
#57700000
0!
0'
#57710000
1!
1'
b101101000001 7
#57720000
0!
0'
#57730000
1!
1'
b101101000010 7
#57740000
0!
0'
#57750000
1!
1'
b101101000011 7
#57760000
0!
0'
#57770000
1!
1'
b101101000100 7
#57780000
0!
0'
#57790000
1!
1'
b101101000101 7
#57800000
0!
0'
#57810000
1!
1'
b101101000110 7
#57820000
0!
0'
#57830000
1!
1'
b101101000111 7
#57840000
0!
0'
#57850000
1!
1'
b101101001000 7
#57860000
0!
0'
#57870000
1!
1'
b101101001001 7
#57880000
0!
0'
#57890000
1!
1'
b101101001010 7
#57900000
0!
0'
#57910000
1!
1'
b101101001011 7
#57920000
0!
0'
#57930000
1!
1'
b101101001100 7
#57940000
0!
0'
#57950000
1!
1'
b101101001101 7
#57960000
0!
0'
#57970000
1!
1'
b101101001110 7
#57980000
0!
0'
#57990000
1!
1'
b101101001111 7
#58000000
0!
0'
#58010000
1!
1'
b101101010000 7
#58020000
0!
0'
#58030000
1!
1'
b101101010001 7
#58040000
0!
0'
#58050000
1!
1'
b101101010010 7
#58060000
0!
0'
#58070000
1!
1'
b101101010011 7
#58080000
0!
0'
#58090000
1!
1'
b101101010100 7
#58100000
0!
0'
#58110000
1!
1'
b101101010101 7
#58120000
0!
0'
#58130000
1!
1'
b101101010110 7
#58140000
0!
0'
#58150000
1!
1'
b101101010111 7
#58160000
0!
0'
#58170000
1!
1'
b101101011000 7
#58180000
0!
0'
#58190000
1!
1'
b101101011001 7
#58200000
0!
0'
#58210000
1!
1'
b101101011010 7
#58220000
0!
0'
#58230000
1!
1'
b101101011011 7
#58240000
0!
0'
#58250000
1!
1'
b101101011100 7
#58260000
0!
0'
#58270000
1!
1'
b101101011101 7
#58280000
0!
0'
#58290000
1!
1'
b101101011110 7
#58300000
0!
0'
#58310000
1!
1'
b101101011111 7
#58320000
0!
0'
#58330000
1!
1'
b101101100000 7
#58340000
0!
0'
#58350000
1!
1'
b101101100001 7
#58360000
0!
0'
#58370000
1!
1'
b101101100010 7
#58380000
0!
0'
#58390000
1!
1'
b101101100011 7
#58400000
0!
0'
#58410000
1!
1'
b101101100100 7
#58420000
0!
0'
#58430000
1!
1'
b101101100101 7
#58440000
0!
0'
#58450000
1!
1'
b101101100110 7
#58460000
0!
0'
#58470000
1!
1'
b101101100111 7
#58480000
0!
0'
#58490000
1!
1'
b101101101000 7
#58500000
0!
0'
#58510000
1!
1'
b101101101001 7
#58520000
0!
0'
#58530000
1!
1'
b101101101010 7
#58540000
0!
0'
#58550000
1!
1'
b101101101011 7
#58560000
0!
0'
#58570000
1!
1'
b101101101100 7
#58580000
0!
0'
#58590000
1!
1'
b101101101101 7
#58600000
0!
0'
#58610000
1!
1'
b101101101110 7
#58620000
0!
0'
#58630000
1!
1'
b101101101111 7
#58640000
0!
0'
#58650000
1!
1'
b101101110000 7
#58660000
0!
0'
#58670000
1!
1'
b101101110001 7
#58680000
0!
0'
#58690000
1!
1'
b101101110010 7
#58700000
0!
0'
#58710000
1!
1'
b101101110011 7
#58720000
0!
0'
#58730000
1!
1'
b101101110100 7
#58740000
0!
0'
#58750000
1!
1'
b101101110101 7
#58760000
0!
0'
#58770000
1!
1'
b101101110110 7
#58780000
0!
0'
#58790000
1!
1'
b101101110111 7
#58800000
0!
0'
#58810000
1!
1'
b101101111000 7
#58820000
0!
0'
#58830000
1!
1'
b101101111001 7
#58840000
0!
0'
#58850000
1!
1'
b101101111010 7
#58860000
0!
0'
#58870000
1!
1'
b101101111011 7
#58880000
0!
0'
#58890000
1!
1'
b101101111100 7
#58900000
0!
0'
#58910000
1!
1'
b101101111101 7
#58920000
0!
0'
#58930000
1!
1'
b101101111110 7
#58940000
0!
0'
#58950000
1!
1'
b101101111111 7
#58960000
0!
0'
#58970000
1!
1'
b101110000000 7
#58980000
0!
0'
#58990000
1!
1'
b101110000001 7
#59000000
0!
0'
#59010000
1!
1'
b101110000010 7
#59020000
0!
0'
#59030000
1!
1'
b101110000011 7
#59040000
0!
0'
#59050000
1!
1'
b101110000100 7
#59060000
0!
0'
#59070000
1!
1'
b101110000101 7
#59080000
0!
0'
#59090000
1!
1'
b101110000110 7
#59100000
0!
0'
#59110000
1!
1'
b101110000111 7
#59120000
0!
0'
#59130000
1!
1'
b101110001000 7
#59140000
0!
0'
#59150000
1!
1'
b101110001001 7
#59160000
0!
0'
#59170000
1!
1'
b101110001010 7
#59180000
0!
0'
#59190000
1!
1'
b101110001011 7
#59200000
0!
0'
#59210000
1!
1'
b101110001100 7
#59220000
0!
0'
#59230000
1!
1'
b101110001101 7
#59240000
0!
0'
#59250000
1!
1'
b101110001110 7
#59260000
0!
0'
#59270000
1!
1'
b101110001111 7
#59280000
0!
0'
#59290000
1!
1'
b101110010000 7
#59300000
0!
0'
#59310000
1!
1'
b101110010001 7
#59320000
0!
0'
#59330000
1!
1'
b101110010010 7
#59340000
0!
0'
#59350000
1!
1'
b101110010011 7
#59360000
0!
0'
#59370000
1!
1'
b101110010100 7
#59380000
0!
0'
#59390000
1!
1'
b101110010101 7
#59400000
0!
0'
#59410000
1!
1'
b101110010110 7
#59420000
0!
0'
#59430000
1!
1'
b101110010111 7
#59440000
0!
0'
#59450000
1!
1'
b101110011000 7
#59460000
0!
0'
#59470000
1!
1'
b101110011001 7
#59480000
0!
0'
#59490000
1!
1'
b101110011010 7
#59500000
0!
0'
#59510000
1!
1'
b101110011011 7
#59520000
0!
0'
#59530000
1!
1'
b101110011100 7
#59540000
0!
0'
#59550000
1!
1'
b101110011101 7
#59560000
0!
0'
#59570000
1!
1'
b101110011110 7
#59580000
0!
0'
#59590000
1!
1'
b101110011111 7
#59600000
0!
0'
#59610000
1!
1'
b101110100000 7
#59620000
0!
0'
#59630000
1!
1'
b101110100001 7
#59640000
0!
0'
#59650000
1!
1'
b101110100010 7
#59660000
0!
0'
#59670000
1!
1'
b101110100011 7
#59680000
0!
0'
#59690000
1!
1'
b101110100100 7
#59700000
0!
0'
#59710000
1!
1'
b101110100101 7
#59720000
0!
0'
#59730000
1!
1'
b101110100110 7
#59740000
0!
0'
#59750000
1!
1'
b101110100111 7
#59760000
0!
0'
#59770000
1!
1'
b101110101000 7
#59780000
0!
0'
#59790000
1!
1'
b101110101001 7
#59800000
0!
0'
#59810000
1!
1'
b101110101010 7
#59820000
0!
0'
#59830000
1!
1'
b101110101011 7
#59840000
0!
0'
#59850000
1!
1'
b101110101100 7
#59860000
0!
0'
#59870000
1!
1'
b101110101101 7
#59880000
0!
0'
#59890000
1!
1'
b101110101110 7
#59900000
0!
0'
#59910000
1!
1'
b101110101111 7
#59920000
0!
0'
#59930000
1!
1'
b101110110000 7
#59940000
0!
0'
#59950000
1!
1'
b101110110001 7
#59960000
0!
0'
#59970000
1!
1'
b101110110010 7
#59980000
0!
0'
#59990000
1!
1'
b101110110011 7
#60000000
0!
0'
#60010000
1!
1'
b101110110100 7
#60020000
0!
0'
#60030000
1!
1'
b101110110101 7
#60040000
0!
0'
#60050000
1!
1'
b101110110110 7
#60060000
0!
0'
#60070000
1!
1'
b101110110111 7
#60080000
0!
0'
#60090000
1!
1'
b101110111000 7
#60100000
0!
0'
#60110000
1!
1'
b101110111001 7
#60120000
0!
0'
#60130000
1!
1'
b101110111010 7
#60140000
0!
0'
#60150000
1!
1'
b101110111011 7
#60160000
0!
0'
#60170000
1!
1'
b101110111100 7
#60180000
0!
0'
#60190000
1!
1'
b101110111101 7
#60200000
0!
0'
#60210000
1!
1'
b101110111110 7
#60220000
0!
0'
#60230000
1!
1'
b101110111111 7
#60240000
0!
0'
#60250000
1!
1'
b101111000000 7
#60260000
0!
0'
#60270000
1!
1'
b101111000001 7
#60280000
0!
0'
#60290000
1!
1'
b101111000010 7
#60300000
0!
0'
#60310000
1!
1'
b101111000011 7
#60320000
0!
0'
#60330000
1!
1'
b101111000100 7
#60340000
0!
0'
#60350000
1!
1'
b101111000101 7
#60360000
0!
0'
#60370000
1!
1'
b101111000110 7
#60380000
0!
0'
#60390000
1!
1'
b101111000111 7
#60400000
0!
0'
#60410000
1!
1'
b101111001000 7
#60420000
0!
0'
#60430000
1!
1'
b101111001001 7
#60440000
0!
0'
#60450000
1!
1'
b101111001010 7
#60460000
0!
0'
#60470000
1!
1'
b101111001011 7
#60480000
0!
0'
#60490000
1!
1'
b101111001100 7
#60500000
0!
0'
#60510000
1!
1'
b101111001101 7
#60520000
0!
0'
#60530000
1!
1'
b101111001110 7
#60540000
0!
0'
#60550000
1!
1'
b101111001111 7
#60560000
0!
0'
#60570000
1!
1'
b101111010000 7
#60580000
0!
0'
#60590000
1!
1'
b101111010001 7
#60600000
0!
0'
#60610000
1!
1'
b101111010010 7
#60620000
0!
0'
#60630000
1!
1'
b101111010011 7
#60640000
0!
0'
#60650000
1!
1'
b101111010100 7
#60660000
0!
0'
#60670000
1!
1'
b101111010101 7
#60680000
0!
0'
#60690000
1!
1'
b101111010110 7
#60700000
0!
0'
#60710000
1!
1'
b101111010111 7
#60720000
0!
0'
#60730000
1!
1'
b101111011000 7
#60740000
0!
0'
#60750000
1!
1'
b101111011001 7
#60760000
0!
0'
#60770000
1!
1'
b101111011010 7
#60780000
0!
0'
#60790000
1!
1'
b101111011011 7
#60800000
0!
0'
#60810000
1!
1'
b101111011100 7
#60820000
0!
0'
#60830000
1!
1'
b101111011101 7
#60840000
0!
0'
#60850000
1!
1'
b101111011110 7
#60860000
0!
0'
#60870000
1!
1'
b101111011111 7
#60880000
0!
0'
#60890000
1!
1'
b101111100000 7
#60900000
0!
0'
#60910000
1!
1'
b101111100001 7
#60920000
0!
0'
#60930000
1!
1'
b101111100010 7
#60940000
0!
0'
#60950000
1!
1'
b101111100011 7
#60960000
0!
0'
#60970000
1!
1'
b101111100100 7
#60980000
0!
0'
#60990000
1!
1'
b101111100101 7
#61000000
0!
0'
#61010000
1!
1'
b101111100110 7
#61020000
0!
0'
#61030000
1!
1'
b101111100111 7
#61040000
0!
0'
#61050000
1!
1'
b101111101000 7
#61060000
0!
0'
#61070000
1!
1'
b101111101001 7
#61080000
0!
0'
#61090000
1!
1'
b101111101010 7
#61100000
0!
0'
#61110000
1!
1'
b101111101011 7
#61120000
0!
0'
#61130000
1!
1'
b101111101100 7
#61140000
0!
0'
#61150000
1!
1'
b101111101101 7
#61160000
0!
0'
#61170000
1!
1'
b101111101110 7
#61180000
0!
0'
#61190000
1!
1'
b101111101111 7
#61200000
0!
0'
#61210000
1!
1'
b101111110000 7
#61220000
0!
0'
#61230000
1!
1'
b101111110001 7
#61240000
0!
0'
#61250000
1!
1'
b101111110010 7
#61260000
0!
0'
#61270000
1!
1'
b101111110011 7
#61280000
0!
0'
#61290000
1!
1'
b101111110100 7
#61300000
0!
0'
#61310000
1!
1'
b101111110101 7
#61320000
0!
0'
#61330000
1!
1'
b101111110110 7
#61340000
0!
0'
#61350000
1!
1'
b101111110111 7
#61360000
0!
0'
#61370000
1!
1'
b101111111000 7
#61380000
0!
0'
#61390000
1!
1'
b101111111001 7
#61400000
0!
0'
#61410000
1!
1'
b101111111010 7
#61420000
0!
0'
#61430000
1!
1'
b101111111011 7
#61440000
0!
0'
#61450000
1!
1'
b101111111100 7
#61460000
0!
0'
#61470000
1!
1'
b101111111101 7
#61480000
0!
0'
#61490000
1!
1'
b101111111110 7
#61500000
0!
0'
#61510000
1!
1'
b101111111111 7
#61520000
0!
0'
#61530000
1!
1'
b110000000000 7
#61540000
0!
0'
#61550000
1!
1'
b110000000001 7
#61560000
0!
0'
#61570000
1!
1'
b110000000010 7
#61580000
0!
0'
#61590000
1!
1'
b110000000011 7
#61600000
0!
0'
#61610000
1!
1'
b110000000100 7
#61620000
0!
0'
#61630000
1!
1'
b110000000101 7
#61640000
0!
0'
#61650000
1!
1'
b110000000110 7
#61660000
0!
0'
#61670000
1!
1'
b110000000111 7
#61680000
0!
0'
#61690000
1!
1'
b110000001000 7
#61700000
0!
0'
#61710000
1!
1'
b110000001001 7
#61720000
0!
0'
#61730000
1!
1'
b110000001010 7
#61740000
0!
0'
#61750000
1!
1'
b110000001011 7
#61760000
0!
0'
#61770000
1!
1'
b110000001100 7
#61780000
0!
0'
#61790000
1!
1'
b110000001101 7
#61800000
0!
0'
#61810000
1!
1'
b110000001110 7
#61820000
0!
0'
#61830000
1!
1'
b110000001111 7
#61840000
0!
0'
#61850000
1!
1'
b110000010000 7
#61860000
0!
0'
#61870000
1!
1'
b110000010001 7
#61880000
0!
0'
#61890000
1!
1'
b110000010010 7
#61900000
0!
0'
#61910000
1!
1'
b110000010011 7
#61920000
0!
0'
#61930000
1!
1'
b110000010100 7
#61940000
0!
0'
#61950000
1!
1'
b110000010101 7
#61960000
0!
0'
#61970000
1!
1'
b110000010110 7
#61980000
0!
0'
#61990000
1!
1'
b110000010111 7
#62000000
0!
0'
#62010000
1!
1'
b110000011000 7
#62020000
0!
0'
#62030000
1!
1'
b110000011001 7
#62040000
0!
0'
#62050000
1!
1'
b110000011010 7
#62060000
0!
0'
#62070000
1!
1'
b110000011011 7
#62080000
0!
0'
#62090000
1!
1'
b110000011100 7
#62100000
0!
0'
#62110000
1!
1'
b110000011101 7
#62120000
0!
0'
#62130000
1!
1'
b110000011110 7
#62140000
0!
0'
#62150000
1!
1'
b110000011111 7
#62160000
0!
0'
#62170000
1!
1'
b110000100000 7
#62180000
0!
0'
#62190000
1!
1'
b110000100001 7
#62200000
0!
0'
#62210000
1!
1'
b110000100010 7
#62220000
0!
0'
#62230000
1!
1'
b110000100011 7
#62240000
0!
0'
#62250000
1!
1'
b110000100100 7
#62260000
0!
0'
#62270000
1!
1'
b110000100101 7
#62280000
0!
0'
#62290000
1!
1'
b110000100110 7
#62300000
0!
0'
#62310000
1!
1'
b110000100111 7
#62320000
0!
0'
#62330000
1!
1'
b110000101000 7
#62340000
0!
0'
#62350000
1!
1'
b110000101001 7
#62360000
0!
0'
#62370000
1!
1'
b110000101010 7
#62380000
0!
0'
#62390000
1!
1'
b110000101011 7
#62400000
0!
0'
#62410000
1!
1'
b110000101100 7
#62420000
0!
0'
#62430000
1!
1'
b110000101101 7
#62440000
0!
0'
#62450000
1!
1'
b110000101110 7
#62460000
0!
0'
#62470000
1!
1'
b110000101111 7
#62480000
0!
0'
#62490000
1!
1'
b110000110000 7
#62500000
0!
0'
#62510000
1!
1'
b110000110001 7
#62520000
0!
0'
#62530000
1!
1'
b110000110010 7
#62540000
0!
0'
#62550000
1!
1'
b110000110011 7
#62560000
0!
0'
#62570000
1!
1'
b110000110100 7
#62580000
0!
0'
#62590000
1!
1'
b110000110101 7
#62600000
0!
0'
#62610000
1!
1'
b110000110110 7
#62620000
0!
0'
#62630000
1!
1'
b110000110111 7
#62640000
0!
0'
#62650000
1!
1'
b110000111000 7
#62660000
0!
0'
#62670000
1!
1'
b110000111001 7
#62680000
0!
0'
#62690000
1!
1'
b110000111010 7
#62700000
0!
0'
#62710000
1!
1'
b110000111011 7
#62720000
0!
0'
#62730000
1!
1'
b110000111100 7
#62740000
0!
0'
#62750000
1!
1'
b110000111101 7
#62760000
0!
0'
#62770000
1!
1'
b110000111110 7
#62780000
0!
0'
#62790000
1!
1'
b110000111111 7
#62800000
0!
0'
#62810000
1!
1'
b110001000000 7
#62820000
0!
0'
#62830000
1!
1'
b110001000001 7
#62840000
0!
0'
#62850000
1!
1'
b110001000010 7
#62860000
0!
0'
#62870000
1!
1'
b110001000011 7
#62880000
0!
0'
#62890000
1!
1'
b110001000100 7
#62900000
0!
0'
#62910000
1!
1'
b110001000101 7
#62920000
0!
0'
#62930000
1!
1'
b110001000110 7
#62940000
0!
0'
#62950000
1!
1'
b110001000111 7
#62960000
0!
0'
#62970000
1!
1'
b110001001000 7
#62980000
0!
0'
#62990000
1!
1'
b110001001001 7
#63000000
0!
0'
#63010000
1!
1'
b110001001010 7
#63020000
0!
0'
#63030000
1!
1'
b110001001011 7
#63040000
0!
0'
#63050000
1!
1'
b110001001100 7
#63060000
0!
0'
#63070000
1!
1'
b110001001101 7
#63080000
0!
0'
#63090000
1!
1'
b110001001110 7
#63100000
0!
0'
#63110000
1!
1'
b110001001111 7
#63120000
0!
0'
#63130000
1!
1'
b110001010000 7
#63140000
0!
0'
#63150000
1!
1'
b110001010001 7
#63160000
0!
0'
#63170000
1!
1'
b110001010010 7
#63180000
0!
0'
#63190000
1!
1'
b110001010011 7
#63200000
0!
0'
#63210000
1!
1'
b110001010100 7
#63220000
0!
0'
#63230000
1!
1'
b110001010101 7
#63240000
0!
0'
#63250000
1!
1'
b110001010110 7
#63260000
0!
0'
#63270000
1!
1'
b110001010111 7
#63280000
0!
0'
#63290000
1!
1'
b110001011000 7
#63300000
0!
0'
#63310000
1!
1'
b110001011001 7
#63320000
0!
0'
#63330000
1!
1'
b110001011010 7
#63340000
0!
0'
#63350000
1!
1'
b110001011011 7
#63360000
0!
0'
#63370000
1!
1'
b110001011100 7
#63380000
0!
0'
#63390000
1!
1'
b110001011101 7
#63400000
0!
0'
#63410000
1!
1'
b110001011110 7
#63420000
0!
0'
#63430000
1!
1'
b110001011111 7
#63440000
0!
0'
#63450000
1!
1'
b110001100000 7
#63460000
0!
0'
#63470000
1!
1'
b110001100001 7
#63480000
0!
0'
#63490000
1!
1'
b110001100010 7
#63500000
0!
0'
#63510000
1!
1'
b110001100011 7
#63520000
0!
0'
#63530000
1!
1'
b110001100100 7
#63540000
0!
0'
#63550000
1!
1'
b110001100101 7
#63560000
0!
0'
#63570000
1!
1'
b110001100110 7
#63580000
0!
0'
#63590000
1!
1'
b110001100111 7
#63600000
0!
0'
#63610000
1!
1'
b110001101000 7
#63620000
0!
0'
#63630000
1!
1'
b110001101001 7
#63640000
0!
0'
#63650000
1!
1'
b110001101010 7
#63660000
0!
0'
#63670000
1!
1'
b110001101011 7
#63680000
0!
0'
#63690000
1!
1'
b110001101100 7
#63700000
0!
0'
#63710000
1!
1'
b110001101101 7
#63720000
0!
0'
#63730000
1!
1'
b110001101110 7
#63740000
0!
0'
#63750000
1!
1'
b110001101111 7
#63760000
0!
0'
#63770000
1!
1'
b110001110000 7
#63780000
0!
0'
#63790000
1!
1'
b110001110001 7
#63800000
0!
0'
#63810000
1!
1'
b110001110010 7
#63820000
0!
0'
#63830000
1!
1'
b110001110011 7
#63840000
0!
0'
#63850000
1!
1'
b110001110100 7
#63860000
0!
0'
#63870000
1!
1'
b110001110101 7
#63880000
0!
0'
#63890000
1!
1'
b110001110110 7
#63900000
0!
0'
#63910000
1!
1'
b110001110111 7
#63920000
0!
0'
#63930000
1!
1'
b110001111000 7
#63940000
0!
0'
#63950000
1!
1'
b110001111001 7
#63960000
0!
0'
#63970000
1!
1'
b110001111010 7
#63980000
0!
0'
#63990000
1!
1'
b110001111011 7
#64000000
0!
0'
#64010000
1!
1'
b110001111100 7
#64020000
0!
0'
#64030000
1!
1'
b110001111101 7
#64040000
0!
0'
#64050000
1!
1'
b110001111110 7
#64060000
0!
0'
#64070000
1!
1'
b110001111111 7
#64080000
0!
0'
#64090000
1!
1'
b110010000000 7
#64100000
0!
0'
#64110000
1!
1'
b110010000001 7
#64120000
0!
0'
#64130000
1!
1'
b110010000010 7
#64140000
0!
0'
#64150000
1!
1'
b110010000011 7
#64160000
0!
0'
#64170000
1!
1'
b110010000100 7
#64180000
0!
0'
#64190000
1!
1'
b110010000101 7
#64200000
0!
0'
#64210000
1!
1'
b110010000110 7
#64220000
0!
0'
#64230000
1!
1'
b110010000111 7
#64240000
0!
0'
#64250000
1!
1'
b110010001000 7
#64260000
0!
0'
#64270000
1!
1'
b110010001001 7
#64280000
0!
0'
#64290000
1!
1'
b110010001010 7
#64300000
0!
0'
#64310000
1!
1'
b110010001011 7
#64320000
0!
0'
#64330000
1!
1'
b110010001100 7
#64340000
0!
0'
#64350000
1!
1'
b110010001101 7
#64360000
0!
0'
#64370000
1!
1'
b110010001110 7
#64380000
0!
0'
#64390000
1!
1'
b110010001111 7
#64400000
0!
0'
#64410000
1!
1'
b110010010000 7
#64420000
0!
0'
#64430000
1!
1'
b110010010001 7
#64440000
0!
0'
#64450000
1!
1'
b110010010010 7
#64460000
0!
0'
#64470000
1!
1'
b110010010011 7
#64480000
0!
0'
#64490000
1!
1'
b110010010100 7
#64500000
0!
0'
#64510000
1!
1'
b110010010101 7
#64520000
0!
0'
#64530000
1!
1'
b110010010110 7
#64540000
0!
0'
#64550000
1!
1'
b110010010111 7
#64560000
0!
0'
#64570000
1!
1'
b110010011000 7
#64580000
0!
0'
#64590000
1!
1'
b110010011001 7
#64600000
0!
0'
#64610000
1!
1'
b110010011010 7
#64620000
0!
0'
#64630000
1!
1'
b110010011011 7
#64640000
0!
0'
#64650000
1!
1'
b110010011100 7
#64660000
0!
0'
#64670000
1!
1'
b110010011101 7
#64680000
0!
0'
#64690000
1!
1'
b110010011110 7
#64700000
0!
0'
#64710000
1!
1'
b110010011111 7
#64720000
0!
0'
#64730000
1!
1'
b110010100000 7
#64740000
0!
0'
#64750000
1!
1'
b110010100001 7
#64760000
0!
0'
#64770000
1!
1'
b110010100010 7
#64780000
0!
0'
#64790000
1!
1'
b110010100011 7
#64800000
0!
0'
#64810000
1!
1'
b110010100100 7
#64820000
0!
0'
#64830000
1!
1'
b110010100101 7
#64840000
0!
0'
#64850000
1!
1'
b110010100110 7
#64860000
0!
0'
#64870000
1!
1'
b110010100111 7
#64880000
0!
0'
#64890000
1!
1'
b110010101000 7
#64900000
0!
0'
#64910000
1!
1'
b110010101001 7
#64920000
0!
0'
#64930000
1!
1'
b110010101010 7
#64940000
0!
0'
#64950000
1!
1'
b110010101011 7
#64960000
0!
0'
#64970000
1!
1'
b110010101100 7
#64980000
0!
0'
#64990000
1!
1'
b110010101101 7
#65000000
0!
0'
#65010000
1!
1'
b110010101110 7
#65020000
0!
0'
#65030000
1!
1'
b110010101111 7
#65040000
0!
0'
#65050000
1!
1'
b110010110000 7
#65060000
0!
0'
#65070000
1!
1'
b110010110001 7
#65080000
0!
0'
#65090000
1!
1'
b110010110010 7
#65100000
0!
0'
#65110000
1!
1'
b110010110011 7
#65120000
0!
0'
#65130000
1!
1'
b110010110100 7
#65140000
0!
0'
#65150000
1!
1'
b110010110101 7
#65160000
0!
0'
#65170000
1!
1'
b110010110110 7
#65180000
0!
0'
#65190000
1!
1'
b110010110111 7
#65200000
0!
0'
#65210000
1!
1'
b110010111000 7
#65220000
0!
0'
#65230000
1!
1'
b110010111001 7
#65240000
0!
0'
#65250000
1!
1'
b110010111010 7
#65260000
0!
0'
#65270000
1!
1'
b110010111011 7
#65280000
0!
0'
#65290000
1!
1'
b110010111100 7
#65300000
0!
0'
#65310000
1!
1'
b110010111101 7
#65320000
0!
0'
#65330000
1!
1'
b110010111110 7
#65340000
0!
0'
#65350000
1!
1'
b110010111111 7
#65360000
0!
0'
#65370000
1!
1'
b110011000000 7
#65380000
0!
0'
#65390000
1!
1'
b110011000001 7
#65400000
0!
0'
#65410000
1!
1'
b110011000010 7
#65420000
0!
0'
#65430000
1!
1'
b110011000011 7
#65440000
0!
0'
#65450000
1!
1'
b110011000100 7
#65460000
0!
0'
#65470000
1!
1'
b110011000101 7
#65480000
0!
0'
#65490000
1!
1'
b110011000110 7
#65500000
0!
0'
#65510000
1!
1'
b110011000111 7
#65520000
0!
0'
#65530000
1!
1'
b110011001000 7
#65540000
0!
0'
#65550000
1!
1'
b110011001001 7
#65560000
0!
0'
#65570000
1!
1'
b110011001010 7
#65580000
0!
0'
#65590000
1!
1'
b110011001011 7
#65600000
0!
0'
#65610000
1!
1'
b110011001100 7
#65620000
0!
0'
#65630000
1!
1'
b110011001101 7
#65640000
0!
0'
#65650000
1!
1'
b110011001110 7
#65660000
0!
0'
#65670000
1!
1'
b110011001111 7
#65680000
0!
0'
#65690000
1!
1'
b110011010000 7
#65700000
0!
0'
#65710000
1!
1'
b110011010001 7
#65720000
0!
0'
#65730000
1!
1'
b110011010010 7
#65740000
0!
0'
#65750000
1!
1'
b110011010011 7
#65760000
0!
0'
#65770000
1!
1'
b110011010100 7
#65780000
0!
0'
#65790000
1!
1'
b110011010101 7
#65800000
0!
0'
#65810000
1!
1'
b110011010110 7
#65820000
0!
0'
#65830000
1!
1'
b110011010111 7
#65840000
0!
0'
#65850000
1!
1'
b110011011000 7
#65860000
0!
0'
#65870000
1!
1'
b110011011001 7
#65880000
0!
0'
#65890000
1!
1'
b110011011010 7
#65900000
0!
0'
#65910000
1!
1'
b110011011011 7
#65920000
0!
0'
#65930000
1!
1'
b110011011100 7
#65940000
0!
0'
#65950000
1!
1'
b110011011101 7
#65960000
0!
0'
#65970000
1!
1'
b110011011110 7
#65980000
0!
0'
#65990000
1!
1'
b110011011111 7
#66000000
0!
0'
#66010000
1!
1'
b110011100000 7
#66020000
0!
0'
#66030000
1!
1'
b110011100001 7
#66040000
0!
0'
#66050000
1!
1'
b110011100010 7
#66060000
0!
0'
#66070000
1!
1'
b110011100011 7
#66080000
0!
0'
#66090000
1!
1'
b110011100100 7
#66100000
0!
0'
#66110000
1!
1'
b110011100101 7
#66120000
0!
0'
#66130000
1!
1'
b110011100110 7
#66140000
0!
0'
#66150000
1!
1'
b110011100111 7
#66160000
0!
0'
#66170000
1!
1'
b110011101000 7
#66180000
0!
0'
#66190000
1!
1'
b110011101001 7
#66200000
0!
0'
#66210000
1!
1'
b110011101010 7
#66220000
0!
0'
#66230000
1!
1'
b110011101011 7
#66240000
0!
0'
#66250000
1!
1'
b110011101100 7
#66260000
0!
0'
#66270000
1!
1'
b110011101101 7
#66280000
0!
0'
#66290000
1!
1'
b110011101110 7
#66300000
0!
0'
#66310000
1!
1'
b110011101111 7
#66320000
0!
0'
#66330000
1!
1'
b110011110000 7
#66340000
0!
0'
#66350000
1!
1'
b110011110001 7
#66360000
0!
0'
#66370000
1!
1'
b110011110010 7
#66380000
0!
0'
#66390000
1!
1'
b110011110011 7
#66400000
0!
0'
#66410000
1!
1'
b110011110100 7
#66420000
0!
0'
#66430000
1!
1'
b110011110101 7
#66440000
0!
0'
#66450000
1!
1'
b110011110110 7
#66460000
0!
0'
#66470000
1!
1'
b110011110111 7
#66480000
0!
0'
#66490000
1!
1'
b110011111000 7
#66500000
0!
0'
#66510000
1!
1'
b110011111001 7
#66520000
0!
0'
#66530000
1!
1'
b110011111010 7
#66540000
0!
0'
#66550000
1!
1'
b110011111011 7
#66560000
0!
0'
#66570000
1!
1'
b110011111100 7
#66580000
0!
0'
#66590000
1!
1'
b110011111101 7
#66600000
0!
0'
#66610000
1!
1'
b110011111110 7
#66620000
0!
0'
#66630000
1!
1'
b110011111111 7
#66640000
0!
0'
#66650000
1!
1'
b110100000000 7
#66660000
0!
0'
#66670000
1!
1'
b110100000001 7
#66680000
0!
0'
#66690000
1!
1'
b110100000010 7
#66700000
0!
0'
#66710000
1!
1'
b110100000011 7
#66720000
0!
0'
#66730000
1!
1'
b110100000100 7
#66740000
0!
0'
#66750000
1!
1'
b110100000101 7
#66760000
0!
0'
#66770000
1!
1'
b110100000110 7
#66780000
0!
0'
#66790000
1!
1'
b110100000111 7
#66800000
0!
0'
#66810000
1!
1'
b110100001000 7
#66820000
0!
0'
#66830000
1!
1'
b110100001001 7
#66840000
0!
0'
#66850000
1!
1'
b110100001010 7
#66860000
0!
0'
#66870000
1!
1'
b110100001011 7
#66880000
0!
0'
#66890000
1!
1'
b110100001100 7
#66900000
0!
0'
#66910000
1!
1'
b110100001101 7
#66920000
0!
0'
#66930000
1!
1'
b110100001110 7
#66940000
0!
0'
#66950000
1!
1'
b110100001111 7
#66960000
0!
0'
#66970000
1!
1'
b110100010000 7
#66980000
0!
0'
#66990000
1!
1'
b110100010001 7
#67000000
0!
0'
#67010000
1!
1'
b110100010010 7
#67020000
0!
0'
#67030000
1!
1'
b110100010011 7
#67040000
0!
0'
#67050000
1!
1'
b110100010100 7
#67060000
0!
0'
#67070000
1!
1'
b110100010101 7
#67080000
0!
0'
#67090000
1!
1'
b110100010110 7
#67100000
0!
0'
#67110000
1!
1'
b110100010111 7
#67120000
0!
0'
#67130000
1!
1'
b110100011000 7
#67140000
0!
0'
#67150000
1!
1'
b110100011001 7
#67160000
0!
0'
#67170000
1!
1'
b110100011010 7
#67180000
0!
0'
#67190000
1!
1'
b110100011011 7
#67200000
0!
0'
#67210000
1!
1'
b110100011100 7
#67220000
0!
0'
#67230000
1!
1'
b110100011101 7
#67240000
0!
0'
#67250000
1!
1'
b110100011110 7
#67260000
0!
0'
#67270000
1!
1'
b110100011111 7
#67280000
0!
0'
#67290000
1!
1'
b110100100000 7
#67300000
0!
0'
#67310000
1!
1'
b110100100001 7
#67320000
0!
0'
#67330000
1!
1'
b110100100010 7
#67340000
0!
0'
#67350000
1!
1'
b110100100011 7
#67360000
0!
0'
#67370000
1!
1'
b110100100100 7
#67380000
0!
0'
#67390000
1!
1'
b110100100101 7
#67400000
0!
0'
#67410000
1!
1'
b110100100110 7
#67420000
0!
0'
#67430000
1!
1'
b110100100111 7
#67440000
0!
0'
#67450000
1!
1'
b110100101000 7
#67460000
0!
0'
#67470000
1!
1'
b110100101001 7
#67480000
0!
0'
#67490000
1!
1'
b110100101010 7
#67500000
0!
0'
#67510000
1!
1'
b110100101011 7
#67520000
0!
0'
#67530000
1!
1'
b110100101100 7
#67540000
0!
0'
#67550000
1!
1'
b110100101101 7
#67560000
0!
0'
#67570000
1!
1'
b110100101110 7
#67580000
0!
0'
#67590000
1!
1'
b110100101111 7
#67600000
0!
0'
#67610000
1!
1'
b110100110000 7
#67620000
0!
0'
#67630000
1!
1'
b110100110001 7
#67640000
0!
0'
#67650000
1!
1'
b110100110010 7
#67660000
0!
0'
#67670000
1!
1'
b110100110011 7
#67680000
0!
0'
#67690000
1!
1'
b110100110100 7
#67700000
0!
0'
#67710000
1!
1'
b110100110101 7
#67720000
0!
0'
#67730000
1!
1'
b110100110110 7
#67740000
0!
0'
#67750000
1!
1'
b110100110111 7
#67760000
0!
0'
#67770000
1!
1'
b110100111000 7
#67780000
0!
0'
#67790000
1!
1'
b110100111001 7
#67800000
0!
0'
#67810000
1!
1'
b110100111010 7
#67820000
0!
0'
#67830000
1!
1'
b110100111011 7
#67840000
0!
0'
#67850000
1!
1'
b110100111100 7
#67860000
0!
0'
#67870000
1!
1'
b110100111101 7
#67880000
0!
0'
#67890000
1!
1'
b110100111110 7
#67900000
0!
0'
#67910000
1!
1'
b110100111111 7
#67920000
0!
0'
#67930000
1!
1'
b110101000000 7
#67940000
0!
0'
#67950000
1!
1'
b110101000001 7
#67960000
0!
0'
#67970000
1!
1'
b110101000010 7
#67980000
0!
0'
#67990000
1!
1'
b110101000011 7
#68000000
0!
0'
#68010000
1!
1'
b110101000100 7
#68020000
0!
0'
#68030000
1!
1'
b110101000101 7
#68040000
0!
0'
#68050000
1!
1'
b110101000110 7
#68060000
0!
0'
#68070000
1!
1'
b110101000111 7
#68080000
0!
0'
#68090000
1!
1'
b110101001000 7
#68100000
0!
0'
#68110000
1!
1'
b110101001001 7
#68120000
0!
0'
#68130000
1!
1'
b110101001010 7
#68140000
0!
0'
#68150000
1!
1'
b110101001011 7
#68160000
0!
0'
#68170000
1!
1'
b110101001100 7
#68180000
0!
0'
#68190000
1!
1'
b110101001101 7
#68200000
0!
0'
#68210000
1!
1'
b110101001110 7
#68220000
0!
0'
#68230000
1!
1'
b110101001111 7
#68240000
0!
0'
#68250000
1!
1'
b110101010000 7
#68260000
0!
0'
#68270000
1!
1'
b110101010001 7
#68280000
0!
0'
#68290000
1!
1'
b110101010010 7
#68300000
0!
0'
#68310000
1!
1'
b110101010011 7
#68320000
0!
0'
#68330000
1!
1'
b110101010100 7
#68340000
0!
0'
#68350000
1!
1'
b110101010101 7
#68360000
0!
0'
#68370000
1!
1'
b110101010110 7
#68380000
0!
0'
#68390000
1!
1'
b110101010111 7
#68400000
0!
0'
#68410000
1!
1'
b110101011000 7
#68420000
0!
0'
#68430000
1!
1'
b110101011001 7
#68440000
0!
0'
#68450000
1!
1'
b110101011010 7
#68460000
0!
0'
#68470000
1!
1'
b110101011011 7
#68480000
0!
0'
#68490000
1!
1'
b110101011100 7
#68500000
0!
0'
#68510000
1!
1'
b110101011101 7
#68520000
0!
0'
#68530000
1!
1'
b110101011110 7
#68540000
0!
0'
#68550000
1!
1'
b110101011111 7
#68560000
0!
0'
#68570000
1!
1'
b110101100000 7
#68580000
0!
0'
#68590000
1!
1'
b110101100001 7
#68600000
0!
0'
#68610000
1!
1'
b110101100010 7
#68620000
0!
0'
#68630000
1!
1'
b110101100011 7
#68640000
0!
0'
#68650000
1!
1'
b110101100100 7
#68660000
0!
0'
#68670000
1!
1'
b110101100101 7
#68680000
0!
0'
#68690000
1!
1'
b110101100110 7
#68700000
0!
0'
#68710000
1!
1'
b110101100111 7
#68720000
0!
0'
#68730000
1!
1'
b110101101000 7
#68740000
0!
0'
#68750000
1!
1'
b110101101001 7
#68760000
0!
0'
#68770000
1!
1'
b110101101010 7
#68780000
0!
0'
#68790000
1!
1'
b110101101011 7
#68800000
0!
0'
#68810000
1!
1'
b110101101100 7
#68820000
0!
0'
#68830000
1!
1'
b110101101101 7
#68840000
0!
0'
#68850000
1!
1'
b110101101110 7
#68860000
0!
0'
#68870000
1!
1'
b110101101111 7
#68880000
0!
0'
#68890000
1!
1'
b110101110000 7
#68900000
0!
0'
#68910000
1!
1'
b110101110001 7
#68920000
0!
0'
#68930000
1!
1'
b110101110010 7
#68940000
0!
0'
#68950000
1!
1'
b110101110011 7
#68960000
0!
0'
#68970000
1!
1'
b110101110100 7
#68980000
0!
0'
#68990000
1!
1'
b110101110101 7
#69000000
0!
0'
#69010000
1!
1'
b110101110110 7
#69020000
0!
0'
#69030000
1!
1'
b110101110111 7
#69040000
0!
0'
#69050000
1!
1'
b110101111000 7
#69060000
0!
0'
#69070000
1!
1'
b110101111001 7
#69080000
0!
0'
#69090000
1!
1'
b110101111010 7
#69100000
0!
0'
#69110000
1!
1'
b110101111011 7
#69120000
0!
0'
#69130000
1!
1'
b110101111100 7
#69140000
0!
0'
#69150000
1!
1'
b110101111101 7
#69160000
0!
0'
#69170000
1!
1'
b110101111110 7
#69180000
0!
0'
#69190000
1!
1'
b110101111111 7
#69200000
0!
0'
#69210000
1!
1'
b110110000000 7
#69220000
0!
0'
#69230000
1!
1'
b110110000001 7
#69240000
0!
0'
#69250000
1!
1'
b110110000010 7
#69260000
0!
0'
#69270000
1!
1'
b110110000011 7
#69280000
0!
0'
#69290000
1!
1'
b110110000100 7
#69300000
0!
0'
#69310000
1!
1'
b110110000101 7
#69320000
0!
0'
#69330000
1!
1'
b110110000110 7
#69340000
0!
0'
#69350000
1!
1'
b110110000111 7
#69360000
0!
0'
#69370000
1!
1'
b110110001000 7
#69380000
0!
0'
#69390000
1!
1'
b110110001001 7
#69400000
0!
0'
#69410000
1!
1'
b110110001010 7
#69420000
0!
0'
#69430000
1!
1'
b110110001011 7
#69440000
0!
0'
#69450000
1!
1'
b110110001100 7
#69460000
0!
0'
#69470000
1!
1'
b110110001101 7
#69480000
0!
0'
#69490000
1!
1'
b110110001110 7
#69500000
0!
0'
#69510000
1!
1'
b110110001111 7
#69520000
0!
0'
#69530000
1!
1'
b110110010000 7
#69540000
0!
0'
#69550000
1!
1'
b110110010001 7
#69560000
0!
0'
#69570000
1!
1'
b110110010010 7
#69580000
0!
0'
#69590000
1!
1'
b110110010011 7
#69600000
0!
0'
#69610000
1!
1'
b110110010100 7
#69620000
0!
0'
#69630000
1!
1'
b110110010101 7
#69640000
0!
0'
#69650000
1!
1'
b110110010110 7
#69660000
0!
0'
#69670000
1!
1'
b110110010111 7
#69680000
0!
0'
#69690000
1!
1'
b110110011000 7
#69700000
0!
0'
#69710000
1!
1'
b110110011001 7
#69720000
0!
0'
#69730000
1!
1'
b110110011010 7
#69740000
0!
0'
#69750000
1!
1'
b110110011011 7
#69760000
0!
0'
#69770000
1!
1'
b110110011100 7
#69780000
0!
0'
#69790000
1!
1'
b110110011101 7
#69800000
0!
0'
#69810000
1!
1'
b110110011110 7
#69820000
0!
0'
#69830000
1!
1'
b110110011111 7
#69840000
0!
0'
#69850000
1!
1'
b110110100000 7
#69860000
0!
0'
#69870000
1!
1'
b110110100001 7
#69880000
0!
0'
#69890000
1!
1'
b110110100010 7
#69900000
0!
0'
#69910000
1!
1'
b110110100011 7
#69920000
0!
0'
#69930000
1!
1'
b110110100100 7
#69940000
0!
0'
#69950000
1!
1'
b110110100101 7
#69960000
0!
0'
#69970000
1!
1'
b110110100110 7
#69980000
0!
0'
#69990000
1!
1'
b110110100111 7
#70000000
0!
0'
#70010000
1!
1'
b110110101000 7
#70020000
0!
0'
#70030000
1!
1'
b110110101001 7
#70040000
0!
0'
#70050000
1!
1'
b110110101010 7
#70060000
0!
0'
#70070000
1!
1'
b110110101011 7
#70080000
0!
0'
#70090000
1!
1'
b110110101100 7
#70100000
0!
0'
#70110000
1!
1'
b110110101101 7
#70120000
0!
0'
#70130000
1!
1'
b110110101110 7
#70140000
0!
0'
#70150000
1!
1'
b110110101111 7
#70160000
0!
0'
#70170000
1!
1'
b110110110000 7
#70180000
0!
0'
#70190000
1!
1'
b110110110001 7
#70200000
0!
0'
#70210000
1!
1'
b110110110010 7
#70220000
0!
0'
#70230000
1!
1'
b110110110011 7
#70240000
0!
0'
#70250000
1!
1'
b110110110100 7
#70260000
0!
0'
#70270000
1!
1'
b110110110101 7
#70280000
0!
0'
#70290000
1!
1'
b110110110110 7
#70300000
0!
0'
#70310000
1!
1'
b110110110111 7
#70320000
0!
0'
#70330000
1!
1'
b110110111000 7
#70340000
0!
0'
#70350000
1!
1'
b110110111001 7
#70360000
0!
0'
#70370000
1!
1'
b110110111010 7
#70380000
0!
0'
#70390000
1!
1'
b110110111011 7
#70400000
0!
0'
#70410000
1!
1'
b110110111100 7
#70420000
0!
0'
#70430000
1!
1'
b110110111101 7
#70440000
0!
0'
#70450000
1!
1'
b110110111110 7
#70460000
0!
0'
#70470000
1!
1'
b110110111111 7
#70480000
0!
0'
#70490000
1!
1'
b110111000000 7
#70500000
0!
0'
#70510000
1!
1'
b110111000001 7
#70520000
0!
0'
#70530000
1!
1'
b110111000010 7
#70540000
0!
0'
#70550000
1!
1'
b110111000011 7
#70560000
0!
0'
#70570000
1!
1'
b110111000100 7
#70580000
0!
0'
#70590000
1!
1'
b110111000101 7
#70600000
0!
0'
#70610000
1!
1'
b110111000110 7
#70620000
0!
0'
#70630000
1!
1'
b110111000111 7
#70640000
0!
0'
#70650000
1!
1'
b110111001000 7
#70660000
0!
0'
#70670000
1!
1'
b110111001001 7
#70680000
0!
0'
#70690000
1!
1'
b110111001010 7
#70700000
0!
0'
#70710000
1!
1'
b110111001011 7
#70720000
0!
0'
#70730000
1!
1'
b110111001100 7
#70740000
0!
0'
#70750000
1!
1'
b110111001101 7
#70760000
0!
0'
#70770000
1!
1'
b110111001110 7
#70780000
0!
0'
#70790000
1!
1'
b110111001111 7
#70800000
0!
0'
#70810000
1!
1'
b110111010000 7
#70820000
0!
0'
#70830000
1!
1'
b110111010001 7
#70840000
0!
0'
#70850000
1!
1'
b110111010010 7
#70860000
0!
0'
#70870000
1!
1'
b110111010011 7
#70880000
0!
0'
#70890000
1!
1'
b110111010100 7
#70900000
0!
0'
#70910000
1!
1'
b110111010101 7
#70920000
0!
0'
#70930000
1!
1'
b110111010110 7
#70940000
0!
0'
#70950000
1!
1'
b110111010111 7
#70960000
0!
0'
#70970000
1!
1'
b110111011000 7
#70980000
0!
0'
#70990000
1!
1'
b110111011001 7
#71000000
0!
0'
#71010000
1!
1'
b110111011010 7
#71020000
0!
0'
#71030000
1!
1'
b110111011011 7
#71040000
0!
0'
#71050000
1!
1'
b110111011100 7
#71060000
0!
0'
#71070000
1!
1'
b110111011101 7
#71080000
0!
0'
#71090000
1!
1'
b110111011110 7
#71100000
0!
0'
#71110000
1!
1'
b110111011111 7
#71120000
0!
0'
#71130000
1!
1'
b110111100000 7
#71140000
0!
0'
#71150000
1!
1'
b110111100001 7
#71160000
0!
0'
#71170000
1!
1'
b110111100010 7
#71180000
0!
0'
#71190000
1!
1'
b110111100011 7
#71200000
0!
0'
#71210000
1!
1'
b110111100100 7
#71220000
0!
0'
#71230000
1!
1'
b110111100101 7
#71240000
0!
0'
#71250000
1!
1'
b110111100110 7
#71260000
0!
0'
#71270000
1!
1'
b110111100111 7
#71280000
0!
0'
#71290000
1!
1'
b110111101000 7
#71300000
0!
0'
#71310000
1!
1'
b110111101001 7
#71320000
0!
0'
#71330000
1!
1'
b110111101010 7
#71340000
0!
0'
#71350000
1!
1'
b110111101011 7
#71360000
0!
0'
#71370000
1!
1'
b110111101100 7
#71380000
0!
0'
#71390000
1!
1'
b110111101101 7
#71400000
0!
0'
#71410000
1!
1'
b110111101110 7
#71420000
0!
0'
#71430000
1!
1'
b110111101111 7
#71440000
0!
0'
#71450000
1!
1'
b110111110000 7
#71460000
0!
0'
#71470000
1!
1'
b110111110001 7
#71480000
0!
0'
#71490000
1!
1'
b110111110010 7
#71500000
0!
0'
#71510000
1!
1'
b110111110011 7
#71520000
0!
0'
#71530000
1!
1'
b110111110100 7
#71540000
0!
0'
#71550000
1!
1'
b110111110101 7
#71560000
0!
0'
#71570000
1!
1'
b110111110110 7
#71580000
0!
0'
#71590000
1!
1'
b110111110111 7
#71600000
0!
0'
#71610000
1!
1'
b110111111000 7
#71620000
0!
0'
#71630000
1!
1'
b110111111001 7
#71640000
0!
0'
#71650000
1!
1'
b110111111010 7
#71660000
0!
0'
#71670000
1!
1'
b110111111011 7
#71680000
0!
0'
#71690000
1!
1'
b110111111100 7
#71700000
0!
0'
#71710000
1!
1'
b110111111101 7
#71720000
0!
0'
#71730000
1!
1'
b110111111110 7
#71740000
0!
0'
#71750000
1!
1'
b110111111111 7
#71760000
0!
0'
#71770000
1!
1'
b111000000000 7
#71780000
0!
0'
#71790000
1!
1'
b111000000001 7
#71800000
0!
0'
#71810000
1!
1'
b111000000010 7
#71820000
0!
0'
#71830000
1!
1'
b111000000011 7
#71840000
0!
0'
#71850000
1!
1'
b111000000100 7
#71860000
0!
0'
#71870000
1!
1'
b111000000101 7
#71880000
0!
0'
#71890000
1!
1'
b111000000110 7
#71900000
0!
0'
#71910000
1!
1'
b111000000111 7
#71920000
0!
0'
#71930000
1!
1'
b111000001000 7
#71940000
0!
0'
#71950000
1!
1'
b111000001001 7
#71960000
0!
0'
#71970000
1!
1'
b111000001010 7
#71980000
0!
0'
#71990000
1!
1'
b111000001011 7
#72000000
0!
0'
#72010000
1!
1'
b111000001100 7
#72020000
0!
0'
#72030000
1!
1'
b111000001101 7
#72040000
0!
0'
#72050000
1!
1'
b111000001110 7
#72060000
0!
0'
#72070000
1!
1'
b111000001111 7
#72080000
0!
0'
#72090000
1!
1'
b111000010000 7
#72100000
0!
0'
#72110000
1!
1'
b111000010001 7
#72120000
0!
0'
#72130000
1!
1'
b111000010010 7
#72140000
0!
0'
#72150000
1!
1'
b111000010011 7
#72160000
0!
0'
#72170000
1!
1'
b111000010100 7
#72180000
0!
0'
#72190000
1!
1'
b111000010101 7
#72200000
0!
0'
#72210000
1!
1'
b111000010110 7
#72220000
0!
0'
#72230000
1!
1'
b111000010111 7
#72240000
0!
0'
#72250000
1!
1'
b111000011000 7
#72260000
0!
0'
#72270000
1!
1'
b111000011001 7
#72280000
0!
0'
#72290000
1!
1'
b111000011010 7
#72300000
0!
0'
#72310000
1!
1'
b111000011011 7
#72320000
0!
0'
#72330000
1!
1'
b111000011100 7
#72340000
0!
0'
#72350000
1!
1'
b111000011101 7
#72360000
0!
0'
#72370000
1!
1'
b111000011110 7
#72380000
0!
0'
#72390000
1!
1'
b111000011111 7
#72400000
0!
0'
#72410000
1!
1'
b111000100000 7
#72420000
0!
0'
#72430000
1!
1'
b111000100001 7
#72440000
0!
0'
#72450000
1!
1'
b111000100010 7
#72460000
0!
0'
#72470000
1!
1'
b111000100011 7
#72480000
0!
0'
#72490000
1!
1'
b111000100100 7
#72500000
0!
0'
#72510000
1!
1'
b111000100101 7
#72520000
0!
0'
#72530000
1!
1'
b111000100110 7
#72540000
0!
0'
#72550000
1!
1'
b111000100111 7
#72560000
0!
0'
#72570000
1!
1'
b111000101000 7
#72580000
0!
0'
#72590000
1!
1'
b111000101001 7
#72600000
0!
0'
#72610000
1!
1'
b111000101010 7
#72620000
0!
0'
#72630000
1!
1'
b111000101011 7
#72640000
0!
0'
#72650000
1!
1'
b111000101100 7
#72660000
0!
0'
#72670000
1!
1'
b111000101101 7
#72680000
0!
0'
#72690000
1!
1'
b111000101110 7
#72700000
0!
0'
#72710000
1!
1'
b111000101111 7
#72720000
0!
0'
#72730000
1!
1'
b111000110000 7
#72740000
0!
0'
#72750000
1!
1'
b111000110001 7
#72760000
0!
0'
#72770000
1!
1'
b111000110010 7
#72780000
0!
0'
#72790000
1!
1'
b111000110011 7
#72800000
0!
0'
#72810000
1!
1'
b111000110100 7
#72820000
0!
0'
#72830000
1!
1'
b111000110101 7
#72840000
0!
0'
#72850000
1!
1'
b111000110110 7
#72860000
0!
0'
#72870000
1!
1'
b111000110111 7
#72880000
0!
0'
#72890000
1!
1'
b111000111000 7
#72900000
0!
0'
#72910000
1!
1'
b111000111001 7
#72920000
0!
0'
#72930000
1!
1'
b111000111010 7
#72940000
0!
0'
#72950000
1!
1'
b111000111011 7
#72960000
0!
0'
#72970000
1!
1'
b111000111100 7
#72980000
0!
0'
#72990000
1!
1'
b111000111101 7
#73000000
0!
0'
#73010000
1!
1'
b111000111110 7
#73020000
0!
0'
#73030000
1!
1'
b111000111111 7
#73040000
0!
0'
#73050000
1!
1'
b111001000000 7
#73060000
0!
0'
#73070000
1!
1'
b111001000001 7
#73080000
0!
0'
#73090000
1!
1'
b111001000010 7
#73100000
0!
0'
#73110000
1!
1'
b111001000011 7
#73120000
0!
0'
#73130000
1!
1'
b111001000100 7
#73140000
0!
0'
#73150000
1!
1'
b111001000101 7
#73160000
0!
0'
#73170000
1!
1'
b111001000110 7
#73180000
0!
0'
#73190000
1!
1'
b111001000111 7
#73200000
0!
0'
#73210000
1!
1'
b111001001000 7
#73220000
0!
0'
#73230000
1!
1'
b111001001001 7
#73240000
0!
0'
#73250000
1!
1'
b111001001010 7
#73260000
0!
0'
#73270000
1!
1'
b111001001011 7
#73280000
0!
0'
#73290000
1!
1'
b111001001100 7
#73300000
0!
0'
#73310000
1!
1'
b111001001101 7
#73320000
0!
0'
#73330000
1!
1'
b111001001110 7
#73340000
0!
0'
#73350000
1!
1'
b111001001111 7
#73360000
0!
0'
#73370000
1!
1'
b111001010000 7
#73380000
0!
0'
#73390000
1!
1'
b111001010001 7
#73400000
0!
0'
#73410000
1!
1'
b111001010010 7
#73420000
0!
0'
#73430000
1!
1'
b111001010011 7
#73440000
0!
0'
#73450000
1!
1'
b111001010100 7
#73460000
0!
0'
#73470000
1!
1'
b111001010101 7
#73480000
0!
0'
#73490000
1!
1'
b111001010110 7
#73500000
0!
0'
#73510000
1!
1'
b111001010111 7
#73520000
0!
0'
#73530000
1!
1'
b111001011000 7
#73540000
0!
0'
#73550000
1!
1'
b111001011001 7
#73560000
0!
0'
#73570000
1!
1'
b111001011010 7
#73580000
0!
0'
#73590000
1!
1'
b111001011011 7
#73600000
0!
0'
#73610000
1!
1'
b111001011100 7
#73620000
0!
0'
#73630000
1!
1'
b111001011101 7
#73640000
0!
0'
#73650000
1!
1'
b111001011110 7
#73660000
0!
0'
#73670000
1!
1'
b111001011111 7
#73680000
0!
0'
#73690000
1!
1'
b111001100000 7
#73700000
0!
0'
#73710000
1!
1'
b111001100001 7
#73720000
0!
0'
#73730000
1!
1'
b111001100010 7
#73740000
0!
0'
#73750000
1!
1'
b111001100011 7
#73760000
0!
0'
#73770000
1!
1'
b111001100100 7
#73780000
0!
0'
#73790000
1!
1'
b111001100101 7
#73800000
0!
0'
#73810000
1!
1'
b111001100110 7
#73820000
0!
0'
#73830000
1!
1'
b111001100111 7
#73840000
0!
0'
#73850000
1!
1'
b111001101000 7
#73860000
0!
0'
#73870000
1!
1'
b111001101001 7
#73880000
0!
0'
#73890000
1!
1'
b111001101010 7
#73900000
0!
0'
#73910000
1!
1'
b111001101011 7
#73920000
0!
0'
#73930000
1!
1'
b111001101100 7
#73940000
0!
0'
#73950000
1!
1'
b111001101101 7
#73960000
0!
0'
#73970000
1!
1'
b111001101110 7
#73980000
0!
0'
#73990000
1!
1'
b111001101111 7
#74000000
0!
0'
#74010000
1!
1'
b111001110000 7
#74020000
0!
0'
#74030000
1!
1'
b111001110001 7
#74040000
0!
0'
#74050000
1!
1'
b111001110010 7
#74060000
0!
0'
#74070000
1!
1'
b111001110011 7
#74080000
0!
0'
#74090000
1!
1'
b111001110100 7
#74100000
0!
0'
#74110000
1!
1'
b111001110101 7
#74120000
0!
0'
#74130000
1!
1'
b111001110110 7
#74140000
0!
0'
#74150000
1!
1'
b111001110111 7
#74160000
0!
0'
#74170000
1!
1'
b111001111000 7
#74180000
0!
0'
#74190000
1!
1'
b111001111001 7
#74200000
0!
0'
#74210000
1!
1'
b111001111010 7
#74220000
0!
0'
#74230000
1!
1'
b111001111011 7
#74240000
0!
0'
#74250000
1!
1'
b111001111100 7
#74260000
0!
0'
#74270000
1!
1'
b111001111101 7
#74280000
0!
0'
#74290000
1!
1'
b111001111110 7
#74300000
0!
0'
#74310000
1!
1'
b111001111111 7
#74320000
0!
0'
#74330000
1!
1'
b111010000000 7
#74340000
0!
0'
#74350000
1!
1'
b111010000001 7
#74360000
0!
0'
#74370000
1!
1'
b111010000010 7
#74380000
0!
0'
#74390000
1!
1'
b111010000011 7
#74400000
0!
0'
#74410000
1!
1'
b111010000100 7
#74420000
0!
0'
#74430000
1!
1'
b111010000101 7
#74440000
0!
0'
#74450000
1!
1'
b111010000110 7
#74460000
0!
0'
#74470000
1!
1'
b111010000111 7
#74480000
0!
0'
#74490000
1!
1'
b111010001000 7
#74500000
0!
0'
#74510000
1!
1'
b111010001001 7
#74520000
0!
0'
#74530000
1!
1'
b111010001010 7
#74540000
0!
0'
#74550000
1!
1'
b111010001011 7
#74560000
0!
0'
#74570000
1!
1'
b111010001100 7
#74580000
0!
0'
#74590000
1!
1'
b111010001101 7
#74600000
0!
0'
#74610000
1!
1'
b111010001110 7
#74620000
0!
0'
#74630000
1!
1'
b111010001111 7
#74640000
0!
0'
#74650000
1!
1'
b111010010000 7
#74660000
0!
0'
#74670000
1!
1'
b111010010001 7
#74680000
0!
0'
#74690000
1!
1'
b111010010010 7
#74700000
0!
0'
#74710000
1!
1'
b111010010011 7
#74720000
0!
0'
#74730000
1!
1'
b111010010100 7
#74740000
0!
0'
#74750000
1!
1'
b111010010101 7
#74760000
0!
0'
#74770000
1!
1'
b111010010110 7
#74780000
0!
0'
#74790000
1!
1'
b111010010111 7
#74800000
0!
0'
#74810000
1!
1'
b111010011000 7
#74820000
0!
0'
#74830000
1!
1'
b111010011001 7
#74840000
0!
0'
#74850000
1!
1'
b111010011010 7
#74860000
0!
0'
#74870000
1!
1'
b111010011011 7
#74880000
0!
0'
#74890000
1!
1'
b111010011100 7
#74900000
0!
0'
#74910000
1!
1'
b111010011101 7
#74920000
0!
0'
#74930000
1!
1'
b111010011110 7
#74940000
0!
0'
#74950000
1!
1'
b111010011111 7
#74960000
0!
0'
#74970000
1!
1'
b111010100000 7
#74980000
0!
0'
#74990000
1!
1'
b111010100001 7
#75000000
0!
0'
#75010000
1!
1'
b111010100010 7
#75020000
0!
0'
#75030000
1!
1'
b111010100011 7
#75040000
0!
0'
#75050000
1!
1'
b111010100100 7
#75060000
0!
0'
#75070000
1!
1'
b111010100101 7
#75080000
0!
0'
#75090000
1!
1'
b111010100110 7
#75100000
0!
0'
#75110000
1!
1'
b111010100111 7
#75120000
0!
0'
#75130000
1!
1'
b111010101000 7
#75140000
0!
0'
#75150000
1!
1'
b111010101001 7
#75160000
0!
0'
#75170000
1!
1'
b111010101010 7
#75180000
0!
0'
#75190000
1!
1'
b111010101011 7
#75200000
0!
0'
#75210000
1!
1'
b111010101100 7
#75220000
0!
0'
#75230000
1!
1'
b111010101101 7
#75240000
0!
0'
#75250000
1!
1'
b111010101110 7
#75260000
0!
0'
#75270000
1!
1'
b111010101111 7
#75280000
0!
0'
#75290000
1!
1'
b111010110000 7
#75300000
0!
0'
#75310000
1!
1'
b111010110001 7
#75320000
0!
0'
#75330000
1!
1'
b111010110010 7
#75340000
0!
0'
#75350000
1!
1'
b111010110011 7
#75360000
0!
0'
#75370000
1!
1'
b111010110100 7
#75380000
0!
0'
#75390000
1!
1'
b111010110101 7
#75400000
0!
0'
#75410000
1!
1'
b111010110110 7
#75420000
0!
0'
#75430000
1!
1'
b111010110111 7
#75440000
0!
0'
#75450000
1!
1'
b111010111000 7
#75460000
0!
0'
#75470000
1!
1'
b111010111001 7
#75480000
0!
0'
#75490000
1!
1'
b111010111010 7
#75500000
0!
0'
#75510000
1!
1'
b111010111011 7
#75520000
0!
0'
#75530000
1!
1'
b111010111100 7
#75540000
0!
0'
#75550000
1!
1'
b111010111101 7
#75560000
0!
0'
#75570000
1!
1'
b111010111110 7
#75580000
0!
0'
#75590000
1!
1'
b111010111111 7
#75600000
0!
0'
#75610000
1!
1'
b111011000000 7
#75620000
0!
0'
#75630000
1!
1'
b111011000001 7
#75640000
0!
0'
#75650000
1!
1'
b111011000010 7
#75660000
0!
0'
#75670000
1!
1'
b111011000011 7
#75680000
0!
0'
#75690000
1!
1'
b111011000100 7
#75700000
0!
0'
#75710000
1!
1'
b111011000101 7
#75720000
0!
0'
#75730000
1!
1'
b111011000110 7
#75740000
0!
0'
#75750000
1!
1'
b111011000111 7
#75760000
0!
0'
#75770000
1!
1'
b111011001000 7
#75780000
0!
0'
#75790000
1!
1'
b111011001001 7
#75800000
0!
0'
#75810000
1!
1'
b111011001010 7
#75820000
0!
0'
#75830000
1!
1'
b111011001011 7
#75840000
0!
0'
#75850000
1!
1'
b111011001100 7
#75860000
0!
0'
#75870000
1!
1'
b111011001101 7
#75880000
0!
0'
#75890000
1!
1'
b111011001110 7
#75900000
0!
0'
#75910000
1!
1'
b111011001111 7
#75920000
0!
0'
#75930000
1!
1'
b111011010000 7
#75940000
0!
0'
#75950000
1!
1'
b111011010001 7
#75960000
0!
0'
#75970000
1!
1'
b111011010010 7
#75980000
0!
0'
#75990000
1!
1'
b111011010011 7
#76000000
0!
0'
#76010000
1!
1'
b111011010100 7
#76020000
0!
0'
#76030000
1!
1'
b111011010101 7
#76040000
0!
0'
#76050000
1!
1'
b111011010110 7
#76060000
0!
0'
#76070000
1!
1'
b111011010111 7
#76080000
0!
0'
#76090000
1!
1'
b111011011000 7
#76100000
0!
0'
#76110000
1!
1'
b111011011001 7
#76120000
0!
0'
#76130000
1!
1'
b111011011010 7
#76140000
0!
0'
#76150000
1!
1'
b111011011011 7
#76160000
0!
0'
#76170000
1!
1'
b111011011100 7
#76180000
0!
0'
#76190000
1!
1'
b111011011101 7
#76200000
0!
0'
#76210000
1!
1'
b111011011110 7
#76220000
0!
0'
#76230000
1!
1'
b111011011111 7
#76240000
0!
0'
#76250000
1!
1'
b111011100000 7
#76260000
0!
0'
#76270000
1!
1'
b111011100001 7
#76280000
0!
0'
#76290000
1!
1'
b111011100010 7
#76300000
0!
0'
#76310000
1!
1'
b111011100011 7
#76320000
0!
0'
#76330000
1!
1'
b111011100100 7
#76340000
0!
0'
#76350000
1!
1'
b111011100101 7
#76360000
0!
0'
#76370000
1!
1'
b111011100110 7
#76380000
0!
0'
#76390000
1!
1'
b111011100111 7
#76400000
0!
0'
#76410000
1!
1'
b111011101000 7
#76420000
0!
0'
#76430000
1!
1'
b111011101001 7
#76440000
0!
0'
#76450000
1!
1'
b111011101010 7
#76460000
0!
0'
#76470000
1!
1'
b111011101011 7
#76480000
0!
0'
#76490000
1!
1'
b111011101100 7
#76500000
0!
0'
#76510000
1!
1'
b111011101101 7
#76520000
0!
0'
#76530000
1!
1'
b111011101110 7
#76540000
0!
0'
#76550000
1!
1'
b111011101111 7
#76560000
0!
0'
#76570000
1!
1'
b111011110000 7
#76580000
0!
0'
#76590000
1!
1'
b111011110001 7
#76600000
0!
0'
#76610000
1!
1'
b111011110010 7
#76620000
0!
0'
#76630000
1!
1'
b111011110011 7
#76640000
0!
0'
#76650000
1!
1'
b111011110100 7
#76660000
0!
0'
#76670000
1!
1'
b111011110101 7
#76680000
0!
0'
#76690000
1!
1'
b111011110110 7
#76700000
0!
0'
#76710000
1!
1'
b111011110111 7
#76720000
0!
0'
#76730000
1!
1'
b111011111000 7
#76740000
0!
0'
#76750000
1!
1'
b111011111001 7
#76760000
0!
0'
#76770000
1!
1'
b111011111010 7
#76780000
0!
0'
#76790000
1!
1'
b111011111011 7
#76800000
0!
0'
#76810000
1!
1'
b111011111100 7
#76820000
0!
0'
#76830000
1!
1'
b111011111101 7
#76840000
0!
0'
#76850000
1!
1'
b111011111110 7
#76860000
0!
0'
#76870000
1!
1'
b111011111111 7
#76880000
0!
0'
#76890000
1!
1'
b111100000000 7
#76900000
0!
0'
#76910000
1!
1'
b111100000001 7
#76920000
0!
0'
#76930000
1!
1'
b111100000010 7
#76940000
0!
0'
#76950000
1!
1'
b111100000011 7
#76960000
0!
0'
#76970000
1!
1'
b111100000100 7
#76980000
0!
0'
#76990000
1!
1'
b111100000101 7
#77000000
0!
0'
#77010000
1!
1'
b111100000110 7
#77020000
0!
0'
#77030000
1!
1'
b111100000111 7
#77040000
0!
0'
#77050000
1!
1'
b111100001000 7
#77060000
0!
0'
#77070000
1!
1'
b111100001001 7
#77080000
0!
0'
#77090000
1!
1'
b111100001010 7
#77100000
0!
0'
#77110000
1!
1'
b111100001011 7
#77120000
0!
0'
#77130000
1!
1'
b111100001100 7
#77140000
0!
0'
#77150000
1!
1'
b111100001101 7
#77160000
0!
0'
#77170000
1!
1'
b111100001110 7
#77180000
0!
0'
#77190000
1!
1'
b111100001111 7
#77200000
0!
0'
#77210000
1!
1'
b111100010000 7
#77220000
0!
0'
#77230000
1!
1'
b111100010001 7
#77240000
0!
0'
#77250000
1!
1'
b111100010010 7
#77260000
0!
0'
#77270000
1!
1'
b111100010011 7
#77280000
0!
0'
#77290000
1!
1'
b111100010100 7
#77300000
0!
0'
#77310000
1!
1'
b111100010101 7
#77320000
0!
0'
#77330000
1!
1'
b111100010110 7
#77340000
0!
0'
#77350000
1!
1'
b111100010111 7
#77360000
0!
0'
#77370000
1!
1'
b111100011000 7
#77380000
0!
0'
#77390000
1!
1'
b111100011001 7
#77400000
0!
0'
#77410000
1!
1'
b111100011010 7
#77420000
0!
0'
#77430000
1!
1'
b111100011011 7
#77440000
0!
0'
#77450000
1!
1'
b111100011100 7
#77460000
0!
0'
#77470000
1!
1'
b111100011101 7
#77480000
0!
0'
#77490000
1!
1'
b111100011110 7
#77500000
0!
0'
#77510000
1!
1'
b111100011111 7
#77520000
0!
0'
#77530000
1!
1'
b111100100000 7
#77540000
0!
0'
#77550000
1!
1'
b111100100001 7
#77560000
0!
0'
#77570000
1!
1'
b111100100010 7
#77580000
0!
0'
#77590000
1!
1'
b111100100011 7
#77600000
0!
0'
#77610000
1!
1'
b111100100100 7
#77620000
0!
0'
#77630000
1!
1'
b111100100101 7
#77640000
0!
0'
#77650000
1!
1'
b111100100110 7
#77660000
0!
0'
#77670000
1!
1'
b111100100111 7
#77680000
0!
0'
#77690000
1!
1'
b111100101000 7
#77700000
0!
0'
#77710000
1!
1'
b111100101001 7
#77720000
0!
0'
#77730000
1!
1'
b111100101010 7
#77740000
0!
0'
#77750000
1!
1'
b111100101011 7
#77760000
0!
0'
#77770000
1!
1'
b111100101100 7
#77780000
0!
0'
#77790000
1!
1'
b111100101101 7
#77800000
0!
0'
#77810000
1!
1'
b111100101110 7
#77820000
0!
0'
#77830000
1!
1'
b111100101111 7
#77840000
0!
0'
#77850000
1!
1'
b111100110000 7
#77860000
0!
0'
#77870000
1!
1'
b111100110001 7
#77880000
0!
0'
#77890000
1!
1'
b111100110010 7
#77900000
0!
0'
#77910000
1!
1'
b111100110011 7
#77920000
0!
0'
#77930000
1!
1'
b111100110100 7
#77940000
0!
0'
#77950000
1!
1'
b111100110101 7
#77960000
0!
0'
#77970000
1!
1'
b111100110110 7
#77980000
0!
0'
#77990000
1!
1'
b111100110111 7
#78000000
0!
0'
#78010000
1!
1'
b111100111000 7
#78020000
0!
0'
#78030000
1!
1'
b111100111001 7
#78040000
0!
0'
#78050000
1!
1'
b111100111010 7
#78060000
0!
0'
#78070000
1!
1'
b111100111011 7
#78080000
0!
0'
#78090000
1!
1'
b111100111100 7
#78100000
0!
0'
#78110000
1!
1'
b111100111101 7
#78120000
0!
0'
#78130000
1!
1'
b111100111110 7
#78140000
0!
0'
#78150000
1!
1'
b111100111111 7
#78160000
0!
0'
#78170000
1!
1'
b111101000000 7
#78180000
0!
0'
#78190000
1!
1'
b111101000001 7
#78200000
0!
0'
#78210000
1!
1'
b111101000010 7
#78220000
0!
0'
#78230000
1!
1'
b111101000011 7
#78240000
0!
0'
#78250000
1!
1'
b111101000100 7
#78260000
0!
0'
#78270000
1!
1'
b111101000101 7
#78280000
0!
0'
#78290000
1!
1'
b111101000110 7
#78300000
0!
0'
#78310000
1!
1'
b111101000111 7
#78320000
0!
0'
#78330000
1!
1'
b111101001000 7
#78340000
0!
0'
#78350000
1!
1'
b111101001001 7
#78360000
0!
0'
#78370000
1!
1'
b111101001010 7
#78380000
0!
0'
#78390000
1!
1'
b111101001011 7
#78400000
0!
0'
#78410000
1!
1'
b111101001100 7
#78420000
0!
0'
#78430000
1!
1'
b111101001101 7
#78440000
0!
0'
#78450000
1!
1'
b111101001110 7
#78460000
0!
0'
#78470000
1!
1'
b111101001111 7
#78480000
0!
0'
#78490000
1!
1'
b111101010000 7
#78500000
0!
0'
#78510000
1!
1'
b111101010001 7
#78520000
0!
0'
#78530000
1!
1'
b111101010010 7
#78540000
0!
0'
#78550000
1!
1'
b111101010011 7
#78560000
0!
0'
#78570000
1!
1'
b111101010100 7
#78580000
0!
0'
#78590000
1!
1'
b111101010101 7
#78600000
0!
0'
#78610000
1!
1'
b111101010110 7
#78620000
0!
0'
#78630000
1!
1'
b111101010111 7
#78640000
0!
0'
#78650000
1!
1'
b111101011000 7
#78660000
0!
0'
#78670000
1!
1'
b111101011001 7
#78680000
0!
0'
#78690000
1!
1'
b111101011010 7
#78700000
0!
0'
#78710000
1!
1'
b111101011011 7
#78720000
0!
0'
#78730000
1!
1'
b111101011100 7
#78740000
0!
0'
#78750000
1!
1'
b111101011101 7
#78760000
0!
0'
#78770000
1!
1'
b111101011110 7
#78780000
0!
0'
#78790000
1!
1'
b111101011111 7
#78800000
0!
0'
#78810000
1!
1'
b111101100000 7
#78820000
0!
0'
#78830000
1!
1'
b111101100001 7
#78840000
0!
0'
#78850000
1!
1'
b111101100010 7
#78860000
0!
0'
#78870000
1!
1'
b111101100011 7
#78880000
0!
0'
#78890000
1!
1'
b111101100100 7
#78900000
0!
0'
#78910000
1!
1'
b111101100101 7
#78920000
0!
0'
#78930000
1!
1'
b111101100110 7
#78940000
0!
0'
#78950000
1!
1'
b111101100111 7
#78960000
0!
0'
#78970000
1!
1'
b111101101000 7
#78980000
0!
0'
#78990000
1!
1'
b111101101001 7
#79000000
0!
0'
#79010000
1!
1'
b111101101010 7
#79020000
0!
0'
#79030000
1!
1'
b111101101011 7
#79040000
0!
0'
#79050000
1!
1'
b111101101100 7
#79060000
0!
0'
#79070000
1!
1'
b111101101101 7
#79080000
0!
0'
#79090000
1!
1'
b111101101110 7
#79100000
0!
0'
#79110000
1!
1'
b111101101111 7
#79120000
0!
0'
#79130000
1!
1'
b111101110000 7
#79140000
0!
0'
#79150000
1!
1'
b111101110001 7
#79160000
0!
0'
#79170000
1!
1'
b111101110010 7
#79180000
0!
0'
#79190000
1!
1'
b111101110011 7
#79200000
0!
0'
#79210000
1!
1'
b111101110100 7
#79220000
0!
0'
#79230000
1!
1'
b111101110101 7
#79240000
0!
0'
#79250000
1!
1'
b111101110110 7
#79260000
0!
0'
#79270000
1!
1'
b111101110111 7
#79280000
0!
0'
#79290000
1!
1'
b111101111000 7
#79300000
0!
0'
#79310000
1!
1'
b111101111001 7
#79320000
0!
0'
#79330000
1!
1'
b111101111010 7
#79340000
0!
0'
#79350000
1!
1'
b111101111011 7
#79360000
0!
0'
#79370000
1!
1'
b111101111100 7
#79380000
0!
0'
#79390000
1!
1'
b111101111101 7
#79400000
0!
0'
#79410000
1!
1'
b111101111110 7
#79420000
0!
0'
#79430000
1!
1'
b111101111111 7
#79440000
0!
0'
#79450000
1!
1'
b111110000000 7
#79460000
0!
0'
#79470000
1!
1'
b111110000001 7
#79480000
0!
0'
#79490000
1!
1'
b111110000010 7
#79500000
0!
0'
#79510000
1!
1'
b111110000011 7
#79520000
0!
0'
#79530000
1!
1'
b111110000100 7
#79540000
0!
0'
#79550000
1!
1'
b111110000101 7
#79560000
0!
0'
#79570000
1!
1'
b111110000110 7
#79580000
0!
0'
#79590000
1!
1'
b111110000111 7
#79600000
0!
0'
#79610000
1!
1'
b111110001000 7
#79620000
0!
0'
#79630000
1!
1'
b111110001001 7
#79640000
0!
0'
#79650000
1!
1'
b111110001010 7
#79660000
0!
0'
#79670000
1!
1'
b111110001011 7
#79680000
0!
0'
#79690000
1!
1'
b111110001100 7
#79700000
0!
0'
#79710000
1!
1'
b111110001101 7
#79720000
0!
0'
#79730000
1!
1'
b111110001110 7
#79740000
0!
0'
#79750000
1!
1'
b111110001111 7
#79760000
0!
0'
#79770000
1!
1'
b111110010000 7
#79780000
0!
0'
#79790000
1!
1'
b111110010001 7
#79800000
0!
0'
#79810000
1!
1'
b111110010010 7
#79820000
0!
0'
#79830000
1!
1'
b111110010011 7
#79840000
0!
0'
#79850000
1!
1'
b111110010100 7
#79860000
0!
0'
#79870000
1!
1'
b111110010101 7
#79880000
0!
0'
#79890000
1!
1'
b111110010110 7
#79900000
0!
0'
#79910000
1!
1'
b111110010111 7
#79920000
0!
0'
#79930000
1!
1'
b111110011000 7
#79940000
0!
0'
#79950000
1!
1'
b111110011001 7
#79960000
0!
0'
#79970000
1!
1'
b111110011010 7
#79980000
0!
0'
#79990000
1!
1'
b111110011011 7
#80000000
0!
0'
#80010000
1!
1'
b111110011100 7
#80020000
0!
0'
#80030000
1!
1'
b111110011101 7
#80040000
0!
0'
#80050000
1!
1'
b111110011110 7
#80060000
0!
0'
#80070000
1!
1'
b111110011111 7
#80080000
0!
0'
#80090000
1!
1'
b111110100000 7
#80100000
0!
0'
#80110000
1!
1'
b111110100001 7
#80120000
0!
0'
#80130000
1!
1'
b111110100010 7
#80140000
0!
0'
#80150000
1!
1'
b111110100011 7
#80160000
0!
0'
#80170000
1!
1'
b111110100100 7
#80180000
0!
0'
#80190000
1!
1'
b111110100101 7
#80200000
0!
0'
#80210000
1!
1'
b111110100110 7
#80220000
0!
0'
#80230000
1!
1'
b111110100111 7
#80240000
0!
0'
#80250000
1!
1'
b111110101000 7
#80260000
0!
0'
#80270000
1!
1'
b111110101001 7
#80280000
0!
0'
#80290000
1!
1'
b111110101010 7
#80300000
0!
0'
#80310000
1!
1'
b111110101011 7
#80320000
0!
0'
#80330000
1!
1'
b111110101100 7
#80340000
0!
0'
#80350000
1!
1'
b111110101101 7
#80360000
0!
0'
#80370000
1!
1'
b111110101110 7
#80380000
0!
0'
#80390000
1!
1'
b111110101111 7
#80400000
0!
0'
#80410000
1!
1'
b111110110000 7
#80420000
0!
0'
#80430000
1!
1'
b111110110001 7
#80440000
0!
0'
#80450000
1!
1'
b111110110010 7
#80460000
0!
0'
#80470000
1!
1'
b111110110011 7
#80480000
0!
0'
#80490000
1!
1'
b111110110100 7
#80500000
0!
0'
#80510000
1!
1'
b111110110101 7
#80520000
0!
0'
#80530000
1!
1'
b111110110110 7
#80540000
0!
0'
#80550000
1!
1'
b111110110111 7
#80560000
0!
0'
#80570000
1!
1'
b111110111000 7
#80580000
0!
0'
#80590000
1!
1'
b111110111001 7
#80600000
0!
0'
#80610000
1!
1'
b111110111010 7
#80620000
0!
0'
#80630000
1!
1'
b111110111011 7
#80640000
0!
0'
#80650000
1!
1'
b111110111100 7
#80660000
0!
0'
#80670000
1!
1'
b111110111101 7
#80680000
0!
0'
#80690000
1!
1'
b111110111110 7
#80700000
0!
0'
#80710000
1!
1'
b111110111111 7
#80720000
0!
0'
#80730000
1!
1'
b111111000000 7
#80740000
0!
0'
#80750000
1!
1'
b111111000001 7
#80760000
0!
0'
#80770000
1!
1'
b111111000010 7
#80780000
0!
0'
#80790000
1!
1'
b111111000011 7
#80800000
0!
0'
#80810000
1!
1'
b111111000100 7
#80820000
0!
0'
#80830000
1!
1'
b111111000101 7
#80840000
0!
0'
#80850000
1!
1'
b111111000110 7
#80860000
0!
0'
#80870000
1!
1'
b111111000111 7
#80880000
0!
0'
#80890000
1!
1'
b111111001000 7
#80900000
0!
0'
#80910000
1!
1'
b111111001001 7
#80920000
0!
0'
#80930000
1!
1'
b111111001010 7
#80940000
0!
0'
#80950000
1!
1'
b111111001011 7
#80960000
0!
0'
#80970000
1!
1'
b111111001100 7
#80980000
0!
0'
#80990000
1!
1'
b111111001101 7
#81000000
0!
0'
#81010000
1!
1'
b111111001110 7
#81020000
0!
0'
#81030000
1!
1'
b111111001111 7
#81040000
0!
0'
#81050000
1!
1'
b111111010000 7
#81060000
0!
0'
#81070000
1!
1'
b111111010001 7
#81080000
0!
0'
#81090000
1!
1'
b111111010010 7
#81100000
0!
0'
#81110000
1!
1'
b111111010011 7
#81120000
0!
0'
#81130000
1!
1'
b111111010100 7
#81140000
0!
0'
#81150000
1!
1'
b111111010101 7
#81160000
0!
0'
#81170000
1!
1'
b111111010110 7
#81180000
0!
0'
#81190000
1!
1'
b111111010111 7
#81200000
0!
0'
#81210000
1!
1'
b111111011000 7
#81220000
0!
0'
#81230000
1!
1'
b111111011001 7
#81240000
0!
0'
#81250000
1!
1'
b111111011010 7
#81260000
0!
0'
#81270000
1!
1'
b111111011011 7
#81280000
0!
0'
#81290000
1!
1'
b111111011100 7
#81300000
0!
0'
#81310000
1!
1'
b111111011101 7
#81320000
0!
0'
#81330000
1!
1'
b111111011110 7
#81340000
0!
0'
#81350000
1!
1'
b111111011111 7
#81360000
0!
0'
#81370000
1!
1'
b111111100000 7
#81380000
0!
0'
#81390000
1!
1'
b111111100001 7
#81400000
0!
0'
#81410000
1!
1'
b111111100010 7
#81420000
0!
0'
#81430000
1!
1'
b111111100011 7
#81440000
0!
0'
#81450000
1!
1'
b111111100100 7
#81460000
0!
0'
#81470000
1!
1'
b111111100101 7
#81480000
0!
0'
#81490000
1!
1'
b111111100110 7
#81500000
0!
0'
#81510000
1!
1'
b111111100111 7
#81520000
0!
0'
#81530000
1!
1'
b111111101000 7
#81540000
0!
0'
#81550000
1!
1'
b111111101001 7
#81560000
0!
0'
#81570000
1!
1'
b111111101010 7
#81580000
0!
0'
#81590000
1!
1'
b111111101011 7
#81600000
0!
0'
#81610000
1!
1'
b111111101100 7
#81620000
0!
0'
#81630000
1!
1'
b111111101101 7
#81640000
0!
0'
#81650000
1!
1'
b111111101110 7
#81660000
0!
0'
#81670000
1!
1'
b111111101111 7
#81680000
0!
0'
#81690000
1!
1'
b111111110000 7
#81700000
0!
0'
#81710000
1!
1'
b111111110001 7
#81720000
0!
0'
#81730000
1!
1'
b111111110010 7
#81740000
0!
0'
#81750000
1!
1'
b111111110011 7
#81760000
0!
0'
#81770000
1!
1'
b111111110100 7
#81780000
0!
0'
#81790000
1!
1'
b111111110101 7
#81800000
0!
0'
#81810000
1!
1'
b111111110110 7
#81820000
0!
0'
#81830000
1!
1'
b111111110111 7
#81840000
0!
0'
#81850000
1!
1'
b111111111000 7
#81860000
0!
0'
#81870000
1!
1'
b111111111001 7
#81880000
0!
0'
#81890000
1!
1'
b111111111010 7
#81900000
0!
0'
#81910000
1!
1'
b111111111011 7
#81920000
0!
0'
#81930000
1!
1'
b111111111100 7
#81940000
0!
0'
#81950000
1!
1'
b111111111101 7
#81960000
0!
0'
#81970000
1!
1'
b111111111110 7
#81980000
0!
0'
#81990000
1!
1'
b111111111111 7
19
#82000000
0!
0'
#82010000
1!
1'
06
b0 7
0%
0:
0;
08
09
#82020000
0!
0'
#82030000
1!
1'
b1 7
#82040000
0!
0'
#82050000
1!
1'
b10 7
#82060000
0!
0'
#82070000
1!
1'
b11 7
#82080000
0!
0'
#82090000
1!
1'
b100 7
#82100000
0!
0'
#82110000
1!
1'
b101 7
#82120000
0!
0'
#82130000
1!
1'
b110 7
#82140000
0!
0'
#82150000
1!
1'
b111 7
#82160000
0!
0'
#82170000
1!
1'
b1000 7
#82180000
0!
0'
#82190000
1!
1'
b1001 7
#82200000
0!
0'
#82210000
1!
1'
b1010 7
#82220000
0!
0'
#82230000
1!
1'
b1011 7
#82240000
0!
0'
#82250000
1!
1'
b1100 7
#82260000
0!
0'
#82270000
1!
1'
b1101 7
#82280000
0!
0'
#82290000
1!
1'
b1110 7
#82300000
0!
0'
#82310000
1!
1'
b1111 7
#82320000
0!
0'
#82330000
1!
1'
b10000 7
#82340000
0!
0'
#82350000
1!
1'
b10001 7
#82360000
0!
0'
#82370000
1!
1'
b10010 7
#82380000
0!
0'
#82390000
1!
1'
b10011 7
#82400000
0!
0'
#82410000
1!
1'
b10100 7
#82420000
0!
0'
#82430000
1!
1'
b10101 7
#82440000
0!
0'
#82450000
1!
1'
b10110 7
#82460000
0!
0'
#82470000
1!
1'
b10111 7
#82480000
0!
0'
#82490000
1!
1'
b11000 7
#82500000
0!
0'
#82510000
1!
1'
b11001 7
#82520000
0!
0'
#82530000
1!
1'
b11010 7
#82540000
0!
0'
#82550000
1!
1'
b11011 7
#82560000
0!
0'
#82570000
1!
1'
b11100 7
#82580000
0!
0'
#82590000
1!
1'
b11101 7
#82600000
0!
0'
#82610000
1!
1'
b11110 7
#82620000
0!
0'
#82630000
1!
1'
b11111 7
#82640000
0!
0'
#82650000
1!
1'
b100000 7
#82660000
0!
0'
#82670000
1!
1'
b100001 7
#82680000
0!
0'
#82690000
1!
1'
b100010 7
#82700000
0!
0'
#82710000
1!
1'
b100011 7
#82720000
0!
0'
#82730000
1!
1'
b100100 7
#82740000
0!
0'
#82750000
1!
1'
b100101 7
#82760000
0!
0'
#82770000
1!
1'
b100110 7
#82780000
0!
0'
#82790000
1!
1'
b100111 7
#82800000
0!
0'
#82810000
1!
1'
b101000 7
#82820000
0!
0'
#82830000
1!
1'
b101001 7
#82840000
0!
0'
#82850000
1!
1'
b101010 7
#82860000
0!
0'
#82870000
1!
1'
b101011 7
#82880000
0!
0'
#82890000
1!
1'
b101100 7
1:
#82900000
0!
0'
#82910000
1!
1'
15
b101101 7
1$
#82920000
0!
0'
#82930000
1!
1'
b101110 7
#82940000
0!
0'
#82950000
1!
1'
b101111 7
#82960000
0!
0'
#82970000
1!
1'
b110000 7
#82980000
0!
0'
#82990000
1!
1'
b110001 7
#83000000
0!
0'
#83010000
1!
1'
b110010 7
#83020000
0!
0'
#83030000
1!
1'
b110011 7
#83040000
0!
0'
#83050000
1!
1'
b110100 7
#83060000
0!
0'
#83070000
1!
1'
b110101 7
#83080000
0!
0'
#83090000
1!
1'
b110110 7
#83100000
0!
0'
#83110000
1!
1'
b110111 7
#83120000
0!
0'
#83130000
1!
1'
b111000 7
#83140000
0!
0'
#83150000
1!
1'
b111001 7
#83160000
0!
0'
#83170000
1!
1'
b111010 7
#83180000
0!
0'
#83190000
1!
1'
b111011 7
#83200000
0!
0'
#83210000
1!
1'
b111100 7
#83220000
0!
0'
#83230000
1!
1'
b111101 7
#83240000
0!
0'
#83250000
1!
1'
b111110 7
#83260000
0!
0'
#83270000
1!
1'
b111111 7
#83280000
0!
0'
#83290000
1!
1'
b1000000 7
#83300000
0!
0'
#83310000
1!
1'
b1000001 7
#83320000
0!
0'
#83330000
1!
1'
b1000010 7
#83340000
0!
0'
#83350000
1!
1'
b1000011 7
#83360000
0!
0'
#83370000
1!
1'
b1000100 7
#83380000
0!
0'
#83390000
1!
1'
b1000101 7
#83400000
0!
0'
#83410000
1!
1'
b1000110 7
#83420000
0!
0'
#83430000
1!
1'
b1000111 7
#83440000
0!
0'
#83450000
1!
1'
b1001000 7
#83460000
0!
0'
#83470000
1!
1'
b1001001 7
#83480000
0!
0'
#83490000
1!
1'
b1001010 7
#83500000
0!
0'
#83510000
1!
1'
b1001011 7
#83520000
0!
0'
#83530000
1!
1'
b1001100 7
#83540000
0!
0'
#83550000
1!
1'
b1001101 7
#83560000
0!
0'
#83570000
1!
1'
b1001110 7
#83580000
0!
0'
#83590000
1!
1'
b1001111 7
#83600000
0!
0'
#83610000
1!
1'
b1010000 7
#83620000
0!
0'
#83630000
1!
1'
b1010001 7
#83640000
0!
0'
#83650000
1!
1'
b1010010 7
#83660000
0!
0'
#83670000
1!
1'
b1010011 7
#83680000
0!
0'
#83690000
1!
1'
b1010100 7
#83700000
0!
0'
#83710000
1!
1'
b1010101 7
#83720000
0!
0'
#83730000
1!
1'
b1010110 7
#83740000
0!
0'
#83750000
1!
1'
b1010111 7
#83760000
0!
0'
#83770000
1!
1'
b1011000 7
#83780000
0!
0'
#83790000
1!
1'
b1011001 7
#83800000
0!
0'
#83810000
1!
1'
b1011010 7
#83820000
0!
0'
#83830000
1!
1'
b1011011 7
#83840000
0!
0'
#83850000
1!
1'
b1011100 7
#83860000
0!
0'
#83870000
1!
1'
b1011101 7
#83880000
0!
0'
#83890000
1!
1'
b1011110 7
#83900000
0!
0'
#83910000
1!
1'
b1011111 7
#83920000
0!
0'
#83930000
1!
1'
b1100000 7
#83940000
0!
0'
#83950000
1!
1'
b1100001 7
#83960000
0!
0'
#83970000
1!
1'
b1100010 7
#83980000
0!
0'
#83990000
1!
1'
b1100011 7
#84000000
0!
0'
#84010000
1!
1'
b1100100 7
#84020000
0!
0'
#84030000
1!
1'
b1100101 7
#84040000
0!
0'
#84050000
1!
1'
b1100110 7
#84060000
0!
0'
#84070000
1!
1'
b1100111 7
#84080000
0!
0'
#84090000
1!
1'
b1101000 7
#84100000
0!
0'
#84110000
1!
1'
b1101001 7
#84120000
0!
0'
#84130000
1!
1'
b1101010 7
#84140000
0!
0'
#84150000
1!
1'
b1101011 7
#84160000
0!
0'
#84170000
1!
1'
b1101100 7
#84180000
0!
0'
#84190000
1!
1'
b1101101 7
#84200000
0!
0'
#84210000
1!
1'
b1101110 7
#84220000
0!
0'
#84230000
1!
1'
b1101111 7
#84240000
0!
0'
#84250000
1!
1'
b1110000 7
#84260000
0!
0'
#84270000
1!
1'
b1110001 7
#84280000
0!
0'
#84290000
1!
1'
b1110010 7
#84300000
0!
0'
#84310000
1!
1'
b1110011 7
#84320000
0!
0'
#84330000
1!
1'
b1110100 7
#84340000
0!
0'
#84350000
1!
1'
b1110101 7
#84360000
0!
0'
#84370000
1!
1'
b1110110 7
#84380000
0!
0'
#84390000
1!
1'
b1110111 7
#84400000
0!
0'
#84410000
1!
1'
b1111000 7
#84420000
0!
0'
#84430000
1!
1'
b1111001 7
#84440000
0!
0'
#84450000
1!
1'
b1111010 7
#84460000
0!
0'
#84470000
1!
1'
b1111011 7
#84480000
0!
0'
#84490000
1!
1'
b1111100 7
#84500000
0!
0'
#84510000
1!
1'
b1111101 7
#84520000
0!
0'
#84530000
1!
1'
b1111110 7
#84540000
0!
0'
#84550000
1!
1'
b1111111 7
#84560000
0!
0'
#84570000
1!
1'
b10000000 7
1;
#84580000
0!
0'
#84590000
1!
1'
05
b10000001 7
0$
#84600000
0!
0'
#84610000
1!
1'
b10000010 7
#84620000
0!
0'
#84630000
1!
1'
b10000011 7
#84640000
0!
0'
#84650000
1!
1'
b10000100 7
#84660000
0!
0'
#84670000
1!
1'
b10000101 7
#84680000
0!
0'
#84690000
1!
1'
b10000110 7
#84700000
0!
0'
#84710000
1!
1'
b10000111 7
#84720000
0!
0'
#84730000
1!
1'
b10001000 7
#84740000
0!
0'
#84750000
1!
1'
b10001001 7
#84760000
0!
0'
#84770000
1!
1'
b10001010 7
#84780000
0!
0'
#84790000
1!
1'
b10001011 7
#84800000
0!
0'
#84810000
1!
1'
b10001100 7
#84820000
0!
0'
#84830000
1!
1'
b10001101 7
#84840000
0!
0'
#84850000
1!
1'
b10001110 7
#84860000
0!
0'
#84870000
1!
1'
b10001111 7
#84880000
0!
0'
#84890000
1!
1'
b10010000 7
#84900000
0!
0'
#84910000
1!
1'
b10010001 7
#84920000
0!
0'
#84930000
1!
1'
b10010010 7
#84940000
0!
0'
#84950000
1!
1'
b10010011 7
#84960000
0!
0'
#84970000
1!
1'
b10010100 7
#84980000
0!
0'
#84990000
1!
1'
b10010101 7
#85000000
0!
0'
#85010000
1!
1'
b10010110 7
#85020000
0!
0'
#85030000
1!
1'
b10010111 7
#85040000
0!
0'
#85050000
1!
1'
b10011000 7
#85060000
0!
0'
#85070000
1!
1'
b10011001 7
#85080000
0!
0'
#85090000
1!
1'
b10011010 7
#85100000
0!
0'
#85110000
1!
1'
b10011011 7
#85120000
0!
0'
#85130000
1!
1'
b10011100 7
#85140000
0!
0'
#85150000
1!
1'
b10011101 7
#85160000
0!
0'
#85170000
1!
1'
b10011110 7
#85180000
0!
0'
#85190000
1!
1'
b10011111 7
#85200000
0!
0'
#85210000
1!
1'
b10100000 7
#85220000
0!
0'
#85230000
1!
1'
b10100001 7
#85240000
0!
0'
#85250000
1!
1'
b10100010 7
#85260000
0!
0'
#85270000
1!
1'
b10100011 7
#85280000
0!
0'
#85290000
1!
1'
b10100100 7
#85300000
0!
0'
#85310000
1!
1'
b10100101 7
#85320000
0!
0'
#85330000
1!
1'
b10100110 7
#85340000
0!
0'
#85350000
1!
1'
b10100111 7
#85360000
0!
0'
#85370000
1!
1'
b10101000 7
#85380000
0!
0'
#85390000
1!
1'
b10101001 7
#85400000
0!
0'
#85410000
1!
1'
b10101010 7
#85420000
0!
0'
#85430000
1!
1'
b10101011 7
#85440000
0!
0'
#85450000
1!
1'
b10101100 7
18
#85460000
0!
0'
#85470000
1!
1'
16
b10101101 7
1%
#85480000
0!
0'
#85490000
1!
1'
b10101110 7
#85500000
0!
0'
#85510000
1!
1'
b10101111 7
#85520000
0!
0'
#85530000
1!
1'
b10110000 7
#85540000
0!
0'
#85550000
1!
1'
b10110001 7
#85560000
0!
0'
#85570000
1!
1'
b10110010 7
#85580000
0!
0'
#85590000
1!
1'
b10110011 7
#85600000
0!
0'
#85610000
1!
1'
b10110100 7
#85620000
0!
0'
#85630000
1!
1'
b10110101 7
#85640000
0!
0'
#85650000
1!
1'
b10110110 7
#85660000
0!
0'
#85670000
1!
1'
b10110111 7
#85680000
0!
0'
#85690000
1!
1'
b10111000 7
#85700000
0!
0'
#85710000
1!
1'
b10111001 7
#85720000
0!
0'
#85730000
1!
1'
b10111010 7
#85740000
0!
0'
#85750000
1!
1'
b10111011 7
#85760000
0!
0'
#85770000
1!
1'
b10111100 7
#85780000
0!
0'
#85790000
1!
1'
b10111101 7
#85800000
0!
0'
#85810000
1!
1'
b10111110 7
#85820000
0!
0'
#85830000
1!
1'
b10111111 7
#85840000
0!
0'
#85850000
1!
1'
b11000000 7
#85860000
0!
0'
#85870000
1!
1'
b11000001 7
#85880000
0!
0'
#85890000
1!
1'
b11000010 7
#85900000
0!
0'
#85910000
1!
1'
b11000011 7
#85920000
0!
0'
#85930000
1!
1'
b11000100 7
#85940000
0!
0'
#85950000
1!
1'
b11000101 7
#85960000
0!
0'
#85970000
1!
1'
b11000110 7
#85980000
0!
0'
#85990000
1!
1'
b11000111 7
#86000000
0!
0'
#86010000
1!
1'
b11001000 7
#86020000
0!
0'
#86030000
1!
1'
b11001001 7
#86040000
0!
0'
#86050000
1!
1'
b11001010 7
#86060000
0!
0'
#86070000
1!
1'
b11001011 7
#86080000
0!
0'
#86090000
1!
1'
b11001100 7
#86100000
0!
0'
#86110000
1!
1'
b11001101 7
#86120000
0!
0'
#86130000
1!
1'
b11001110 7
#86140000
0!
0'
#86150000
1!
1'
b11001111 7
#86160000
0!
0'
#86170000
1!
1'
b11010000 7
#86180000
0!
0'
#86190000
1!
1'
b11010001 7
#86200000
0!
0'
#86210000
1!
1'
b11010010 7
#86220000
0!
0'
#86230000
1!
1'
b11010011 7
#86240000
0!
0'
#86250000
1!
1'
b11010100 7
#86260000
0!
0'
#86270000
1!
1'
b11010101 7
#86280000
0!
0'
#86290000
1!
1'
b11010110 7
#86300000
0!
0'
#86310000
1!
1'
b11010111 7
#86320000
0!
0'
#86330000
1!
1'
b11011000 7
#86340000
0!
0'
#86350000
1!
1'
b11011001 7
#86360000
0!
0'
#86370000
1!
1'
b11011010 7
#86380000
0!
0'
#86390000
1!
1'
b11011011 7
#86400000
0!
0'
#86410000
1!
1'
b11011100 7
#86420000
0!
0'
#86430000
1!
1'
b11011101 7
#86440000
0!
0'
#86450000
1!
1'
b11011110 7
#86460000
0!
0'
#86470000
1!
1'
b11011111 7
#86480000
0!
0'
#86490000
1!
1'
b11100000 7
#86500000
0!
0'
#86510000
1!
1'
b11100001 7
#86520000
0!
0'
#86530000
1!
1'
b11100010 7
#86540000
0!
0'
#86550000
1!
1'
b11100011 7
#86560000
0!
0'
#86570000
1!
1'
b11100100 7
#86580000
0!
0'
#86590000
1!
1'
b11100101 7
#86600000
0!
0'
#86610000
1!
1'
b11100110 7
#86620000
0!
0'
#86630000
1!
1'
b11100111 7
#86640000
0!
0'
#86650000
1!
1'
b11101000 7
#86660000
0!
0'
#86670000
1!
1'
b11101001 7
#86680000
0!
0'
#86690000
1!
1'
b11101010 7
#86700000
0!
0'
#86710000
1!
1'
b11101011 7
#86720000
0!
0'
#86730000
1!
1'
b11101100 7
#86740000
0!
0'
#86750000
1!
1'
b11101101 7
#86760000
0!
0'
#86770000
1!
1'
b11101110 7
#86780000
0!
0'
#86790000
1!
1'
b11101111 7
#86800000
0!
0'
#86810000
1!
1'
b11110000 7
#86820000
0!
0'
#86830000
1!
1'
b11110001 7
#86840000
0!
0'
#86850000
1!
1'
b11110010 7
#86860000
0!
0'
#86870000
1!
1'
b11110011 7
#86880000
0!
0'
#86890000
1!
1'
b11110100 7
#86900000
0!
0'
#86910000
1!
1'
b11110101 7
#86920000
0!
0'
#86930000
1!
1'
b11110110 7
#86940000
0!
0'
#86950000
1!
1'
b11110111 7
#86960000
0!
0'
#86970000
1!
1'
b11111000 7
#86980000
0!
0'
#86990000
1!
1'
b11111001 7
#87000000
0!
0'
#87010000
1!
1'
b11111010 7
#87020000
0!
0'
#87030000
1!
1'
b11111011 7
#87040000
0!
0'
#87050000
1!
1'
b11111100 7
#87060000
0!
0'
#87070000
1!
1'
b11111101 7
#87080000
0!
0'
#87090000
1!
1'
b11111110 7
#87100000
0!
0'
#87110000
1!
1'
b11111111 7
#87120000
0!
0'
#87130000
1!
1'
b100000000 7
#87140000
0!
0'
#87150000
1!
1'
b100000001 7
#87160000
0!
0'
#87170000
1!
1'
b100000010 7
#87180000
0!
0'
#87190000
1!
1'
b100000011 7
#87200000
0!
0'
#87210000
1!
1'
b100000100 7
#87220000
0!
0'
#87230000
1!
1'
b100000101 7
#87240000
0!
0'
#87250000
1!
1'
b100000110 7
#87260000
0!
0'
#87270000
1!
1'
b100000111 7
#87280000
0!
0'
#87290000
1!
1'
b100001000 7
#87300000
0!
0'
#87310000
1!
1'
b100001001 7
#87320000
0!
0'
#87330000
1!
1'
b100001010 7
#87340000
0!
0'
#87350000
1!
1'
b100001011 7
#87360000
0!
0'
#87370000
1!
1'
b100001100 7
#87380000
0!
0'
#87390000
1!
1'
b100001101 7
#87400000
0!
0'
#87410000
1!
1'
b100001110 7
#87420000
0!
0'
#87430000
1!
1'
b100001111 7
#87440000
0!
0'
#87450000
1!
1'
b100010000 7
#87460000
0!
0'
#87470000
1!
1'
b100010001 7
#87480000
0!
0'
#87490000
1!
1'
b100010010 7
#87500000
0!
0'
#87510000
1!
1'
b100010011 7
#87520000
0!
0'
#87530000
1!
1'
b100010100 7
#87540000
0!
0'
#87550000
1!
1'
b100010101 7
#87560000
0!
0'
#87570000
1!
1'
b100010110 7
#87580000
0!
0'
#87590000
1!
1'
b100010111 7
#87600000
0!
0'
#87610000
1!
1'
b100011000 7
#87620000
0!
0'
#87630000
1!
1'
b100011001 7
#87640000
0!
0'
#87650000
1!
1'
b100011010 7
#87660000
0!
0'
#87670000
1!
1'
b100011011 7
#87680000
0!
0'
#87690000
1!
1'
b100011100 7
#87700000
0!
0'
#87710000
1!
1'
b100011101 7
#87720000
0!
0'
#87730000
1!
1'
b100011110 7
#87740000
0!
0'
#87750000
1!
1'
b100011111 7
#87760000
0!
0'
#87770000
1!
1'
b100100000 7
#87780000
0!
0'
#87790000
1!
1'
b100100001 7
#87800000
0!
0'
#87810000
1!
1'
b100100010 7
#87820000
0!
0'
#87830000
1!
1'
b100100011 7
#87840000
0!
0'
#87850000
1!
1'
b100100100 7
#87860000
0!
0'
#87870000
1!
1'
b100100101 7
#87880000
0!
0'
#87890000
1!
1'
b100100110 7
#87900000
0!
0'
#87910000
1!
1'
b100100111 7
#87920000
0!
0'
#87930000
1!
1'
b100101000 7
#87940000
0!
0'
#87950000
1!
1'
b100101001 7
#87960000
0!
0'
#87970000
1!
1'
b100101010 7
#87980000
0!
0'
#87990000
1!
1'
b100101011 7
#88000000
0!
0'
#88010000
1!
1'
b100101100 7
#88020000
0!
0'
#88030000
1!
1'
b100101101 7
#88040000
0!
0'
#88050000
1!
1'
b100101110 7
#88060000
0!
0'
#88070000
1!
1'
b100101111 7
#88080000
0!
0'
#88090000
1!
1'
b100110000 7
#88100000
0!
0'
#88110000
1!
1'
b100110001 7
#88120000
0!
0'
#88130000
1!
1'
b100110010 7
#88140000
0!
0'
#88150000
1!
1'
b100110011 7
#88160000
0!
0'
#88170000
1!
1'
b100110100 7
#88180000
0!
0'
#88190000
1!
1'
b100110101 7
#88200000
0!
0'
#88210000
1!
1'
b100110110 7
#88220000
0!
0'
#88230000
1!
1'
b100110111 7
#88240000
0!
0'
#88250000
1!
1'
b100111000 7
#88260000
0!
0'
#88270000
1!
1'
b100111001 7
#88280000
0!
0'
#88290000
1!
1'
b100111010 7
#88300000
0!
0'
#88310000
1!
1'
b100111011 7
#88320000
0!
0'
#88330000
1!
1'
b100111100 7
#88340000
0!
0'
#88350000
1!
1'
b100111101 7
#88360000
0!
0'
#88370000
1!
1'
b100111110 7
#88380000
0!
0'
#88390000
1!
1'
b100111111 7
#88400000
0!
0'
#88410000
1!
1'
b101000000 7
#88420000
0!
0'
#88430000
1!
1'
b101000001 7
#88440000
0!
0'
#88450000
1!
1'
b101000010 7
#88460000
0!
0'
#88470000
1!
1'
b101000011 7
#88480000
0!
0'
#88490000
1!
1'
b101000100 7
#88500000
0!
0'
#88510000
1!
1'
b101000101 7
#88520000
0!
0'
#88530000
1!
1'
b101000110 7
#88540000
0!
0'
#88550000
1!
1'
b101000111 7
#88560000
0!
0'
#88570000
1!
1'
b101001000 7
#88580000
0!
0'
#88590000
1!
1'
b101001001 7
#88600000
0!
0'
#88610000
1!
1'
b101001010 7
#88620000
0!
0'
#88630000
1!
1'
b101001011 7
#88640000
0!
0'
#88650000
1!
1'
b101001100 7
#88660000
0!
0'
#88670000
1!
1'
b101001101 7
#88680000
0!
0'
#88690000
1!
1'
b101001110 7
#88700000
0!
0'
#88710000
1!
1'
b101001111 7
#88720000
0!
0'
#88730000
1!
1'
b101010000 7
#88740000
0!
0'
#88750000
1!
1'
b101010001 7
#88760000
0!
0'
#88770000
1!
1'
b101010010 7
#88780000
0!
0'
#88790000
1!
1'
b101010011 7
#88800000
0!
0'
#88810000
1!
1'
b101010100 7
#88820000
0!
0'
#88830000
1!
1'
b101010101 7
#88840000
0!
0'
#88850000
1!
1'
b101010110 7
#88860000
0!
0'
#88870000
1!
1'
b101010111 7
#88880000
0!
0'
#88890000
1!
1'
b101011000 7
#88900000
0!
0'
#88910000
1!
1'
b101011001 7
#88920000
0!
0'
#88930000
1!
1'
b101011010 7
#88940000
0!
0'
#88950000
1!
1'
b101011011 7
#88960000
0!
0'
#88970000
1!
1'
b101011100 7
#88980000
0!
0'
#88990000
1!
1'
b101011101 7
#89000000
0!
0'
#89010000
1!
1'
b101011110 7
#89020000
0!
0'
#89030000
1!
1'
b101011111 7
#89040000
0!
0'
#89050000
1!
1'
b101100000 7
#89060000
0!
0'
#89070000
1!
1'
b101100001 7
#89080000
0!
0'
#89090000
1!
1'
b101100010 7
#89100000
0!
0'
#89110000
1!
1'
b101100011 7
#89120000
0!
0'
#89130000
1!
1'
b101100100 7
#89140000
0!
0'
#89150000
1!
1'
b101100101 7
#89160000
0!
0'
#89170000
1!
1'
b101100110 7
#89180000
0!
0'
#89190000
1!
1'
b101100111 7
#89200000
0!
0'
#89210000
1!
1'
b101101000 7
#89220000
0!
0'
#89230000
1!
1'
b101101001 7
#89240000
0!
0'
#89250000
1!
1'
b101101010 7
#89260000
0!
0'
#89270000
1!
1'
b101101011 7
#89280000
0!
0'
#89290000
1!
1'
b101101100 7
#89300000
0!
0'
#89310000
1!
1'
b101101101 7
#89320000
0!
0'
#89330000
1!
1'
b101101110 7
#89340000
0!
0'
#89350000
1!
1'
b101101111 7
#89360000
0!
0'
#89370000
1!
1'
b101110000 7
#89380000
0!
0'
#89390000
1!
1'
b101110001 7
#89400000
0!
0'
#89410000
1!
1'
b101110010 7
#89420000
0!
0'
#89430000
1!
1'
b101110011 7
#89440000
0!
0'
#89450000
1!
1'
b101110100 7
#89460000
0!
0'
#89470000
1!
1'
b101110101 7
#89480000
0!
0'
#89490000
1!
1'
b101110110 7
#89500000
0!
0'
#89510000
1!
1'
b101110111 7
#89520000
0!
0'
#89530000
1!
1'
b101111000 7
#89540000
0!
0'
#89550000
1!
1'
b101111001 7
#89560000
0!
0'
#89570000
1!
1'
b101111010 7
#89580000
0!
0'
#89590000
1!
1'
b101111011 7
#89600000
0!
0'
#89610000
1!
1'
b101111100 7
#89620000
0!
0'
#89630000
1!
1'
b101111101 7
#89640000
0!
0'
#89650000
1!
1'
b101111110 7
#89660000
0!
0'
#89670000
1!
1'
b101111111 7
#89680000
0!
0'
#89690000
1!
1'
b110000000 7
#89700000
0!
0'
#89710000
1!
1'
b110000001 7
#89720000
0!
0'
#89730000
1!
1'
b110000010 7
#89740000
0!
0'
#89750000
1!
1'
b110000011 7
#89760000
0!
0'
#89770000
1!
1'
b110000100 7
#89780000
0!
0'
#89790000
1!
1'
b110000101 7
#89800000
0!
0'
#89810000
1!
1'
b110000110 7
#89820000
0!
0'
#89830000
1!
1'
b110000111 7
#89840000
0!
0'
#89850000
1!
1'
b110001000 7
#89860000
0!
0'
#89870000
1!
1'
b110001001 7
#89880000
0!
0'
#89890000
1!
1'
b110001010 7
#89900000
0!
0'
#89910000
1!
1'
b110001011 7
#89920000
0!
0'
#89930000
1!
1'
b110001100 7
#89940000
0!
0'
#89950000
1!
1'
b110001101 7
#89960000
0!
0'
#89970000
1!
1'
b110001110 7
#89980000
0!
0'
#89990000
1!
1'
b110001111 7
#90000000
0!
0'
#90010000
1!
1'
b110010000 7
#90020000
0!
0'
#90030000
1!
1'
b110010001 7
#90040000
0!
0'
#90050000
1!
1'
b110010010 7
#90060000
0!
0'
#90070000
1!
1'
b110010011 7
#90080000
0!
0'
#90090000
1!
1'
b110010100 7
#90100000
0!
0'
#90110000
1!
1'
b110010101 7
#90120000
0!
0'
#90130000
1!
1'
b110010110 7
#90140000
0!
0'
#90150000
1!
1'
b110010111 7
#90160000
0!
0'
#90170000
1!
1'
b110011000 7
#90180000
0!
0'
#90190000
1!
1'
b110011001 7
#90200000
0!
0'
#90210000
1!
1'
b110011010 7
#90220000
0!
0'
#90230000
1!
1'
b110011011 7
#90240000
0!
0'
#90250000
1!
1'
b110011100 7
#90260000
0!
0'
#90270000
1!
1'
b110011101 7
#90280000
0!
0'
#90290000
1!
1'
b110011110 7
#90300000
0!
0'
#90310000
1!
1'
b110011111 7
#90320000
0!
0'
#90330000
1!
1'
b110100000 7
#90340000
0!
0'
#90350000
1!
1'
b110100001 7
#90360000
0!
0'
#90370000
1!
1'
b110100010 7
#90380000
0!
0'
#90390000
1!
1'
b110100011 7
#90400000
0!
0'
#90410000
1!
1'
b110100100 7
#90420000
0!
0'
#90430000
1!
1'
b110100101 7
#90440000
0!
0'
#90450000
1!
1'
b110100110 7
#90460000
0!
0'
#90470000
1!
1'
b110100111 7
#90480000
0!
0'
#90490000
1!
1'
b110101000 7
#90500000
0!
0'
#90510000
1!
1'
b110101001 7
#90520000
0!
0'
#90530000
1!
1'
b110101010 7
#90540000
0!
0'
#90550000
1!
1'
b110101011 7
#90560000
0!
0'
#90570000
1!
1'
b110101100 7
#90580000
0!
0'
#90590000
1!
1'
b110101101 7
#90600000
0!
0'
#90610000
1!
1'
b110101110 7
#90620000
0!
0'
#90630000
1!
1'
b110101111 7
#90640000
0!
0'
#90650000
1!
1'
b110110000 7
#90660000
0!
0'
#90670000
1!
1'
b110110001 7
#90680000
0!
0'
#90690000
1!
1'
b110110010 7
#90700000
0!
0'
#90710000
1!
1'
b110110011 7
#90720000
0!
0'
#90730000
1!
1'
b110110100 7
#90740000
0!
0'
#90750000
1!
1'
b110110101 7
#90760000
0!
0'
#90770000
1!
1'
b110110110 7
#90780000
0!
0'
#90790000
1!
1'
b110110111 7
#90800000
0!
0'
#90810000
1!
1'
b110111000 7
#90820000
0!
0'
#90830000
1!
1'
b110111001 7
#90840000
0!
0'
#90850000
1!
1'
b110111010 7
#90860000
0!
0'
#90870000
1!
1'
b110111011 7
#90880000
0!
0'
#90890000
1!
1'
b110111100 7
#90900000
0!
0'
#90910000
1!
1'
b110111101 7
#90920000
0!
0'
#90930000
1!
1'
b110111110 7
#90940000
0!
0'
#90950000
1!
1'
b110111111 7
#90960000
0!
0'
#90970000
1!
1'
b111000000 7
#90980000
0!
0'
#90990000
1!
1'
b111000001 7
#91000000
0!
0'
#91010000
1!
1'
b111000010 7
#91020000
0!
0'
#91030000
1!
1'
b111000011 7
#91040000
0!
0'
#91050000
1!
1'
b111000100 7
#91060000
0!
0'
#91070000
1!
1'
b111000101 7
#91080000
0!
0'
#91090000
1!
1'
b111000110 7
#91100000
0!
0'
#91110000
1!
1'
b111000111 7
#91120000
0!
0'
#91130000
1!
1'
b111001000 7
#91140000
0!
0'
#91150000
1!
1'
b111001001 7
#91160000
0!
0'
#91170000
1!
1'
b111001010 7
#91180000
0!
0'
#91190000
1!
1'
b111001011 7
#91200000
0!
0'
#91210000
1!
1'
b111001100 7
#91220000
0!
0'
#91230000
1!
1'
b111001101 7
#91240000
0!
0'
#91250000
1!
1'
b111001110 7
#91260000
0!
0'
#91270000
1!
1'
b111001111 7
#91280000
0!
0'
#91290000
1!
1'
b111010000 7
#91300000
0!
0'
#91310000
1!
1'
b111010001 7
#91320000
0!
0'
#91330000
1!
1'
b111010010 7
#91340000
0!
0'
#91350000
1!
1'
b111010011 7
#91360000
0!
0'
#91370000
1!
1'
b111010100 7
#91380000
0!
0'
#91390000
1!
1'
b111010101 7
#91400000
0!
0'
#91410000
1!
1'
b111010110 7
#91420000
0!
0'
#91430000
1!
1'
b111010111 7
#91440000
0!
0'
#91450000
1!
1'
b111011000 7
#91460000
0!
0'
#91470000
1!
1'
b111011001 7
#91480000
0!
0'
#91490000
1!
1'
b111011010 7
#91500000
0!
0'
#91510000
1!
1'
b111011011 7
#91520000
0!
0'
#91530000
1!
1'
b111011100 7
#91540000
0!
0'
#91550000
1!
1'
b111011101 7
#91560000
0!
0'
#91570000
1!
1'
b111011110 7
#91580000
0!
0'
#91590000
1!
1'
b111011111 7
#91600000
0!
0'
#91610000
1!
1'
b111100000 7
#91620000
0!
0'
#91630000
1!
1'
b111100001 7
#91640000
0!
0'
#91650000
1!
1'
b111100010 7
#91660000
0!
0'
#91670000
1!
1'
b111100011 7
#91680000
0!
0'
#91690000
1!
1'
b111100100 7
#91700000
0!
0'
#91710000
1!
1'
b111100101 7
#91720000
0!
0'
#91730000
1!
1'
b111100110 7
#91740000
0!
0'
#91750000
1!
1'
b111100111 7
#91760000
0!
0'
#91770000
1!
1'
b111101000 7
#91780000
0!
0'
#91790000
1!
1'
b111101001 7
#91800000
0!
0'
#91810000
1!
1'
b111101010 7
#91820000
0!
0'
#91830000
1!
1'
b111101011 7
#91840000
0!
0'
#91850000
1!
1'
b111101100 7
#91860000
0!
0'
#91870000
1!
1'
b111101101 7
#91880000
0!
0'
#91890000
1!
1'
b111101110 7
#91900000
0!
0'
#91910000
1!
1'
b111101111 7
#91920000
0!
0'
#91930000
1!
1'
b111110000 7
#91940000
0!
0'
#91950000
1!
1'
b111110001 7
#91960000
0!
0'
#91970000
1!
1'
b111110010 7
#91980000
0!
0'
#91990000
1!
1'
b111110011 7
#92000000
0!
0'
#92010000
1!
1'
b111110100 7
#92020000
0!
0'
#92030000
1!
1'
b111110101 7
#92040000
0!
0'
#92050000
1!
1'
b111110110 7
#92060000
0!
0'
#92070000
1!
1'
b111110111 7
#92080000
0!
0'
#92090000
1!
1'
b111111000 7
#92100000
0!
0'
#92110000
1!
1'
b111111001 7
#92120000
0!
0'
#92130000
1!
1'
b111111010 7
#92140000
0!
0'
#92150000
1!
1'
b111111011 7
#92160000
0!
0'
#92170000
1!
1'
b111111100 7
#92180000
0!
0'
#92190000
1!
1'
b111111101 7
#92200000
0!
0'
#92210000
1!
1'
b111111110 7
#92220000
0!
0'
#92230000
1!
1'
b111111111 7
#92240000
0!
0'
#92250000
1!
1'
b1000000000 7
#92260000
0!
0'
#92270000
1!
1'
b1000000001 7
#92280000
0!
0'
#92290000
1!
1'
b1000000010 7
#92300000
0!
0'
#92310000
1!
1'
b1000000011 7
#92320000
0!
0'
#92330000
1!
1'
b1000000100 7
#92340000
0!
0'
#92350000
1!
1'
b1000000101 7
#92360000
0!
0'
#92370000
1!
1'
b1000000110 7
#92380000
0!
0'
#92390000
1!
1'
b1000000111 7
#92400000
0!
0'
#92410000
1!
1'
b1000001000 7
#92420000
0!
0'
#92430000
1!
1'
b1000001001 7
#92440000
0!
0'
#92450000
1!
1'
b1000001010 7
#92460000
0!
0'
#92470000
1!
1'
b1000001011 7
#92480000
0!
0'
#92490000
1!
1'
b1000001100 7
#92500000
0!
0'
#92510000
1!
1'
b1000001101 7
#92520000
0!
0'
#92530000
1!
1'
b1000001110 7
#92540000
0!
0'
#92550000
1!
1'
b1000001111 7
#92560000
0!
0'
#92570000
1!
1'
b1000010000 7
#92580000
0!
0'
#92590000
1!
1'
b1000010001 7
#92600000
0!
0'
#92610000
1!
1'
b1000010010 7
#92620000
0!
0'
#92630000
1!
1'
b1000010011 7
#92640000
0!
0'
#92650000
1!
1'
b1000010100 7
#92660000
0!
0'
#92670000
1!
1'
b1000010101 7
#92680000
0!
0'
#92690000
1!
1'
b1000010110 7
#92700000
0!
0'
#92710000
1!
1'
b1000010111 7
#92720000
0!
0'
#92730000
1!
1'
b1000011000 7
#92740000
0!
0'
#92750000
1!
1'
b1000011001 7
#92760000
0!
0'
#92770000
1!
1'
b1000011010 7
#92780000
0!
0'
#92790000
1!
1'
b1000011011 7
#92800000
0!
0'
#92810000
1!
1'
b1000011100 7
#92820000
0!
0'
#92830000
1!
1'
b1000011101 7
#92840000
0!
0'
#92850000
1!
1'
b1000011110 7
#92860000
0!
0'
#92870000
1!
1'
b1000011111 7
#92880000
0!
0'
#92890000
1!
1'
b1000100000 7
#92900000
0!
0'
#92910000
1!
1'
b1000100001 7
#92920000
0!
0'
#92930000
1!
1'
b1000100010 7
#92940000
0!
0'
#92950000
1!
1'
b1000100011 7
#92960000
0!
0'
#92970000
1!
1'
b1000100100 7
#92980000
0!
0'
#92990000
1!
1'
b1000100101 7
#93000000
0!
0'
#93010000
1!
1'
b1000100110 7
#93020000
0!
0'
#93030000
1!
1'
b1000100111 7
#93040000
0!
0'
#93050000
1!
1'
b1000101000 7
#93060000
0!
0'
#93070000
1!
1'
b1000101001 7
#93080000
0!
0'
#93090000
1!
1'
b1000101010 7
#93100000
0!
0'
#93110000
1!
1'
b1000101011 7
#93120000
0!
0'
#93130000
1!
1'
b1000101100 7
#93140000
0!
0'
#93150000
1!
1'
b1000101101 7
#93160000
0!
0'
#93170000
1!
1'
b1000101110 7
#93180000
0!
0'
#93190000
1!
1'
b1000101111 7
#93200000
0!
0'
#93210000
1!
1'
b1000110000 7
#93220000
0!
0'
#93230000
1!
1'
b1000110001 7
#93240000
0!
0'
#93250000
1!
1'
b1000110010 7
#93260000
0!
0'
#93270000
1!
1'
b1000110011 7
#93280000
0!
0'
#93290000
1!
1'
b1000110100 7
#93300000
0!
0'
#93310000
1!
1'
b1000110101 7
#93320000
0!
0'
#93330000
1!
1'
b1000110110 7
#93340000
0!
0'
#93350000
1!
1'
b1000110111 7
#93360000
0!
0'
#93370000
1!
1'
b1000111000 7
#93380000
0!
0'
#93390000
1!
1'
b1000111001 7
#93400000
0!
0'
#93410000
1!
1'
b1000111010 7
#93420000
0!
0'
#93430000
1!
1'
b1000111011 7
#93440000
0!
0'
#93450000
1!
1'
b1000111100 7
#93460000
0!
0'
#93470000
1!
1'
b1000111101 7
#93480000
0!
0'
#93490000
1!
1'
b1000111110 7
#93500000
0!
0'
#93510000
1!
1'
b1000111111 7
#93520000
0!
0'
#93530000
1!
1'
b1001000000 7
#93540000
0!
0'
#93550000
1!
1'
b1001000001 7
#93560000
0!
0'
#93570000
1!
1'
b1001000010 7
#93580000
0!
0'
#93590000
1!
1'
b1001000011 7
#93600000
0!
0'
#93610000
1!
1'
b1001000100 7
#93620000
0!
0'
#93630000
1!
1'
b1001000101 7
#93640000
0!
0'
#93650000
1!
1'
b1001000110 7
#93660000
0!
0'
#93670000
1!
1'
b1001000111 7
#93680000
0!
0'
#93690000
1!
1'
b1001001000 7
#93700000
0!
0'
#93710000
1!
1'
b1001001001 7
#93720000
0!
0'
#93730000
1!
1'
b1001001010 7
#93740000
0!
0'
#93750000
1!
1'
b1001001011 7
#93760000
0!
0'
#93770000
1!
1'
b1001001100 7
#93780000
0!
0'
#93790000
1!
1'
b1001001101 7
#93800000
0!
0'
#93810000
1!
1'
b1001001110 7
#93820000
0!
0'
#93830000
1!
1'
b1001001111 7
#93840000
0!
0'
#93850000
1!
1'
b1001010000 7
#93860000
0!
0'
#93870000
1!
1'
b1001010001 7
#93880000
0!
0'
#93890000
1!
1'
b1001010010 7
#93900000
0!
0'
#93910000
1!
1'
b1001010011 7
#93920000
0!
0'
#93930000
1!
1'
b1001010100 7
#93940000
0!
0'
#93950000
1!
1'
b1001010101 7
#93960000
0!
0'
#93970000
1!
1'
b1001010110 7
#93980000
0!
0'
#93990000
1!
1'
b1001010111 7
#94000000
0!
0'
#94010000
1!
1'
b1001011000 7
#94020000
0!
0'
#94030000
1!
1'
b1001011001 7
#94040000
0!
0'
#94050000
1!
1'
b1001011010 7
#94060000
0!
0'
#94070000
1!
1'
b1001011011 7
#94080000
0!
0'
#94090000
1!
1'
b1001011100 7
#94100000
0!
0'
#94110000
1!
1'
b1001011101 7
#94120000
0!
0'
#94130000
1!
1'
b1001011110 7
#94140000
0!
0'
#94150000
1!
1'
b1001011111 7
#94160000
0!
0'
#94170000
1!
1'
b1001100000 7
#94180000
0!
0'
#94190000
1!
1'
b1001100001 7
#94200000
0!
0'
#94210000
1!
1'
b1001100010 7
#94220000
0!
0'
#94230000
1!
1'
b1001100011 7
#94240000
0!
0'
#94250000
1!
1'
b1001100100 7
#94260000
0!
0'
#94270000
1!
1'
b1001100101 7
#94280000
0!
0'
#94290000
1!
1'
b1001100110 7
#94300000
0!
0'
#94310000
1!
1'
b1001100111 7
#94320000
0!
0'
#94330000
1!
1'
b1001101000 7
#94340000
0!
0'
#94350000
1!
1'
b1001101001 7
#94360000
0!
0'
#94370000
1!
1'
b1001101010 7
#94380000
0!
0'
#94390000
1!
1'
b1001101011 7
#94400000
0!
0'
#94410000
1!
1'
b1001101100 7
#94420000
0!
0'
#94430000
1!
1'
b1001101101 7
#94440000
0!
0'
#94450000
1!
1'
b1001101110 7
#94460000
0!
0'
#94470000
1!
1'
b1001101111 7
#94480000
0!
0'
#94490000
1!
1'
b1001110000 7
#94500000
0!
0'
#94510000
1!
1'
b1001110001 7
#94520000
0!
0'
#94530000
1!
1'
b1001110010 7
#94540000
0!
0'
#94550000
1!
1'
b1001110011 7
#94560000
0!
0'
#94570000
1!
1'
b1001110100 7
#94580000
0!
0'
#94590000
1!
1'
b1001110101 7
#94600000
0!
0'
#94610000
1!
1'
b1001110110 7
#94620000
0!
0'
#94630000
1!
1'
b1001110111 7
#94640000
0!
0'
#94650000
1!
1'
b1001111000 7
#94660000
0!
0'
#94670000
1!
1'
b1001111001 7
#94680000
0!
0'
#94690000
1!
1'
b1001111010 7
#94700000
0!
0'
#94710000
1!
1'
b1001111011 7
#94720000
0!
0'
#94730000
1!
1'
b1001111100 7
#94740000
0!
0'
#94750000
1!
1'
b1001111101 7
#94760000
0!
0'
#94770000
1!
1'
b1001111110 7
#94780000
0!
0'
#94790000
1!
1'
b1001111111 7
#94800000
0!
0'
#94810000
1!
1'
b1010000000 7
#94820000
0!
0'
#94830000
1!
1'
b1010000001 7
#94840000
0!
0'
#94850000
1!
1'
b1010000010 7
#94860000
0!
0'
#94870000
1!
1'
b1010000011 7
#94880000
0!
0'
#94890000
1!
1'
b1010000100 7
#94900000
0!
0'
#94910000
1!
1'
b1010000101 7
#94920000
0!
0'
#94930000
1!
1'
b1010000110 7
#94940000
0!
0'
#94950000
1!
1'
b1010000111 7
#94960000
0!
0'
#94970000
1!
1'
b1010001000 7
#94980000
0!
0'
#94990000
1!
1'
b1010001001 7
#95000000
0!
0'
#95010000
1!
1'
b1010001010 7
#95020000
0!
0'
#95030000
1!
1'
b1010001011 7
#95040000
0!
0'
#95050000
1!
1'
b1010001100 7
#95060000
0!
0'
#95070000
1!
1'
b1010001101 7
#95080000
0!
0'
#95090000
1!
1'
b1010001110 7
#95100000
0!
0'
#95110000
1!
1'
b1010001111 7
#95120000
0!
0'
#95130000
1!
1'
b1010010000 7
#95140000
0!
0'
#95150000
1!
1'
b1010010001 7
#95160000
0!
0'
#95170000
1!
1'
b1010010010 7
#95180000
0!
0'
#95190000
1!
1'
b1010010011 7
#95200000
0!
0'
#95210000
1!
1'
b1010010100 7
#95220000
0!
0'
#95230000
1!
1'
b1010010101 7
#95240000
0!
0'
#95250000
1!
1'
b1010010110 7
#95260000
0!
0'
#95270000
1!
1'
b1010010111 7
#95280000
0!
0'
#95290000
1!
1'
b1010011000 7
#95300000
0!
0'
#95310000
1!
1'
b1010011001 7
#95320000
0!
0'
#95330000
1!
1'
b1010011010 7
#95340000
0!
0'
#95350000
1!
1'
b1010011011 7
#95360000
0!
0'
#95370000
1!
1'
b1010011100 7
#95380000
0!
0'
#95390000
1!
1'
b1010011101 7
#95400000
0!
0'
#95410000
1!
1'
b1010011110 7
#95420000
0!
0'
#95430000
1!
1'
b1010011111 7
#95440000
0!
0'
#95450000
1!
1'
b1010100000 7
#95460000
0!
0'
#95470000
1!
1'
b1010100001 7
#95480000
0!
0'
#95490000
1!
1'
b1010100010 7
#95500000
0!
0'
#95510000
1!
1'
b1010100011 7
#95520000
0!
0'
#95530000
1!
1'
b1010100100 7
#95540000
0!
0'
#95550000
1!
1'
b1010100101 7
#95560000
0!
0'
#95570000
1!
1'
b1010100110 7
#95580000
0!
0'
#95590000
1!
1'
b1010100111 7
#95600000
0!
0'
#95610000
1!
1'
b1010101000 7
#95620000
0!
0'
#95630000
1!
1'
b1010101001 7
#95640000
0!
0'
#95650000
1!
1'
b1010101010 7
#95660000
0!
0'
#95670000
1!
1'
b1010101011 7
#95680000
0!
0'
#95690000
1!
1'
b1010101100 7
#95700000
0!
0'
#95710000
1!
1'
b1010101101 7
#95720000
0!
0'
#95730000
1!
1'
b1010101110 7
#95740000
0!
0'
#95750000
1!
1'
b1010101111 7
#95760000
0!
0'
#95770000
1!
1'
b1010110000 7
#95780000
0!
0'
#95790000
1!
1'
b1010110001 7
#95800000
0!
0'
#95810000
1!
1'
b1010110010 7
#95820000
0!
0'
#95830000
1!
1'
b1010110011 7
#95840000
0!
0'
#95850000
1!
1'
b1010110100 7
#95860000
0!
0'
#95870000
1!
1'
b1010110101 7
#95880000
0!
0'
#95890000
1!
1'
b1010110110 7
#95900000
0!
0'
#95910000
1!
1'
b1010110111 7
#95920000
0!
0'
#95930000
1!
1'
b1010111000 7
#95940000
0!
0'
#95950000
1!
1'
b1010111001 7
#95960000
0!
0'
#95970000
1!
1'
b1010111010 7
#95980000
0!
0'
#95990000
1!
1'
b1010111011 7
#96000000
0!
0'
#96010000
1!
1'
b1010111100 7
#96020000
0!
0'
#96030000
1!
1'
b1010111101 7
#96040000
0!
0'
#96050000
1!
1'
b1010111110 7
#96060000
0!
0'
#96070000
1!
1'
b1010111111 7
#96080000
0!
0'
#96090000
1!
1'
b1011000000 7
#96100000
0!
0'
#96110000
1!
1'
b1011000001 7
#96120000
0!
0'
#96130000
1!
1'
b1011000010 7
#96140000
0!
0'
#96150000
1!
1'
b1011000011 7
#96160000
0!
0'
#96170000
1!
1'
b1011000100 7
#96180000
0!
0'
#96190000
1!
1'
b1011000101 7
#96200000
0!
0'
#96210000
1!
1'
b1011000110 7
#96220000
0!
0'
#96230000
1!
1'
b1011000111 7
#96240000
0!
0'
#96250000
1!
1'
b1011001000 7
#96260000
0!
0'
#96270000
1!
1'
b1011001001 7
#96280000
0!
0'
#96290000
1!
1'
b1011001010 7
#96300000
0!
0'
#96310000
1!
1'
b1011001011 7
#96320000
0!
0'
#96330000
1!
1'
b1011001100 7
#96340000
0!
0'
#96350000
1!
1'
b1011001101 7
#96360000
0!
0'
#96370000
1!
1'
b1011001110 7
#96380000
0!
0'
#96390000
1!
1'
b1011001111 7
#96400000
0!
0'
#96410000
1!
1'
b1011010000 7
#96420000
0!
0'
#96430000
1!
1'
b1011010001 7
#96440000
0!
0'
#96450000
1!
1'
b1011010010 7
#96460000
0!
0'
#96470000
1!
1'
b1011010011 7
#96480000
0!
0'
#96490000
1!
1'
b1011010100 7
#96500000
0!
0'
#96510000
1!
1'
b1011010101 7
#96520000
0!
0'
#96530000
1!
1'
b1011010110 7
#96540000
0!
0'
#96550000
1!
1'
b1011010111 7
#96560000
0!
0'
#96570000
1!
1'
b1011011000 7
#96580000
0!
0'
#96590000
1!
1'
b1011011001 7
#96600000
0!
0'
#96610000
1!
1'
b1011011010 7
#96620000
0!
0'
#96630000
1!
1'
b1011011011 7
#96640000
0!
0'
#96650000
1!
1'
b1011011100 7
#96660000
0!
0'
#96670000
1!
1'
b1011011101 7
#96680000
0!
0'
#96690000
1!
1'
b1011011110 7
#96700000
0!
0'
#96710000
1!
1'
b1011011111 7
#96720000
0!
0'
#96730000
1!
1'
b1011100000 7
#96740000
0!
0'
#96750000
1!
1'
b1011100001 7
#96760000
0!
0'
#96770000
1!
1'
b1011100010 7
#96780000
0!
0'
#96790000
1!
1'
b1011100011 7
#96800000
0!
0'
#96810000
1!
1'
b1011100100 7
#96820000
0!
0'
#96830000
1!
1'
b1011100101 7
#96840000
0!
0'
#96850000
1!
1'
b1011100110 7
#96860000
0!
0'
#96870000
1!
1'
b1011100111 7
#96880000
0!
0'
#96890000
1!
1'
b1011101000 7
#96900000
0!
0'
#96910000
1!
1'
b1011101001 7
#96920000
0!
0'
#96930000
1!
1'
b1011101010 7
#96940000
0!
0'
#96950000
1!
1'
b1011101011 7
#96960000
0!
0'
#96970000
1!
1'
b1011101100 7
#96980000
0!
0'
#96990000
1!
1'
b1011101101 7
#97000000
0!
0'
#97010000
1!
1'
b1011101110 7
#97020000
0!
0'
#97030000
1!
1'
b1011101111 7
#97040000
0!
0'
#97050000
1!
1'
b1011110000 7
#97060000
0!
0'
#97070000
1!
1'
b1011110001 7
#97080000
0!
0'
#97090000
1!
1'
b1011110010 7
#97100000
0!
0'
#97110000
1!
1'
b1011110011 7
#97120000
0!
0'
#97130000
1!
1'
b1011110100 7
#97140000
0!
0'
#97150000
1!
1'
b1011110101 7
#97160000
0!
0'
#97170000
1!
1'
b1011110110 7
#97180000
0!
0'
#97190000
1!
1'
b1011110111 7
#97200000
0!
0'
#97210000
1!
1'
b1011111000 7
#97220000
0!
0'
#97230000
1!
1'
b1011111001 7
#97240000
0!
0'
#97250000
1!
1'
b1011111010 7
#97260000
0!
0'
#97270000
1!
1'
b1011111011 7
#97280000
0!
0'
#97290000
1!
1'
b1011111100 7
#97300000
0!
0'
#97310000
1!
1'
b1011111101 7
#97320000
0!
0'
#97330000
1!
1'
b1011111110 7
#97340000
0!
0'
#97350000
1!
1'
b1011111111 7
#97360000
0!
0'
#97370000
1!
1'
b1100000000 7
#97380000
0!
0'
#97390000
1!
1'
b1100000001 7
#97400000
0!
0'
#97410000
1!
1'
b1100000010 7
#97420000
0!
0'
#97430000
1!
1'
b1100000011 7
#97440000
0!
0'
#97450000
1!
1'
b1100000100 7
#97460000
0!
0'
#97470000
1!
1'
b1100000101 7
#97480000
0!
0'
#97490000
1!
1'
b1100000110 7
#97500000
0!
0'
#97510000
1!
1'
b1100000111 7
#97520000
0!
0'
#97530000
1!
1'
b1100001000 7
#97540000
0!
0'
#97550000
1!
1'
b1100001001 7
#97560000
0!
0'
#97570000
1!
1'
b1100001010 7
#97580000
0!
0'
#97590000
1!
1'
b1100001011 7
#97600000
0!
0'
#97610000
1!
1'
b1100001100 7
#97620000
0!
0'
#97630000
1!
1'
b1100001101 7
#97640000
0!
0'
#97650000
1!
1'
b1100001110 7
#97660000
0!
0'
#97670000
1!
1'
b1100001111 7
#97680000
0!
0'
#97690000
1!
1'
b1100010000 7
#97700000
0!
0'
#97710000
1!
1'
b1100010001 7
#97720000
0!
0'
#97730000
1!
1'
b1100010010 7
#97740000
0!
0'
#97750000
1!
1'
b1100010011 7
#97760000
0!
0'
#97770000
1!
1'
b1100010100 7
#97780000
0!
0'
#97790000
1!
1'
b1100010101 7
#97800000
0!
0'
#97810000
1!
1'
b1100010110 7
#97820000
0!
0'
#97830000
1!
1'
b1100010111 7
#97840000
0!
0'
#97850000
1!
1'
b1100011000 7
#97860000
0!
0'
#97870000
1!
1'
b1100011001 7
#97880000
0!
0'
#97890000
1!
1'
b1100011010 7
#97900000
0!
0'
#97910000
1!
1'
b1100011011 7
#97920000
0!
0'
#97930000
1!
1'
b1100011100 7
#97940000
0!
0'
#97950000
1!
1'
b1100011101 7
#97960000
0!
0'
#97970000
1!
1'
b1100011110 7
#97980000
0!
0'
#97990000
1!
1'
b1100011111 7
#98000000
0!
0'
#98010000
1!
1'
b1100100000 7
#98020000
0!
0'
#98030000
1!
1'
b1100100001 7
#98040000
0!
0'
#98050000
1!
1'
b1100100010 7
#98060000
0!
0'
#98070000
1!
1'
b1100100011 7
#98080000
0!
0'
#98090000
1!
1'
b1100100100 7
#98100000
0!
0'
#98110000
1!
1'
b1100100101 7
#98120000
0!
0'
#98130000
1!
1'
b1100100110 7
#98140000
0!
0'
#98150000
1!
1'
b1100100111 7
#98160000
0!
0'
#98170000
1!
1'
b1100101000 7
#98180000
0!
0'
#98190000
1!
1'
b1100101001 7
#98200000
0!
0'
#98210000
1!
1'
b1100101010 7
#98220000
0!
0'
#98230000
1!
1'
b1100101011 7
#98240000
0!
0'
#98250000
1!
1'
b1100101100 7
#98260000
0!
0'
#98270000
1!
1'
b1100101101 7
#98280000
0!
0'
#98290000
1!
1'
b1100101110 7
#98300000
0!
0'
#98310000
1!
1'
b1100101111 7
#98320000
0!
0'
#98330000
1!
1'
b1100110000 7
#98340000
0!
0'
#98350000
1!
1'
b1100110001 7
#98360000
0!
0'
#98370000
1!
1'
b1100110010 7
#98380000
0!
0'
#98390000
1!
1'
b1100110011 7
#98400000
0!
0'
#98410000
1!
1'
b1100110100 7
#98420000
0!
0'
#98430000
1!
1'
b1100110101 7
#98440000
0!
0'
#98450000
1!
1'
b1100110110 7
#98460000
0!
0'
#98470000
1!
1'
b1100110111 7
#98480000
0!
0'
#98490000
1!
1'
b1100111000 7
#98500000
0!
0'
#98510000
1!
1'
b1100111001 7
#98520000
0!
0'
#98530000
1!
1'
b1100111010 7
#98540000
0!
0'
#98550000
1!
1'
b1100111011 7
#98560000
0!
0'
#98570000
1!
1'
b1100111100 7
#98580000
0!
0'
#98590000
1!
1'
b1100111101 7
#98600000
0!
0'
#98610000
1!
1'
b1100111110 7
#98620000
0!
0'
#98630000
1!
1'
b1100111111 7
#98640000
0!
0'
#98650000
1!
1'
b1101000000 7
#98660000
0!
0'
#98670000
1!
1'
b1101000001 7
#98680000
0!
0'
#98690000
1!
1'
b1101000010 7
#98700000
0!
0'
#98710000
1!
1'
b1101000011 7
#98720000
0!
0'
#98730000
1!
1'
b1101000100 7
#98740000
0!
0'
#98750000
1!
1'
b1101000101 7
#98760000
0!
0'
#98770000
1!
1'
b1101000110 7
#98780000
0!
0'
#98790000
1!
1'
b1101000111 7
#98800000
0!
0'
#98810000
1!
1'
b1101001000 7
#98820000
0!
0'
#98830000
1!
1'
b1101001001 7
#98840000
0!
0'
#98850000
1!
1'
b1101001010 7
#98860000
0!
0'
#98870000
1!
1'
b1101001011 7
#98880000
0!
0'
#98890000
1!
1'
b1101001100 7
#98900000
0!
0'
#98910000
1!
1'
b1101001101 7
#98920000
0!
0'
#98930000
1!
1'
b1101001110 7
#98940000
0!
0'
#98950000
1!
1'
b1101001111 7
#98960000
0!
0'
#98970000
1!
1'
b1101010000 7
#98980000
0!
0'
#98990000
1!
1'
b1101010001 7
#99000000
0!
0'
#99010000
1!
1'
b1101010010 7
#99020000
0!
0'
#99030000
1!
1'
b1101010011 7
#99040000
0!
0'
#99050000
1!
1'
b1101010100 7
#99060000
0!
0'
#99070000
1!
1'
b1101010101 7
#99080000
0!
0'
#99090000
1!
1'
b1101010110 7
#99100000
0!
0'
#99110000
1!
1'
b1101010111 7
#99120000
0!
0'
#99130000
1!
1'
b1101011000 7
#99140000
0!
0'
#99150000
1!
1'
b1101011001 7
#99160000
0!
0'
#99170000
1!
1'
b1101011010 7
#99180000
0!
0'
#99190000
1!
1'
b1101011011 7
#99200000
0!
0'
#99210000
1!
1'
b1101011100 7
#99220000
0!
0'
#99230000
1!
1'
b1101011101 7
#99240000
0!
0'
#99250000
1!
1'
b1101011110 7
#99260000
0!
0'
#99270000
1!
1'
b1101011111 7
#99280000
0!
0'
#99290000
1!
1'
b1101100000 7
#99300000
0!
0'
#99310000
1!
1'
b1101100001 7
#99320000
0!
0'
#99330000
1!
1'
b1101100010 7
#99340000
0!
0'
#99350000
1!
1'
b1101100011 7
#99360000
0!
0'
#99370000
1!
1'
b1101100100 7
#99380000
0!
0'
#99390000
1!
1'
b1101100101 7
#99400000
0!
0'
#99410000
1!
1'
b1101100110 7
#99420000
0!
0'
#99430000
1!
1'
b1101100111 7
#99440000
0!
0'
#99450000
1!
1'
b1101101000 7
#99460000
0!
0'
#99470000
1!
1'
b1101101001 7
#99480000
0!
0'
#99490000
1!
1'
b1101101010 7
#99500000
0!
0'
#99510000
1!
1'
b1101101011 7
#99520000
0!
0'
#99530000
1!
1'
b1101101100 7
#99540000
0!
0'
#99550000
1!
1'
b1101101101 7
#99560000
0!
0'
#99570000
1!
1'
b1101101110 7
#99580000
0!
0'
#99590000
1!
1'
b1101101111 7
#99600000
0!
0'
#99610000
1!
1'
b1101110000 7
#99620000
0!
0'
#99630000
1!
1'
b1101110001 7
#99640000
0!
0'
#99650000
1!
1'
b1101110010 7
#99660000
0!
0'
#99670000
1!
1'
b1101110011 7
#99680000
0!
0'
#99690000
1!
1'
b1101110100 7
#99700000
0!
0'
#99710000
1!
1'
b1101110101 7
#99720000
0!
0'
#99730000
1!
1'
b1101110110 7
#99740000
0!
0'
#99750000
1!
1'
b1101110111 7
#99760000
0!
0'
#99770000
1!
1'
b1101111000 7
#99780000
0!
0'
#99790000
1!
1'
b1101111001 7
#99800000
0!
0'
#99810000
1!
1'
b1101111010 7
#99820000
0!
0'
#99830000
1!
1'
b1101111011 7
#99840000
0!
0'
#99850000
1!
1'
b1101111100 7
#99860000
0!
0'
#99870000
1!
1'
b1101111101 7
#99880000
0!
0'
#99890000
1!
1'
b1101111110 7
#99900000
0!
0'
#99910000
1!
1'
b1101111111 7
#99920000
0!
0'
#99930000
1!
1'
b1110000000 7
#99940000
0!
0'
#99950000
1!
1'
b1110000001 7
#99960000
0!
0'
#99970000
1!
1'
b1110000010 7
#99980000
0!
0'
#99990000
1!
1'
b1110000011 7
#100000000
0!
0'
#100010000
1!
1'
b1110000100 7
#100020000
0!
0'
#100030000
1!
1'
b1110000101 7
#100040000
0!
0'
#100050000
1!
1'
b1110000110 7
#100060000
0!
0'
#100070000
1!
1'
b1110000111 7
#100080000
0!
0'
#100090000
1!
1'
b100000000000 #
0-
1)
b100000101100 <
0;
08
b1110001000 7
#100100000
0!
0'
#100110000
1!
1'
15
b1110001001 7
1$
#100120000
0!
0'
#100130000
1!
1'
b1110001010 7
#100140000
0!
0'
#100150000
1!
1'
b1110001011 7
#100160000
0!
0'
#100170000
1!
1'
b1110001100 7
#100180000
0!
0'
#100190000
1!
1'
b1110001101 7
#100200000
0!
0'
#100210000
1!
1'
b1110001110 7
#100220000
0!
0'
#100230000
1!
1'
b1110001111 7
#100240000
0!
0'
#100250000
1!
1'
b1110010000 7
#100260000
0!
0'
#100270000
1!
1'
b1110010001 7
#100280000
0!
0'
#100290000
1!
1'
b1110010010 7
#100300000
0!
0'
#100310000
1!
1'
b1110010011 7
#100320000
0!
0'
#100330000
1!
1'
b1110010100 7
#100340000
0!
0'
#100350000
1!
1'
b1110010101 7
#100360000
0!
0'
#100370000
1!
1'
b1110010110 7
#100380000
0!
0'
#100390000
1!
1'
b1110010111 7
#100400000
0!
0'
#100410000
1!
1'
b1110011000 7
#100420000
0!
0'
#100430000
1!
1'
b1110011001 7
#100440000
0!
0'
#100450000
1!
1'
b1110011010 7
#100460000
0!
0'
#100470000
1!
1'
b1110011011 7
#100480000
0!
0'
#100490000
1!
1'
b1110011100 7
#100500000
0!
0'
#100510000
1!
1'
b1110011101 7
#100520000
0!
0'
#100530000
1!
1'
b1110011110 7
#100540000
0!
0'
#100550000
1!
1'
b1110011111 7
#100560000
0!
0'
#100570000
1!
1'
b1110100000 7
#100580000
0!
0'
#100590000
1!
1'
b1110100001 7
#100600000
0!
0'
#100610000
1!
1'
b1110100010 7
#100620000
0!
0'
#100630000
1!
1'
b1110100011 7
#100640000
0!
0'
#100650000
1!
1'
b1110100100 7
#100660000
0!
0'
#100670000
1!
1'
b1110100101 7
#100680000
0!
0'
#100690000
1!
1'
b1110100110 7
#100700000
0!
0'
#100710000
1!
1'
b1110100111 7
#100720000
0!
0'
#100730000
1!
1'
b1110101000 7
#100740000
0!
0'
#100750000
1!
1'
b1110101001 7
#100760000
0!
0'
#100770000
1!
1'
b1110101010 7
#100780000
0!
0'
#100790000
1!
1'
b1110101011 7
#100800000
0!
0'
#100810000
1!
1'
b1110101100 7
#100820000
0!
0'
#100830000
1!
1'
b1110101101 7
#100840000
0!
0'
#100850000
1!
1'
b1110101110 7
#100860000
0!
0'
#100870000
1!
1'
b1110101111 7
#100880000
0!
0'
#100890000
1!
1'
b1110110000 7
#100900000
0!
0'
#100910000
1!
1'
b1110110001 7
#100920000
0!
0'
#100930000
1!
1'
b1110110010 7
#100940000
0!
0'
#100950000
1!
1'
b1110110011 7
#100960000
0!
0'
#100970000
1!
1'
b1110110100 7
#100980000
0!
0'
#100990000
1!
1'
b1110110101 7
#101000000
0!
0'
#101010000
1!
1'
b1110110110 7
#101020000
0!
0'
#101030000
1!
1'
b1110110111 7
#101040000
0!
0'
#101050000
1!
1'
b1110111000 7
#101060000
0!
0'
#101070000
1!
1'
b1110111001 7
#101080000
0!
0'
#101090000
1!
1'
b1110111010 7
#101100000
0!
0'
#101110000
1!
1'
b1110111011 7
#101120000
0!
0'
#101130000
1!
1'
b1110111100 7
#101140000
0!
0'
#101150000
1!
1'
b1110111101 7
#101160000
0!
0'
#101170000
1!
1'
b1110111110 7
#101180000
0!
0'
#101190000
1!
1'
b1110111111 7
#101200000
0!
0'
#101210000
1!
1'
b1111000000 7
#101220000
0!
0'
#101230000
1!
1'
b1111000001 7
#101240000
0!
0'
#101250000
1!
1'
b1111000010 7
#101260000
0!
0'
#101270000
1!
1'
b1111000011 7
#101280000
0!
0'
#101290000
1!
1'
b1111000100 7
#101300000
0!
0'
#101310000
1!
1'
b1111000101 7
#101320000
0!
0'
#101330000
1!
1'
b1111000110 7
#101340000
0!
0'
#101350000
1!
1'
b1111000111 7
#101360000
0!
0'
#101370000
1!
1'
b1111001000 7
#101380000
0!
0'
#101390000
1!
1'
b1111001001 7
#101400000
0!
0'
#101410000
1!
1'
b1111001010 7
#101420000
0!
0'
#101430000
1!
1'
b1111001011 7
#101440000
0!
0'
#101450000
1!
1'
b1111001100 7
#101460000
0!
0'
#101470000
1!
1'
b1111001101 7
#101480000
0!
0'
#101490000
1!
1'
b1111001110 7
#101500000
0!
0'
#101510000
1!
1'
b1111001111 7
#101520000
0!
0'
#101530000
1!
1'
b1111010000 7
#101540000
0!
0'
#101550000
1!
1'
b1111010001 7
#101560000
0!
0'
#101570000
1!
1'
b1111010010 7
#101580000
0!
0'
#101590000
1!
1'
b1111010011 7
#101600000
0!
0'
#101610000
1!
1'
b1111010100 7
#101620000
0!
0'
#101630000
1!
1'
b1111010101 7
#101640000
0!
0'
#101650000
1!
1'
b1111010110 7
#101660000
0!
0'
#101670000
1!
1'
b1111010111 7
#101680000
0!
0'
#101690000
1!
1'
b1111011000 7
#101700000
0!
0'
#101710000
1!
1'
b1111011001 7
#101720000
0!
0'
#101730000
1!
1'
b1111011010 7
#101740000
0!
0'
#101750000
1!
1'
b1111011011 7
#101760000
0!
0'
#101770000
1!
1'
b1111011100 7
#101780000
0!
0'
#101790000
1!
1'
b1111011101 7
#101800000
0!
0'
#101810000
1!
1'
b1111011110 7
#101820000
0!
0'
#101830000
1!
1'
b1111011111 7
#101840000
0!
0'
#101850000
1!
1'
b1111100000 7
#101860000
0!
0'
#101870000
1!
1'
b1111100001 7
#101880000
0!
0'
#101890000
1!
1'
b1111100010 7
#101900000
0!
0'
#101910000
1!
1'
b1111100011 7
#101920000
0!
0'
#101930000
1!
1'
b1111100100 7
#101940000
0!
0'
#101950000
1!
1'
b1111100101 7
#101960000
0!
0'
#101970000
1!
1'
b1111100110 7
#101980000
0!
0'
#101990000
1!
1'
b1111100111 7
#102000000
0!
0'
#102010000
1!
1'
b1111101000 7
#102020000
0!
0'
#102030000
1!
1'
b1111101001 7
#102040000
0!
0'
#102050000
1!
1'
b1111101010 7
#102060000
0!
0'
#102070000
1!
1'
b1111101011 7
#102080000
0!
0'
#102090000
1!
1'
b1111101100 7
#102100000
0!
0'
#102110000
1!
1'
b1111101101 7
#102120000
0!
0'
#102130000
1!
1'
b1111101110 7
#102140000
0!
0'
#102150000
1!
1'
b1111101111 7
#102160000
0!
0'
#102170000
1!
1'
b1111110000 7
#102180000
0!
0'
#102190000
1!
1'
b1111110001 7
#102200000
0!
0'
#102210000
1!
1'
b1111110010 7
#102220000
0!
0'
#102230000
1!
1'
b1111110011 7
#102240000
0!
0'
#102250000
1!
1'
b1111110100 7
#102260000
0!
0'
#102270000
1!
1'
b1111110101 7
#102280000
0!
0'
#102290000
1!
1'
b1111110110 7
#102300000
0!
0'
#102310000
1!
1'
b1111110111 7
#102320000
0!
0'
#102330000
1!
1'
b1111111000 7
#102340000
0!
0'
#102350000
1!
1'
b1111111001 7
#102360000
0!
0'
#102370000
1!
1'
b1111111010 7
#102380000
0!
0'
#102390000
1!
1'
b1111111011 7
#102400000
0!
0'
#102410000
1!
1'
b1111111100 7
#102420000
0!
0'
#102430000
1!
1'
b1111111101 7
#102440000
0!
0'
#102450000
1!
1'
b1111111110 7
#102460000
0!
0'
#102470000
1!
1'
b1111111111 7
#102480000
0!
0'
#102490000
1!
1'
b10000000000 7
#102500000
0!
0'
#102510000
1!
1'
b10000000001 7
#102520000
0!
0'
#102530000
1!
1'
b10000000010 7
#102540000
0!
0'
#102550000
1!
1'
b10000000011 7
#102560000
0!
0'
#102570000
1!
1'
b10000000100 7
#102580000
0!
0'
#102590000
1!
1'
b10000000101 7
#102600000
0!
0'
#102610000
1!
1'
b10000000110 7
#102620000
0!
0'
#102630000
1!
1'
b10000000111 7
#102640000
0!
0'
#102650000
1!
1'
b10000001000 7
#102660000
0!
0'
#102670000
1!
1'
b10000001001 7
#102680000
0!
0'
#102690000
1!
1'
b10000001010 7
#102700000
0!
0'
#102710000
1!
1'
b10000001011 7
#102720000
0!
0'
#102730000
1!
1'
b10000001100 7
#102740000
0!
0'
#102750000
1!
1'
b10000001101 7
#102760000
0!
0'
#102770000
1!
1'
b10000001110 7
#102780000
0!
0'
#102790000
1!
1'
b10000001111 7
#102800000
0!
0'
#102810000
1!
1'
b10000010000 7
#102820000
0!
0'
#102830000
1!
1'
b10000010001 7
#102840000
0!
0'
#102850000
1!
1'
b10000010010 7
#102860000
0!
0'
#102870000
1!
1'
b10000010011 7
#102880000
0!
0'
#102890000
1!
1'
b10000010100 7
#102900000
0!
0'
#102910000
1!
1'
b10000010101 7
#102920000
0!
0'
#102930000
1!
1'
b10000010110 7
#102940000
0!
0'
#102950000
1!
1'
b10000010111 7
#102960000
0!
0'
#102970000
1!
1'
b10000011000 7
#102980000
0!
0'
#102990000
1!
1'
b10000011001 7
#103000000
0!
0'
#103010000
1!
1'
b10000011010 7
#103020000
0!
0'
#103030000
1!
1'
b10000011011 7
#103040000
0!
0'
#103050000
1!
1'
b10000011100 7
#103060000
0!
0'
#103070000
1!
1'
b10000011101 7
#103080000
0!
0'
#103090000
1!
1'
b10000011110 7
#103100000
0!
0'
#103110000
1!
1'
b10000011111 7
#103120000
0!
0'
#103130000
1!
1'
b10000100000 7
#103140000
0!
0'
#103150000
1!
1'
b10000100001 7
#103160000
0!
0'
#103170000
1!
1'
b10000100010 7
#103180000
0!
0'
#103190000
1!
1'
b10000100011 7
#103200000
0!
0'
#103210000
1!
1'
b10000100100 7
#103220000
0!
0'
#103230000
1!
1'
b10000100101 7
#103240000
0!
0'
#103250000
1!
1'
b10000100110 7
#103260000
0!
0'
#103270000
1!
1'
b10000100111 7
#103280000
0!
0'
#103290000
1!
1'
b10000101000 7
#103300000
0!
0'
#103310000
1!
1'
b10000101001 7
#103320000
0!
0'
#103330000
1!
1'
b10000101010 7
#103340000
0!
0'
#103350000
1!
1'
b10000101011 7
#103360000
0!
0'
#103370000
1!
1'
b10000101100 7
#103380000
0!
0'
#103390000
1!
1'
b10000101101 7
#103400000
0!
0'
#103410000
1!
1'
b10000101110 7
#103420000
0!
0'
#103430000
1!
1'
b10000101111 7
#103440000
0!
0'
#103450000
1!
1'
b10000110000 7
#103460000
0!
0'
#103470000
1!
1'
b10000110001 7
#103480000
0!
0'
#103490000
1!
1'
b10000110010 7
#103500000
0!
0'
#103510000
1!
1'
b10000110011 7
#103520000
0!
0'
#103530000
1!
1'
b10000110100 7
#103540000
0!
0'
#103550000
1!
1'
b10000110101 7
#103560000
0!
0'
#103570000
1!
1'
b10000110110 7
#103580000
0!
0'
#103590000
1!
1'
b10000110111 7
#103600000
0!
0'
#103610000
1!
1'
b10000111000 7
#103620000
0!
0'
#103630000
1!
1'
b10000111001 7
#103640000
0!
0'
#103650000
1!
1'
b10000111010 7
#103660000
0!
0'
#103670000
1!
1'
b10000111011 7
#103680000
0!
0'
#103690000
1!
1'
b10000111100 7
#103700000
0!
0'
#103710000
1!
1'
b10000111101 7
#103720000
0!
0'
#103730000
1!
1'
b10000111110 7
#103740000
0!
0'
#103750000
1!
1'
b10000111111 7
#103760000
0!
0'
#103770000
1!
1'
b10001000000 7
#103780000
0!
0'
#103790000
1!
1'
b10001000001 7
#103800000
0!
0'
#103810000
1!
1'
b10001000010 7
#103820000
0!
0'
#103830000
1!
1'
b10001000011 7
#103840000
0!
0'
#103850000
1!
1'
b10001000100 7
#103860000
0!
0'
#103870000
1!
1'
b10001000101 7
#103880000
0!
0'
#103890000
1!
1'
b10001000110 7
#103900000
0!
0'
#103910000
1!
1'
b10001000111 7
#103920000
0!
0'
#103930000
1!
1'
b10001001000 7
#103940000
0!
0'
#103950000
1!
1'
b10001001001 7
#103960000
0!
0'
#103970000
1!
1'
b10001001010 7
#103980000
0!
0'
#103990000
1!
1'
b10001001011 7
#104000000
0!
0'
#104010000
1!
1'
b10001001100 7
#104020000
0!
0'
#104030000
1!
1'
b10001001101 7
#104040000
0!
0'
#104050000
1!
1'
b10001001110 7
#104060000
0!
0'
#104070000
1!
1'
b10001001111 7
#104080000
0!
0'
#104090000
1!
1'
b10001010000 7
#104100000
0!
0'
#104110000
1!
1'
b10001010001 7
#104120000
0!
0'
#104130000
1!
1'
b10001010010 7
#104140000
0!
0'
#104150000
1!
1'
b10001010011 7
#104160000
0!
0'
#104170000
1!
1'
b10001010100 7
#104180000
0!
0'
#104190000
1!
1'
b10001010101 7
#104200000
0!
0'
#104210000
1!
1'
b10001010110 7
#104220000
0!
0'
#104230000
1!
1'
b10001010111 7
#104240000
0!
0'
#104250000
1!
1'
b10001011000 7
#104260000
0!
0'
#104270000
1!
1'
b10001011001 7
#104280000
0!
0'
#104290000
1!
1'
b10001011010 7
#104300000
0!
0'
#104310000
1!
1'
b10001011011 7
#104320000
0!
0'
#104330000
1!
1'
b10001011100 7
#104340000
0!
0'
#104350000
1!
1'
b10001011101 7
#104360000
0!
0'
#104370000
1!
1'
b10001011110 7
#104380000
0!
0'
#104390000
1!
1'
b10001011111 7
#104400000
0!
0'
#104410000
1!
1'
b10001100000 7
#104420000
0!
0'
#104430000
1!
1'
b10001100001 7
#104440000
0!
0'
#104450000
1!
1'
b10001100010 7
#104460000
0!
0'
#104470000
1!
1'
b10001100011 7
#104480000
0!
0'
#104490000
1!
1'
b10001100100 7
#104500000
0!
0'
#104510000
1!
1'
b10001100101 7
#104520000
0!
0'
#104530000
1!
1'
b10001100110 7
#104540000
0!
0'
#104550000
1!
1'
b10001100111 7
#104560000
0!
0'
#104570000
1!
1'
b10001101000 7
#104580000
0!
0'
#104590000
1!
1'
b10001101001 7
#104600000
0!
0'
#104610000
1!
1'
b10001101010 7
#104620000
0!
0'
#104630000
1!
1'
b10001101011 7
#104640000
0!
0'
#104650000
1!
1'
b10001101100 7
#104660000
0!
0'
#104670000
1!
1'
b10001101101 7
#104680000
0!
0'
#104690000
1!
1'
b10001101110 7
#104700000
0!
0'
#104710000
1!
1'
b10001101111 7
#104720000
0!
0'
#104730000
1!
1'
b10001110000 7
#104740000
0!
0'
#104750000
1!
1'
b10001110001 7
#104760000
0!
0'
#104770000
1!
1'
b10001110010 7
#104780000
0!
0'
#104790000
1!
1'
b10001110011 7
#104800000
0!
0'
#104810000
1!
1'
b10001110100 7
#104820000
0!
0'
#104830000
1!
1'
b10001110101 7
#104840000
0!
0'
#104850000
1!
1'
b10001110110 7
#104860000
0!
0'
#104870000
1!
1'
b10001110111 7
#104880000
0!
0'
#104890000
1!
1'
b10001111000 7
#104900000
0!
0'
#104910000
1!
1'
b10001111001 7
#104920000
0!
0'
#104930000
1!
1'
b10001111010 7
#104940000
0!
0'
#104950000
1!
1'
b10001111011 7
#104960000
0!
0'
#104970000
1!
1'
b10001111100 7
#104980000
0!
0'
#104990000
1!
1'
b10001111101 7
#105000000
0!
0'
#105010000
1!
1'
b10001111110 7
#105020000
0!
0'
#105030000
1!
1'
b10001111111 7
#105040000
0!
0'
#105050000
1!
1'
b10010000000 7
#105060000
0!
0'
#105070000
1!
1'
b10010000001 7
#105080000
0!
0'
#105090000
1!
1'
b10010000010 7
#105100000
0!
0'
#105110000
1!
1'
b10010000011 7
#105120000
0!
0'
#105130000
1!
1'
b10010000100 7
#105140000
0!
0'
#105150000
1!
1'
b10010000101 7
#105160000
0!
0'
#105170000
1!
1'
b10010000110 7
#105180000
0!
0'
#105190000
1!
1'
b10010000111 7
#105200000
0!
0'
#105210000
1!
1'
b10010001000 7
#105220000
0!
0'
#105230000
1!
1'
b10010001001 7
#105240000
0!
0'
#105250000
1!
1'
b10010001010 7
#105260000
0!
0'
#105270000
1!
1'
b10010001011 7
#105280000
0!
0'
#105290000
1!
1'
b10010001100 7
#105300000
0!
0'
#105310000
1!
1'
b10010001101 7
#105320000
0!
0'
#105330000
1!
1'
b10010001110 7
#105340000
0!
0'
#105350000
1!
1'
b10010001111 7
#105360000
0!
0'
#105370000
1!
1'
b10010010000 7
#105380000
0!
0'
#105390000
1!
1'
b10010010001 7
#105400000
0!
0'
#105410000
1!
1'
b10010010010 7
#105420000
0!
0'
#105430000
1!
1'
b10010010011 7
#105440000
0!
0'
#105450000
1!
1'
b10010010100 7
#105460000
0!
0'
#105470000
1!
1'
b10010010101 7
#105480000
0!
0'
#105490000
1!
1'
b10010010110 7
#105500000
0!
0'
#105510000
1!
1'
b10010010111 7
#105520000
0!
0'
#105530000
1!
1'
b10010011000 7
#105540000
0!
0'
#105550000
1!
1'
b10010011001 7
#105560000
0!
0'
#105570000
1!
1'
b10010011010 7
#105580000
0!
0'
#105590000
1!
1'
b10010011011 7
#105600000
0!
0'
#105610000
1!
1'
b10010011100 7
#105620000
0!
0'
#105630000
1!
1'
b10010011101 7
#105640000
0!
0'
#105650000
1!
1'
b10010011110 7
#105660000
0!
0'
#105670000
1!
1'
b10010011111 7
#105680000
0!
0'
#105690000
1!
1'
b10010100000 7
#105700000
0!
0'
#105710000
1!
1'
b10010100001 7
#105720000
0!
0'
#105730000
1!
1'
b10010100010 7
#105740000
0!
0'
#105750000
1!
1'
b10010100011 7
#105760000
0!
0'
#105770000
1!
1'
b10010100100 7
#105780000
0!
0'
#105790000
1!
1'
b10010100101 7
#105800000
0!
0'
#105810000
1!
1'
b10010100110 7
#105820000
0!
0'
#105830000
1!
1'
b10010100111 7
#105840000
0!
0'
#105850000
1!
1'
b10010101000 7
#105860000
0!
0'
#105870000
1!
1'
b10010101001 7
#105880000
0!
0'
#105890000
1!
1'
b10010101010 7
#105900000
0!
0'
#105910000
1!
1'
b10010101011 7
#105920000
0!
0'
#105930000
1!
1'
b10010101100 7
#105940000
0!
0'
#105950000
1!
1'
b10010101101 7
#105960000
0!
0'
#105970000
1!
1'
b10010101110 7
#105980000
0!
0'
#105990000
1!
1'
b10010101111 7
#106000000
0!
0'
#106010000
1!
1'
b10010110000 7
#106020000
0!
0'
#106030000
1!
1'
b10010110001 7
#106040000
0!
0'
#106050000
1!
1'
b10010110010 7
#106060000
0!
0'
#106070000
1!
1'
b10010110011 7
#106080000
0!
0'
#106090000
1!
1'
b10010110100 7
#106100000
0!
0'
#106110000
1!
1'
b10010110101 7
#106120000
0!
0'
#106130000
1!
1'
b10010110110 7
#106140000
0!
0'
#106150000
1!
1'
b10010110111 7
#106160000
0!
0'
#106170000
1!
1'
b10010111000 7
#106180000
0!
0'
#106190000
1!
1'
b10010111001 7
#106200000
0!
0'
#106210000
1!
1'
b10010111010 7
#106220000
0!
0'
#106230000
1!
1'
b10010111011 7
#106240000
0!
0'
#106250000
1!
1'
b10010111100 7
#106260000
0!
0'
#106270000
1!
1'
b10010111101 7
#106280000
0!
0'
#106290000
1!
1'
b10010111110 7
#106300000
0!
0'
#106310000
1!
1'
b10010111111 7
#106320000
0!
0'
#106330000
1!
1'
b10011000000 7
#106340000
0!
0'
#106350000
1!
1'
b10011000001 7
#106360000
0!
0'
#106370000
1!
1'
b10011000010 7
#106380000
0!
0'
#106390000
1!
1'
b10011000011 7
#106400000
0!
0'
#106410000
1!
1'
b10011000100 7
#106420000
0!
0'
#106430000
1!
1'
b10011000101 7
#106440000
0!
0'
#106450000
1!
1'
b10011000110 7
#106460000
0!
0'
#106470000
1!
1'
b10011000111 7
#106480000
0!
0'
#106490000
1!
1'
b10011001000 7
#106500000
0!
0'
#106510000
1!
1'
b10011001001 7
#106520000
0!
0'
#106530000
1!
1'
b10011001010 7
#106540000
0!
0'
#106550000
1!
1'
b10011001011 7
#106560000
0!
0'
#106570000
1!
1'
b10011001100 7
#106580000
0!
0'
#106590000
1!
1'
b10011001101 7
#106600000
0!
0'
#106610000
1!
1'
b10011001110 7
#106620000
0!
0'
#106630000
1!
1'
b10011001111 7
#106640000
0!
0'
#106650000
1!
1'
b10011010000 7
#106660000
0!
0'
#106670000
1!
1'
b10011010001 7
#106680000
0!
0'
#106690000
1!
1'
b10011010010 7
#106700000
0!
0'
#106710000
1!
1'
b10011010011 7
#106720000
0!
0'
#106730000
1!
1'
b10011010100 7
#106740000
0!
0'
#106750000
1!
1'
b10011010101 7
#106760000
0!
0'
#106770000
1!
1'
b10011010110 7
#106780000
0!
0'
#106790000
1!
1'
b10011010111 7
#106800000
0!
0'
#106810000
1!
1'
b10011011000 7
#106820000
0!
0'
#106830000
1!
1'
b10011011001 7
#106840000
0!
0'
#106850000
1!
1'
b10011011010 7
#106860000
0!
0'
#106870000
1!
1'
b10011011011 7
#106880000
0!
0'
#106890000
1!
1'
b10011011100 7
#106900000
0!
0'
#106910000
1!
1'
b10011011101 7
#106920000
0!
0'
#106930000
1!
1'
b10011011110 7
#106940000
0!
0'
#106950000
1!
1'
b10011011111 7
#106960000
0!
0'
#106970000
1!
1'
b10011100000 7
#106980000
0!
0'
#106990000
1!
1'
b10011100001 7
#107000000
0!
0'
#107010000
1!
1'
b10011100010 7
#107020000
0!
0'
#107030000
1!
1'
b10011100011 7
#107040000
0!
0'
#107050000
1!
1'
b10011100100 7
#107060000
0!
0'
#107070000
1!
1'
b10011100101 7
#107080000
0!
0'
#107090000
1!
1'
b10011100110 7
#107100000
0!
0'
#107110000
1!
1'
b10011100111 7
#107120000
0!
0'
#107130000
1!
1'
b10011101000 7
#107140000
0!
0'
#107150000
1!
1'
b10011101001 7
#107160000
0!
0'
#107170000
1!
1'
b10011101010 7
#107180000
0!
0'
#107190000
1!
1'
b10011101011 7
#107200000
0!
0'
#107210000
1!
1'
b10011101100 7
#107220000
0!
0'
#107230000
1!
1'
b10011101101 7
#107240000
0!
0'
#107250000
1!
1'
b10011101110 7
#107260000
0!
0'
#107270000
1!
1'
b10011101111 7
#107280000
0!
0'
#107290000
1!
1'
b10011110000 7
#107300000
0!
0'
#107310000
1!
1'
b10011110001 7
#107320000
0!
0'
#107330000
1!
1'
b10011110010 7
#107340000
0!
0'
#107350000
1!
1'
b10011110011 7
#107360000
0!
0'
#107370000
1!
1'
b10011110100 7
#107380000
0!
0'
#107390000
1!
1'
b10011110101 7
#107400000
0!
0'
#107410000
1!
1'
b10011110110 7
#107420000
0!
0'
#107430000
1!
1'
b10011110111 7
#107440000
0!
0'
#107450000
1!
1'
b10011111000 7
#107460000
0!
0'
#107470000
1!
1'
b10011111001 7
#107480000
0!
0'
#107490000
1!
1'
b10011111010 7
#107500000
0!
0'
#107510000
1!
1'
b10011111011 7
#107520000
0!
0'
#107530000
1!
1'
b10011111100 7
#107540000
0!
0'
#107550000
1!
1'
b10011111101 7
#107560000
0!
0'
#107570000
1!
1'
b10011111110 7
#107580000
0!
0'
#107590000
1!
1'
b10011111111 7
#107600000
0!
0'
#107610000
1!
1'
b10100000000 7
#107620000
0!
0'
#107630000
1!
1'
b10100000001 7
#107640000
0!
0'
#107650000
1!
1'
b10100000010 7
#107660000
0!
0'
#107670000
1!
1'
b10100000011 7
#107680000
0!
0'
#107690000
1!
1'
b10100000100 7
#107700000
0!
0'
#107710000
1!
1'
b10100000101 7
#107720000
0!
0'
#107730000
1!
1'
b10100000110 7
#107740000
0!
0'
#107750000
1!
1'
b10100000111 7
#107760000
0!
0'
#107770000
1!
1'
b10100001000 7
#107780000
0!
0'
#107790000
1!
1'
b10100001001 7
#107800000
0!
0'
#107810000
1!
1'
b10100001010 7
#107820000
0!
0'
#107830000
1!
1'
b10100001011 7
#107840000
0!
0'
#107850000
1!
1'
b10100001100 7
#107860000
0!
0'
#107870000
1!
1'
b10100001101 7
#107880000
0!
0'
#107890000
1!
1'
b10100001110 7
#107900000
0!
0'
#107910000
1!
1'
b10100001111 7
#107920000
0!
0'
#107930000
1!
1'
b10100010000 7
#107940000
0!
0'
#107950000
1!
1'
b10100010001 7
#107960000
0!
0'
#107970000
1!
1'
b10100010010 7
#107980000
0!
0'
#107990000
1!
1'
b10100010011 7
#108000000
0!
0'
#108010000
1!
1'
b10100010100 7
#108020000
0!
0'
#108030000
1!
1'
b10100010101 7
#108040000
0!
0'
#108050000
1!
1'
b10100010110 7
#108060000
0!
0'
#108070000
1!
1'
b10100010111 7
#108080000
0!
0'
#108090000
1!
1'
b10100011000 7
#108100000
0!
0'
#108110000
1!
1'
b10100011001 7
#108120000
0!
0'
#108130000
1!
1'
b10100011010 7
#108140000
0!
0'
#108150000
1!
1'
b10100011011 7
#108160000
0!
0'
#108170000
1!
1'
b10100011100 7
#108180000
0!
0'
#108190000
1!
1'
b10100011101 7
#108200000
0!
0'
#108210000
1!
1'
b10100011110 7
#108220000
0!
0'
#108230000
1!
1'
b10100011111 7
#108240000
0!
0'
#108250000
1!
1'
b10100100000 7
#108260000
0!
0'
#108270000
1!
1'
b10100100001 7
#108280000
0!
0'
#108290000
1!
1'
b10100100010 7
#108300000
0!
0'
#108310000
1!
1'
b10100100011 7
#108320000
0!
0'
#108330000
1!
1'
b10100100100 7
#108340000
0!
0'
#108350000
1!
1'
b10100100101 7
#108360000
0!
0'
#108370000
1!
1'
b10100100110 7
#108380000
0!
0'
#108390000
1!
1'
b10100100111 7
#108400000
0!
0'
#108410000
1!
1'
b10100101000 7
#108420000
0!
0'
#108430000
1!
1'
b10100101001 7
#108440000
0!
0'
#108450000
1!
1'
b10100101010 7
#108460000
0!
0'
#108470000
1!
1'
b10100101011 7
#108480000
0!
0'
#108490000
1!
1'
b10100101100 7
#108500000
0!
0'
#108510000
1!
1'
b10100101101 7
#108520000
0!
0'
#108530000
1!
1'
b10100101110 7
#108540000
0!
0'
#108550000
1!
1'
b10100101111 7
#108560000
0!
0'
#108570000
1!
1'
b10100110000 7
#108580000
0!
0'
#108590000
1!
1'
b10100110001 7
#108600000
0!
0'
#108610000
1!
1'
b10100110010 7
#108620000
0!
0'
#108630000
1!
1'
b10100110011 7
#108640000
0!
0'
#108650000
1!
1'
b10100110100 7
#108660000
0!
0'
#108670000
1!
1'
b10100110101 7
#108680000
0!
0'
#108690000
1!
1'
b10100110110 7
#108700000
0!
0'
#108710000
1!
1'
b10100110111 7
#108720000
0!
0'
#108730000
1!
1'
b10100111000 7
#108740000
0!
0'
#108750000
1!
1'
b10100111001 7
#108760000
0!
0'
#108770000
1!
1'
b10100111010 7
#108780000
0!
0'
#108790000
1!
1'
b10100111011 7
#108800000
0!
0'
#108810000
1!
1'
b10100111100 7
#108820000
0!
0'
#108830000
1!
1'
b10100111101 7
#108840000
0!
0'
#108850000
1!
1'
b10100111110 7
#108860000
0!
0'
#108870000
1!
1'
b10100111111 7
#108880000
0!
0'
#108890000
1!
1'
b10101000000 7
#108900000
0!
0'
#108910000
1!
1'
b10101000001 7
#108920000
0!
0'
#108930000
1!
1'
b10101000010 7
#108940000
0!
0'
#108950000
1!
1'
b10101000011 7
#108960000
0!
0'
#108970000
1!
1'
b10101000100 7
#108980000
0!
0'
#108990000
1!
1'
b10101000101 7
#109000000
0!
0'
#109010000
1!
1'
b10101000110 7
#109020000
0!
0'
#109030000
1!
1'
b10101000111 7
#109040000
0!
0'
#109050000
1!
1'
b10101001000 7
#109060000
0!
0'
#109070000
1!
1'
b10101001001 7
#109080000
0!
0'
#109090000
1!
1'
b10101001010 7
#109100000
0!
0'
#109110000
1!
1'
b10101001011 7
#109120000
0!
0'
#109130000
1!
1'
b10101001100 7
#109140000
0!
0'
#109150000
1!
1'
b10101001101 7
#109160000
0!
0'
#109170000
1!
1'
b10101001110 7
#109180000
0!
0'
#109190000
1!
1'
b10101001111 7
#109200000
0!
0'
#109210000
1!
1'
b10101010000 7
#109220000
0!
0'
#109230000
1!
1'
b10101010001 7
#109240000
0!
0'
#109250000
1!
1'
b10101010010 7
#109260000
0!
0'
#109270000
1!
1'
b10101010011 7
#109280000
0!
0'
#109290000
1!
1'
b10101010100 7
#109300000
0!
0'
#109310000
1!
1'
b10101010101 7
#109320000
0!
0'
#109330000
1!
1'
b10101010110 7
#109340000
0!
0'
#109350000
1!
1'
b10101010111 7
#109360000
0!
0'
#109370000
1!
1'
b10101011000 7
#109380000
0!
0'
#109390000
1!
1'
b10101011001 7
#109400000
0!
0'
#109410000
1!
1'
b10101011010 7
#109420000
0!
0'
#109430000
1!
1'
b10101011011 7
#109440000
0!
0'
#109450000
1!
1'
b10101011100 7
#109460000
0!
0'
#109470000
1!
1'
b10101011101 7
#109480000
0!
0'
#109490000
1!
1'
b10101011110 7
#109500000
0!
0'
#109510000
1!
1'
b10101011111 7
#109520000
0!
0'
#109530000
1!
1'
b10101100000 7
#109540000
0!
0'
#109550000
1!
1'
b10101100001 7
#109560000
0!
0'
#109570000
1!
1'
b10101100010 7
#109580000
0!
0'
#109590000
1!
1'
b10101100011 7
#109600000
0!
0'
#109610000
1!
1'
b10101100100 7
#109620000
0!
0'
#109630000
1!
1'
b10101100101 7
#109640000
0!
0'
#109650000
1!
1'
b10101100110 7
#109660000
0!
0'
#109670000
1!
1'
b10101100111 7
#109680000
0!
0'
#109690000
1!
1'
b10101101000 7
#109700000
0!
0'
#109710000
1!
1'
b10101101001 7
#109720000
0!
0'
#109730000
1!
1'
b10101101010 7
#109740000
0!
0'
#109750000
1!
1'
b10101101011 7
#109760000
0!
0'
#109770000
1!
1'
b10101101100 7
#109780000
0!
0'
#109790000
1!
1'
b10101101101 7
#109800000
0!
0'
#109810000
1!
1'
b10101101110 7
#109820000
0!
0'
#109830000
1!
1'
b10101101111 7
#109840000
0!
0'
#109850000
1!
1'
b10101110000 7
#109860000
0!
0'
#109870000
1!
1'
b10101110001 7
#109880000
0!
0'
#109890000
1!
1'
b10101110010 7
#109900000
0!
0'
#109910000
1!
1'
b10101110011 7
#109920000
0!
0'
#109930000
1!
1'
b10101110100 7
#109940000
0!
0'
#109950000
1!
1'
b10101110101 7
#109960000
0!
0'
#109970000
1!
1'
b10101110110 7
#109980000
0!
0'
#109990000
1!
1'
b10101110111 7
#110000000
0!
0'
#110010000
1!
1'
b10101111000 7
#110020000
0!
0'
#110030000
1!
1'
b10101111001 7
#110040000
0!
0'
#110050000
1!
1'
b10101111010 7
#110060000
0!
0'
#110070000
1!
1'
b10101111011 7
#110080000
0!
0'
#110090000
1!
1'
b10101111100 7
#110100000
0!
0'
#110110000
1!
1'
b10101111101 7
#110120000
0!
0'
#110130000
1!
1'
b10101111110 7
#110140000
0!
0'
#110150000
1!
1'
b10101111111 7
#110160000
0!
0'
#110170000
1!
1'
b10110000000 7
#110180000
0!
0'
#110190000
1!
1'
b10110000001 7
#110200000
0!
0'
#110210000
1!
1'
b10110000010 7
#110220000
0!
0'
#110230000
1!
1'
b10110000011 7
#110240000
0!
0'
#110250000
1!
1'
b10110000100 7
#110260000
0!
0'
#110270000
1!
1'
b10110000101 7
#110280000
0!
0'
#110290000
1!
1'
b10110000110 7
#110300000
0!
0'
#110310000
1!
1'
b10110000111 7
#110320000
0!
0'
#110330000
1!
1'
b10110001000 7
#110340000
0!
0'
#110350000
1!
1'
b10110001001 7
#110360000
0!
0'
#110370000
1!
1'
b10110001010 7
#110380000
0!
0'
#110390000
1!
1'
b10110001011 7
#110400000
0!
0'
#110410000
1!
1'
b10110001100 7
#110420000
0!
0'
#110430000
1!
1'
b10110001101 7
#110440000
0!
0'
#110450000
1!
1'
b10110001110 7
#110460000
0!
0'
#110470000
1!
1'
b10110001111 7
#110480000
0!
0'
#110490000
1!
1'
b10110010000 7
#110500000
0!
0'
#110510000
1!
1'
b10110010001 7
#110520000
0!
0'
#110530000
1!
1'
b10110010010 7
#110540000
0!
0'
#110550000
1!
1'
b10110010011 7
#110560000
0!
0'
#110570000
1!
1'
b10110010100 7
#110580000
0!
0'
#110590000
1!
1'
b10110010101 7
#110600000
0!
0'
#110610000
1!
1'
b10110010110 7
#110620000
0!
0'
#110630000
1!
1'
b10110010111 7
#110640000
0!
0'
#110650000
1!
1'
b10110011000 7
#110660000
0!
0'
#110670000
1!
1'
b10110011001 7
#110680000
0!
0'
#110690000
1!
1'
b10110011010 7
#110700000
0!
0'
#110710000
1!
1'
b10110011011 7
#110720000
0!
0'
#110730000
1!
1'
b10110011100 7
#110740000
0!
0'
#110750000
1!
1'
b10110011101 7
#110760000
0!
0'
#110770000
1!
1'
b10110011110 7
#110780000
0!
0'
#110790000
1!
1'
b10110011111 7
#110800000
0!
0'
#110810000
1!
1'
b10110100000 7
#110820000
0!
0'
#110830000
1!
1'
b10110100001 7
#110840000
0!
0'
#110850000
1!
1'
b10110100010 7
#110860000
0!
0'
#110870000
1!
1'
b10110100011 7
#110880000
0!
0'
#110890000
1!
1'
b10110100100 7
#110900000
0!
0'
#110910000
1!
1'
b10110100101 7
#110920000
0!
0'
#110930000
1!
1'
b10110100110 7
#110940000
0!
0'
#110950000
1!
1'
b10110100111 7
#110960000
0!
0'
#110970000
1!
1'
b10110101000 7
#110980000
0!
0'
#110990000
1!
1'
b10110101001 7
#111000000
0!
0'
#111010000
1!
1'
b10110101010 7
#111020000
0!
0'
#111030000
1!
1'
b10110101011 7
#111040000
0!
0'
#111050000
1!
1'
b10110101100 7
#111060000
0!
0'
#111070000
1!
1'
b10110101101 7
#111080000
0!
0'
#111090000
1!
1'
b10110101110 7
#111100000
0!
0'
#111110000
1!
1'
b10110101111 7
#111120000
0!
0'
#111130000
1!
1'
b10110110000 7
#111140000
0!
0'
#111150000
1!
1'
b10110110001 7
#111160000
0!
0'
#111170000
1!
1'
b10110110010 7
#111180000
0!
0'
#111190000
1!
1'
b10110110011 7
#111200000
0!
0'
#111210000
1!
1'
b10110110100 7
#111220000
0!
0'
#111230000
1!
1'
b10110110101 7
#111240000
0!
0'
#111250000
1!
1'
b10110110110 7
#111260000
0!
0'
#111270000
1!
1'
b10110110111 7
#111280000
0!
0'
#111290000
1!
1'
b10110111000 7
#111300000
0!
0'
#111310000
1!
1'
b10110111001 7
#111320000
0!
0'
#111330000
1!
1'
b10110111010 7
#111340000
0!
0'
#111350000
1!
1'
b10110111011 7
#111360000
0!
0'
#111370000
1!
1'
b10110111100 7
#111380000
0!
0'
#111390000
1!
1'
b10110111101 7
#111400000
0!
0'
#111410000
1!
1'
b10110111110 7
#111420000
0!
0'
#111430000
1!
1'
b10110111111 7
#111440000
0!
0'
#111450000
1!
1'
b10111000000 7
#111460000
0!
0'
#111470000
1!
1'
b10111000001 7
#111480000
0!
0'
#111490000
1!
1'
b10111000010 7
#111500000
0!
0'
#111510000
1!
1'
b10111000011 7
#111520000
0!
0'
#111530000
1!
1'
b10111000100 7
#111540000
0!
0'
#111550000
1!
1'
b10111000101 7
#111560000
0!
0'
#111570000
1!
1'
b10111000110 7
#111580000
0!
0'
#111590000
1!
1'
b10111000111 7
#111600000
0!
0'
#111610000
1!
1'
b10111001000 7
#111620000
0!
0'
#111630000
1!
1'
b10111001001 7
#111640000
0!
0'
#111650000
1!
1'
b10111001010 7
#111660000
0!
0'
#111670000
1!
1'
b10111001011 7
#111680000
0!
0'
#111690000
1!
1'
b10111001100 7
#111700000
0!
0'
#111710000
1!
1'
b10111001101 7
#111720000
0!
0'
#111730000
1!
1'
b10111001110 7
#111740000
0!
0'
#111750000
1!
1'
b10111001111 7
#111760000
0!
0'
#111770000
1!
1'
b10111010000 7
#111780000
0!
0'
#111790000
1!
1'
b10111010001 7
#111800000
0!
0'
#111810000
1!
1'
b10111010010 7
#111820000
0!
0'
#111830000
1!
1'
b10111010011 7
#111840000
0!
0'
#111850000
1!
1'
b10111010100 7
#111860000
0!
0'
#111870000
1!
1'
b10111010101 7
#111880000
0!
0'
#111890000
1!
1'
b10111010110 7
#111900000
0!
0'
#111910000
1!
1'
b10111010111 7
#111920000
0!
0'
#111930000
1!
1'
b10111011000 7
#111940000
0!
0'
#111950000
1!
1'
b10111011001 7
#111960000
0!
0'
#111970000
1!
1'
b10111011010 7
#111980000
0!
0'
#111990000
1!
1'
b10111011011 7
#112000000
0!
0'
#112010000
1!
1'
b10111011100 7
#112020000
0!
0'
#112030000
1!
1'
b10111011101 7
#112040000
0!
0'
#112050000
1!
1'
b10111011110 7
#112060000
0!
0'
#112070000
1!
1'
b10111011111 7
#112080000
0!
0'
#112090000
1!
1'
b10111100000 7
#112100000
0!
0'
#112110000
1!
1'
b10111100001 7
#112120000
0!
0'
#112130000
1!
1'
b10111100010 7
#112140000
0!
0'
#112150000
1!
1'
b10111100011 7
#112160000
0!
0'
#112170000
1!
1'
b10111100100 7
#112180000
0!
0'
#112190000
1!
1'
b10111100101 7
#112200000
0!
0'
#112210000
1!
1'
b10111100110 7
#112220000
0!
0'
#112230000
1!
1'
b10111100111 7
#112240000
0!
0'
#112250000
1!
1'
b10111101000 7
#112260000
0!
0'
#112270000
1!
1'
b10111101001 7
#112280000
0!
0'
#112290000
1!
1'
b10111101010 7
#112300000
0!
0'
#112310000
1!
1'
b10111101011 7
#112320000
0!
0'
#112330000
1!
1'
b10111101100 7
#112340000
0!
0'
#112350000
1!
1'
b10111101101 7
#112360000
0!
0'
#112370000
1!
1'
b10111101110 7
#112380000
0!
0'
#112390000
1!
1'
b10111101111 7
#112400000
0!
0'
#112410000
1!
1'
b10111110000 7
#112420000
0!
0'
#112430000
1!
1'
b10111110001 7
#112440000
0!
0'
#112450000
1!
1'
b10111110010 7
#112460000
0!
0'
#112470000
1!
1'
b10111110011 7
#112480000
0!
0'
#112490000
1!
1'
b10111110100 7
#112500000
0!
0'
#112510000
1!
1'
b10111110101 7
#112520000
0!
0'
#112530000
1!
1'
b10111110110 7
#112540000
0!
0'
#112550000
1!
1'
b10111110111 7
#112560000
0!
0'
#112570000
1!
1'
b10111111000 7
#112580000
0!
0'
#112590000
1!
1'
b10111111001 7
#112600000
0!
0'
#112610000
1!
1'
b10111111010 7
#112620000
0!
0'
#112630000
1!
1'
b10111111011 7
#112640000
0!
0'
#112650000
1!
1'
b10111111100 7
#112660000
0!
0'
#112670000
1!
1'
b10111111101 7
#112680000
0!
0'
#112690000
1!
1'
b10111111110 7
#112700000
0!
0'
#112710000
1!
1'
b10111111111 7
#112720000
0!
0'
#112730000
1!
1'
b11000000000 7
#112740000
0!
0'
#112750000
1!
1'
b11000000001 7
#112760000
0!
0'
#112770000
1!
1'
b11000000010 7
#112780000
0!
0'
#112790000
1!
1'
b11000000011 7
#112800000
0!
0'
#112810000
1!
1'
b11000000100 7
#112820000
0!
0'
#112830000
1!
1'
b11000000101 7
#112840000
0!
0'
#112850000
1!
1'
b11000000110 7
#112860000
0!
0'
#112870000
1!
1'
b11000000111 7
#112880000
0!
0'
#112890000
1!
1'
b11000001000 7
#112900000
0!
0'
#112910000
1!
1'
b11000001001 7
#112920000
0!
0'
#112930000
1!
1'
b11000001010 7
#112940000
0!
0'
#112950000
1!
1'
b11000001011 7
#112960000
0!
0'
#112970000
1!
1'
b11000001100 7
#112980000
0!
0'
#112990000
1!
1'
b11000001101 7
#113000000
0!
0'
#113010000
1!
1'
b11000001110 7
#113020000
0!
0'
#113030000
1!
1'
b11000001111 7
#113040000
0!
0'
#113050000
1!
1'
b11000010000 7
#113060000
0!
0'
#113070000
1!
1'
b11000010001 7
#113080000
0!
0'
#113090000
1!
1'
b11000010010 7
#113100000
0!
0'
#113110000
1!
1'
b11000010011 7
#113120000
0!
0'
#113130000
1!
1'
b11000010100 7
#113140000
0!
0'
#113150000
1!
1'
b11000010101 7
#113160000
0!
0'
#113170000
1!
1'
b11000010110 7
#113180000
0!
0'
#113190000
1!
1'
b11000010111 7
#113200000
0!
0'
#113210000
1!
1'
b11000011000 7
#113220000
0!
0'
#113230000
1!
1'
b11000011001 7
#113240000
0!
0'
#113250000
1!
1'
b11000011010 7
#113260000
0!
0'
#113270000
1!
1'
b11000011011 7
#113280000
0!
0'
#113290000
1!
1'
b11000011100 7
#113300000
0!
0'
#113310000
1!
1'
b11000011101 7
#113320000
0!
0'
#113330000
1!
1'
b11000011110 7
#113340000
0!
0'
#113350000
1!
1'
b11000011111 7
#113360000
0!
0'
#113370000
1!
1'
b11000100000 7
#113380000
0!
0'
#113390000
1!
1'
b11000100001 7
#113400000
0!
0'
#113410000
1!
1'
b11000100010 7
#113420000
0!
0'
#113430000
1!
1'
b11000100011 7
#113440000
0!
0'
#113450000
1!
1'
b11000100100 7
#113460000
0!
0'
#113470000
1!
1'
b11000100101 7
#113480000
0!
0'
#113490000
1!
1'
b11000100110 7
#113500000
0!
0'
#113510000
1!
1'
b11000100111 7
#113520000
0!
0'
#113530000
1!
1'
b11000101000 7
#113540000
0!
0'
#113550000
1!
1'
b11000101001 7
#113560000
0!
0'
#113570000
1!
1'
b11000101010 7
#113580000
0!
0'
#113590000
1!
1'
b11000101011 7
#113600000
0!
0'
#113610000
1!
1'
b11000101100 7
#113620000
0!
0'
#113630000
1!
1'
b11000101101 7
#113640000
0!
0'
#113650000
1!
1'
b11000101110 7
#113660000
0!
0'
#113670000
1!
1'
b11000101111 7
#113680000
0!
0'
#113690000
1!
1'
b11000110000 7
#113700000
0!
0'
#113710000
1!
1'
b11000110001 7
#113720000
0!
0'
#113730000
1!
1'
b11000110010 7
#113740000
0!
0'
#113750000
1!
1'
b11000110011 7
#113760000
0!
0'
#113770000
1!
1'
b11000110100 7
#113780000
0!
0'
#113790000
1!
1'
b11000110101 7
#113800000
0!
0'
#113810000
1!
1'
b11000110110 7
#113820000
0!
0'
#113830000
1!
1'
b11000110111 7
#113840000
0!
0'
#113850000
1!
1'
b11000111000 7
#113860000
0!
0'
#113870000
1!
1'
b11000111001 7
#113880000
0!
0'
#113890000
1!
1'
b11000111010 7
#113900000
0!
0'
#113910000
1!
1'
b11000111011 7
#113920000
0!
0'
#113930000
1!
1'
b11000111100 7
#113940000
0!
0'
#113950000
1!
1'
b11000111101 7
#113960000
0!
0'
#113970000
1!
1'
b11000111110 7
#113980000
0!
0'
#113990000
1!
1'
b11000111111 7
#114000000
0!
0'
#114010000
1!
1'
b11001000000 7
#114020000
0!
0'
#114030000
1!
1'
b11001000001 7
#114040000
0!
0'
#114050000
1!
1'
b11001000010 7
#114060000
0!
0'
#114070000
1!
1'
b11001000011 7
#114080000
0!
0'
#114090000
1!
1'
b11001000100 7
#114100000
0!
0'
#114110000
1!
1'
b11001000101 7
#114120000
0!
0'
#114130000
1!
1'
b11001000110 7
#114140000
0!
0'
#114150000
1!
1'
b11001000111 7
#114160000
0!
0'
#114170000
1!
1'
b11001001000 7
#114180000
0!
0'
#114190000
1!
1'
b11001001001 7
#114200000
0!
0'
#114210000
1!
1'
b11001001010 7
#114220000
0!
0'
#114230000
1!
1'
b11001001011 7
#114240000
0!
0'
#114250000
1!
1'
b11001001100 7
#114260000
0!
0'
#114270000
1!
1'
b11001001101 7
#114280000
0!
0'
#114290000
1!
1'
b11001001110 7
#114300000
0!
0'
#114310000
1!
1'
b11001001111 7
#114320000
0!
0'
#114330000
1!
1'
b11001010000 7
#114340000
0!
0'
#114350000
1!
1'
b11001010001 7
#114360000
0!
0'
#114370000
1!
1'
b11001010010 7
#114380000
0!
0'
#114390000
1!
1'
b11001010011 7
#114400000
0!
0'
#114410000
1!
1'
b11001010100 7
#114420000
0!
0'
#114430000
1!
1'
b11001010101 7
#114440000
0!
0'
#114450000
1!
1'
b11001010110 7
#114460000
0!
0'
#114470000
1!
1'
b11001010111 7
#114480000
0!
0'
#114490000
1!
1'
b11001011000 7
#114500000
0!
0'
#114510000
1!
1'
b11001011001 7
#114520000
0!
0'
#114530000
1!
1'
b11001011010 7
#114540000
0!
0'
#114550000
1!
1'
b11001011011 7
#114560000
0!
0'
#114570000
1!
1'
b11001011100 7
#114580000
0!
0'
#114590000
1!
1'
b11001011101 7
#114600000
0!
0'
#114610000
1!
1'
b11001011110 7
#114620000
0!
0'
#114630000
1!
1'
b11001011111 7
#114640000
0!
0'
#114650000
1!
1'
b11001100000 7
#114660000
0!
0'
#114670000
1!
1'
b11001100001 7
#114680000
0!
0'
#114690000
1!
1'
b11001100010 7
#114700000
0!
0'
#114710000
1!
1'
b11001100011 7
#114720000
0!
0'
#114730000
1!
1'
b11001100100 7
#114740000
0!
0'
#114750000
1!
1'
b11001100101 7
#114760000
0!
0'
#114770000
1!
1'
b11001100110 7
#114780000
0!
0'
#114790000
1!
1'
b11001100111 7
#114800000
0!
0'
#114810000
1!
1'
b11001101000 7
#114820000
0!
0'
#114830000
1!
1'
b11001101001 7
#114840000
0!
0'
#114850000
1!
1'
b11001101010 7
#114860000
0!
0'
#114870000
1!
1'
b11001101011 7
#114880000
0!
0'
#114890000
1!
1'
b11001101100 7
#114900000
0!
0'
#114910000
1!
1'
b11001101101 7
#114920000
0!
0'
#114930000
1!
1'
b11001101110 7
#114940000
0!
0'
#114950000
1!
1'
b11001101111 7
#114960000
0!
0'
#114970000
1!
1'
b11001110000 7
#114980000
0!
0'
#114990000
1!
1'
b11001110001 7
#115000000
0!
0'
#115010000
1!
1'
b11001110010 7
#115020000
0!
0'
#115030000
1!
1'
b11001110011 7
#115040000
0!
0'
#115050000
1!
1'
b11001110100 7
#115060000
0!
0'
#115070000
1!
1'
b11001110101 7
#115080000
0!
0'
#115090000
1!
1'
b11001110110 7
#115100000
0!
0'
#115110000
1!
1'
b11001110111 7
#115120000
0!
0'
#115130000
1!
1'
b11001111000 7
#115140000
0!
0'
#115150000
1!
1'
b11001111001 7
#115160000
0!
0'
#115170000
1!
1'
b11001111010 7
#115180000
0!
0'
#115190000
1!
1'
b11001111011 7
#115200000
0!
0'
#115210000
1!
1'
b11001111100 7
#115220000
0!
0'
#115230000
1!
1'
b11001111101 7
#115240000
0!
0'
#115250000
1!
1'
b11001111110 7
#115260000
0!
0'
#115270000
1!
1'
b11001111111 7
#115280000
0!
0'
#115290000
1!
1'
b11010000000 7
#115300000
0!
0'
#115310000
1!
1'
b11010000001 7
#115320000
0!
0'
#115330000
1!
1'
b11010000010 7
#115340000
0!
0'
#115350000
1!
1'
b11010000011 7
#115360000
0!
0'
#115370000
1!
1'
b11010000100 7
#115380000
0!
0'
#115390000
1!
1'
b11010000101 7
#115400000
0!
0'
#115410000
1!
1'
b11010000110 7
#115420000
0!
0'
#115430000
1!
1'
b11010000111 7
#115440000
0!
0'
#115450000
1!
1'
b11010001000 7
#115460000
0!
0'
#115470000
1!
1'
b11010001001 7
#115480000
0!
0'
#115490000
1!
1'
b11010001010 7
#115500000
0!
0'
#115510000
1!
1'
b11010001011 7
#115520000
0!
0'
#115530000
1!
1'
b11010001100 7
#115540000
0!
0'
#115550000
1!
1'
b11010001101 7
#115560000
0!
0'
#115570000
1!
1'
b11010001110 7
#115580000
0!
0'
#115590000
1!
1'
b11010001111 7
#115600000
0!
0'
#115610000
1!
1'
b11010010000 7
#115620000
0!
0'
#115630000
1!
1'
b11010010001 7
#115640000
0!
0'
#115650000
1!
1'
b11010010010 7
#115660000
0!
0'
#115670000
1!
1'
b11010010011 7
#115680000
0!
0'
#115690000
1!
1'
b11010010100 7
#115700000
0!
0'
#115710000
1!
1'
b11010010101 7
#115720000
0!
0'
#115730000
1!
1'
b11010010110 7
#115740000
0!
0'
#115750000
1!
1'
b11010010111 7
#115760000
0!
0'
#115770000
1!
1'
b11010011000 7
#115780000
0!
0'
#115790000
1!
1'
b11010011001 7
#115800000
0!
0'
#115810000
1!
1'
b11010011010 7
#115820000
0!
0'
#115830000
1!
1'
b11010011011 7
#115840000
0!
0'
#115850000
1!
1'
b11010011100 7
#115860000
0!
0'
#115870000
1!
1'
b11010011101 7
#115880000
0!
0'
#115890000
1!
1'
b11010011110 7
#115900000
0!
0'
#115910000
1!
1'
b11010011111 7
#115920000
0!
0'
#115930000
1!
1'
b11010100000 7
#115940000
0!
0'
#115950000
1!
1'
b11010100001 7
#115960000
0!
0'
#115970000
1!
1'
b11010100010 7
#115980000
0!
0'
#115990000
1!
1'
b11010100011 7
#116000000
0!
0'
#116010000
1!
1'
b11010100100 7
#116020000
0!
0'
#116030000
1!
1'
b11010100101 7
#116040000
0!
0'
#116050000
1!
1'
b11010100110 7
#116060000
0!
0'
#116070000
1!
1'
b11010100111 7
#116080000
0!
0'
#116090000
1!
1'
b11010101000 7
#116100000
0!
0'
#116110000
1!
1'
b11010101001 7
#116120000
0!
0'
#116130000
1!
1'
b11010101010 7
#116140000
0!
0'
#116150000
1!
1'
b11010101011 7
#116160000
0!
0'
#116170000
1!
1'
b11010101100 7
#116180000
0!
0'
#116190000
1!
1'
b11010101101 7
#116200000
0!
0'
#116210000
1!
1'
b11010101110 7
#116220000
0!
0'
#116230000
1!
1'
b11010101111 7
#116240000
0!
0'
#116250000
1!
1'
b11010110000 7
#116260000
0!
0'
#116270000
1!
1'
b11010110001 7
#116280000
0!
0'
#116290000
1!
1'
b11010110010 7
#116300000
0!
0'
#116310000
1!
1'
b11010110011 7
#116320000
0!
0'
#116330000
1!
1'
b11010110100 7
#116340000
0!
0'
#116350000
1!
1'
b11010110101 7
#116360000
0!
0'
#116370000
1!
1'
b11010110110 7
#116380000
0!
0'
#116390000
1!
1'
b11010110111 7
#116400000
0!
0'
#116410000
1!
1'
b11010111000 7
#116420000
0!
0'
#116430000
1!
1'
b11010111001 7
#116440000
0!
0'
#116450000
1!
1'
b11010111010 7
#116460000
0!
0'
#116470000
1!
1'
b11010111011 7
#116480000
0!
0'
#116490000
1!
1'
b11010111100 7
#116500000
0!
0'
#116510000
1!
1'
b11010111101 7
#116520000
0!
0'
#116530000
1!
1'
b11010111110 7
#116540000
0!
0'
#116550000
1!
1'
b11010111111 7
#116560000
0!
0'
#116570000
1!
1'
b11011000000 7
#116580000
0!
0'
#116590000
1!
1'
b11011000001 7
#116600000
0!
0'
#116610000
1!
1'
b11011000010 7
#116620000
0!
0'
#116630000
1!
1'
b11011000011 7
#116640000
0!
0'
#116650000
1!
1'
b11011000100 7
#116660000
0!
0'
#116670000
1!
1'
b11011000101 7
#116680000
0!
0'
#116690000
1!
1'
b11011000110 7
#116700000
0!
0'
#116710000
1!
1'
b11011000111 7
#116720000
0!
0'
#116730000
1!
1'
b11011001000 7
#116740000
0!
0'
#116750000
1!
1'
b11011001001 7
#116760000
0!
0'
#116770000
1!
1'
b11011001010 7
#116780000
0!
0'
#116790000
1!
1'
b11011001011 7
#116800000
0!
0'
#116810000
1!
1'
b11011001100 7
#116820000
0!
0'
#116830000
1!
1'
b11011001101 7
#116840000
0!
0'
#116850000
1!
1'
b11011001110 7
#116860000
0!
0'
#116870000
1!
1'
b11011001111 7
#116880000
0!
0'
#116890000
1!
1'
b11011010000 7
#116900000
0!
0'
#116910000
1!
1'
b11011010001 7
#116920000
0!
0'
#116930000
1!
1'
b11011010010 7
#116940000
0!
0'
#116950000
1!
1'
b11011010011 7
#116960000
0!
0'
#116970000
1!
1'
b11011010100 7
#116980000
0!
0'
#116990000
1!
1'
b11011010101 7
#117000000
0!
0'
#117010000
1!
1'
b11011010110 7
#117020000
0!
0'
#117030000
1!
1'
b11011010111 7
#117040000
0!
0'
#117050000
1!
1'
b11011011000 7
#117060000
0!
0'
#117070000
1!
1'
b11011011001 7
#117080000
0!
0'
#117090000
1!
1'
b11011011010 7
#117100000
0!
0'
#117110000
1!
1'
b11011011011 7
#117120000
0!
0'
#117130000
1!
1'
b11011011100 7
#117140000
0!
0'
#117150000
1!
1'
b11011011101 7
#117160000
0!
0'
#117170000
1!
1'
b11011011110 7
#117180000
0!
0'
#117190000
1!
1'
b11011011111 7
#117200000
0!
0'
#117210000
1!
1'
b11011100000 7
#117220000
0!
0'
#117230000
1!
1'
b11011100001 7
#117240000
0!
0'
#117250000
1!
1'
b11011100010 7
#117260000
0!
0'
#117270000
1!
1'
b11011100011 7
#117280000
0!
0'
#117290000
1!
1'
b11011100100 7
#117300000
0!
0'
#117310000
1!
1'
b11011100101 7
#117320000
0!
0'
#117330000
1!
1'
b11011100110 7
#117340000
0!
0'
#117350000
1!
1'
b11011100111 7
#117360000
0!
0'
#117370000
1!
1'
b11011101000 7
#117380000
0!
0'
#117390000
1!
1'
b11011101001 7
#117400000
0!
0'
#117410000
1!
1'
b11011101010 7
#117420000
0!
0'
#117430000
1!
1'
b11011101011 7
#117440000
0!
0'
#117450000
1!
1'
b11011101100 7
#117460000
0!
0'
#117470000
1!
1'
b11011101101 7
#117480000
0!
0'
#117490000
1!
1'
b11011101110 7
#117500000
0!
0'
#117510000
1!
1'
b11011101111 7
#117520000
0!
0'
#117530000
1!
1'
b11011110000 7
#117540000
0!
0'
#117550000
1!
1'
b11011110001 7
#117560000
0!
0'
#117570000
1!
1'
b11011110010 7
#117580000
0!
0'
#117590000
1!
1'
b11011110011 7
#117600000
0!
0'
#117610000
1!
1'
b11011110100 7
#117620000
0!
0'
#117630000
1!
1'
b11011110101 7
#117640000
0!
0'
#117650000
1!
1'
b11011110110 7
#117660000
0!
0'
#117670000
1!
1'
b11011110111 7
#117680000
0!
0'
#117690000
1!
1'
b11011111000 7
#117700000
0!
0'
#117710000
1!
1'
b11011111001 7
#117720000
0!
0'
#117730000
1!
1'
b11011111010 7
#117740000
0!
0'
#117750000
1!
1'
b11011111011 7
#117760000
0!
0'
#117770000
1!
1'
b11011111100 7
#117780000
0!
0'
#117790000
1!
1'
b11011111101 7
#117800000
0!
0'
#117810000
1!
1'
b11011111110 7
#117820000
0!
0'
#117830000
1!
1'
b11011111111 7
#117840000
0!
0'
#117850000
1!
1'
b11100000000 7
#117860000
0!
0'
#117870000
1!
1'
b11100000001 7
#117880000
0!
0'
#117890000
1!
1'
b11100000010 7
#117900000
0!
0'
#117910000
1!
1'
b11100000011 7
#117920000
0!
0'
#117930000
1!
1'
b11100000100 7
#117940000
0!
0'
#117950000
1!
1'
b11100000101 7
#117960000
0!
0'
#117970000
1!
1'
b11100000110 7
#117980000
0!
0'
#117990000
1!
1'
b11100000111 7
#118000000
0!
0'
#118010000
1!
1'
b11100001000 7
#118020000
0!
0'
#118030000
1!
1'
b11100001001 7
#118040000
0!
0'
#118050000
1!
1'
b11100001010 7
#118060000
0!
0'
#118070000
1!
1'
b11100001011 7
#118080000
0!
0'
#118090000
1!
1'
b11100001100 7
#118100000
0!
0'
#118110000
1!
1'
b11100001101 7
#118120000
0!
0'
#118130000
1!
1'
b11100001110 7
#118140000
0!
0'
#118150000
1!
1'
b11100001111 7
#118160000
0!
0'
#118170000
1!
1'
b11100010000 7
#118180000
0!
0'
#118190000
1!
1'
b11100010001 7
#118200000
0!
0'
#118210000
1!
1'
b11100010010 7
#118220000
0!
0'
#118230000
1!
1'
b11100010011 7
#118240000
0!
0'
#118250000
1!
1'
b11100010100 7
#118260000
0!
0'
#118270000
1!
1'
b11100010101 7
#118280000
0!
0'
#118290000
1!
1'
b11100010110 7
#118300000
0!
0'
#118310000
1!
1'
b11100010111 7
#118320000
0!
0'
#118330000
1!
1'
b11100011000 7
#118340000
0!
0'
#118350000
1!
1'
b11100011001 7
#118360000
0!
0'
#118370000
1!
1'
b11100011010 7
#118380000
0!
0'
#118390000
1!
1'
b11100011011 7
#118400000
0!
0'
#118410000
1!
1'
b11100011100 7
#118420000
0!
0'
#118430000
1!
1'
b11100011101 7
#118440000
0!
0'
#118450000
1!
1'
b11100011110 7
#118460000
0!
0'
#118470000
1!
1'
b11100011111 7
#118480000
0!
0'
#118490000
1!
1'
b11100100000 7
#118500000
0!
0'
#118510000
1!
1'
b11100100001 7
#118520000
0!
0'
#118530000
1!
1'
b11100100010 7
#118540000
0!
0'
#118550000
1!
1'
b11100100011 7
#118560000
0!
0'
#118570000
1!
1'
b11100100100 7
#118580000
0!
0'
#118590000
1!
1'
b11100100101 7
#118600000
0!
0'
#118610000
1!
1'
b11100100110 7
#118620000
0!
0'
#118630000
1!
1'
b11100100111 7
#118640000
0!
0'
#118650000
1!
1'
b11100101000 7
#118660000
0!
0'
#118670000
1!
1'
b11100101001 7
#118680000
0!
0'
#118690000
1!
1'
b11100101010 7
#118700000
0!
0'
#118710000
1!
1'
b11100101011 7
#118720000
0!
0'
#118730000
1!
1'
b11100101100 7
#118740000
0!
0'
#118750000
1!
1'
b11100101101 7
#118760000
0!
0'
#118770000
1!
1'
b11100101110 7
#118780000
0!
0'
#118790000
1!
1'
b11100101111 7
#118800000
0!
0'
#118810000
1!
1'
b11100110000 7
#118820000
0!
0'
#118830000
1!
1'
b11100110001 7
#118840000
0!
0'
#118850000
1!
1'
b11100110010 7
#118860000
0!
0'
#118870000
1!
1'
b11100110011 7
#118880000
0!
0'
#118890000
1!
1'
b11100110100 7
#118900000
0!
0'
#118910000
1!
1'
b11100110101 7
#118920000
0!
0'
#118930000
1!
1'
b11100110110 7
#118940000
0!
0'
#118950000
1!
1'
b11100110111 7
#118960000
0!
0'
#118970000
1!
1'
b11100111000 7
#118980000
0!
0'
#118990000
1!
1'
b11100111001 7
#119000000
0!
0'
#119010000
1!
1'
b11100111010 7
#119020000
0!
0'
#119030000
1!
1'
b11100111011 7
#119040000
0!
0'
#119050000
1!
1'
b11100111100 7
#119060000
0!
0'
#119070000
1!
1'
b11100111101 7
#119080000
0!
0'
#119090000
1!
1'
b11100111110 7
#119100000
0!
0'
#119110000
1!
1'
b11100111111 7
#119120000
0!
0'
#119130000
1!
1'
b11101000000 7
#119140000
0!
0'
#119150000
1!
1'
b11101000001 7
#119160000
0!
0'
#119170000
1!
1'
b11101000010 7
#119180000
0!
0'
#119190000
1!
1'
b11101000011 7
#119200000
0!
0'
#119210000
1!
1'
b11101000100 7
#119220000
0!
0'
#119230000
1!
1'
b11101000101 7
#119240000
0!
0'
#119250000
1!
1'
b11101000110 7
#119260000
0!
0'
#119270000
1!
1'
b11101000111 7
#119280000
0!
0'
#119290000
1!
1'
b11101001000 7
#119300000
0!
0'
#119310000
1!
1'
b11101001001 7
#119320000
0!
0'
#119330000
1!
1'
b11101001010 7
#119340000
0!
0'
#119350000
1!
1'
b11101001011 7
#119360000
0!
0'
#119370000
1!
1'
b11101001100 7
#119380000
0!
0'
#119390000
1!
1'
b11101001101 7
#119400000
0!
0'
#119410000
1!
1'
b11101001110 7
#119420000
0!
0'
#119430000
1!
1'
b11101001111 7
#119440000
0!
0'
#119450000
1!
1'
b11101010000 7
#119460000
0!
0'
#119470000
1!
1'
b11101010001 7
#119480000
0!
0'
#119490000
1!
1'
b11101010010 7
#119500000
0!
0'
#119510000
1!
1'
b11101010011 7
#119520000
0!
0'
#119530000
1!
1'
b11101010100 7
#119540000
0!
0'
#119550000
1!
1'
b11101010101 7
#119560000
0!
0'
#119570000
1!
1'
b11101010110 7
#119580000
0!
0'
#119590000
1!
1'
b11101010111 7
#119600000
0!
0'
#119610000
1!
1'
b11101011000 7
#119620000
0!
0'
#119630000
1!
1'
b11101011001 7
#119640000
0!
0'
#119650000
1!
1'
b11101011010 7
#119660000
0!
0'
#119670000
1!
1'
b11101011011 7
#119680000
0!
0'
#119690000
1!
1'
b11101011100 7
#119700000
0!
0'
#119710000
1!
1'
b11101011101 7
#119720000
0!
0'
#119730000
1!
1'
b11101011110 7
#119740000
0!
0'
#119750000
1!
1'
b11101011111 7
#119760000
0!
0'
#119770000
1!
1'
b11101100000 7
#119780000
0!
0'
#119790000
1!
1'
b11101100001 7
#119800000
0!
0'
#119810000
1!
1'
b11101100010 7
#119820000
0!
0'
#119830000
1!
1'
b11101100011 7
#119840000
0!
0'
#119850000
1!
1'
b11101100100 7
#119860000
0!
0'
#119870000
1!
1'
b11101100101 7
#119880000
0!
0'
#119890000
1!
1'
b11101100110 7
#119900000
0!
0'
#119910000
1!
1'
b11101100111 7
#119920000
0!
0'
#119930000
1!
1'
b11101101000 7
#119940000
0!
0'
#119950000
1!
1'
b11101101001 7
#119960000
0!
0'
#119970000
1!
1'
b11101101010 7
#119980000
0!
0'
#119990000
1!
1'
b11101101011 7
#120000000
0!
0'
#120010000
1!
1'
b11101101100 7
#120020000
0!
0'
#120030000
1!
1'
b11101101101 7
#120040000
0!
0'
#120050000
1!
1'
b11101101110 7
#120060000
0!
0'
#120070000
1!
1'
b11101101111 7
#120080000
0!
0'
#120090000
1!
1'
b11101110000 7
#120100000
0!
0'
#120110000
1!
1'
b11101110001 7
#120120000
0!
0'
#120130000
1!
1'
b11101110010 7
#120140000
0!
0'
#120150000
1!
1'
b11101110011 7
#120160000
0!
0'
#120170000
1!
1'
b11101110100 7
#120180000
0!
0'
#120190000
1!
1'
b11101110101 7
#120200000
0!
0'
#120210000
1!
1'
b11101110110 7
#120220000
0!
0'
#120230000
1!
1'
b11101110111 7
#120240000
0!
0'
#120250000
1!
1'
b11101111000 7
#120260000
0!
0'
#120270000
1!
1'
b11101111001 7
#120280000
0!
0'
#120290000
1!
1'
b11101111010 7
#120300000
0!
0'
#120310000
1!
1'
b11101111011 7
#120320000
0!
0'
#120330000
1!
1'
b11101111100 7
#120340000
0!
0'
#120350000
1!
1'
b11101111101 7
#120360000
0!
0'
#120370000
1!
1'
b11101111110 7
#120380000
0!
0'
#120390000
1!
1'
b11101111111 7
#120400000
0!
0'
#120410000
1!
1'
b11110000000 7
#120420000
0!
0'
#120430000
1!
1'
b11110000001 7
#120440000
0!
0'
#120450000
1!
1'
b11110000010 7
#120460000
0!
0'
#120470000
1!
1'
b11110000011 7
#120480000
0!
0'
#120490000
1!
1'
b11110000100 7
#120500000
0!
0'
#120510000
1!
1'
b11110000101 7
#120520000
0!
0'
#120530000
1!
1'
b11110000110 7
#120540000
0!
0'
#120550000
1!
1'
b11110000111 7
#120560000
0!
0'
#120570000
1!
1'
b11110001000 7
#120580000
0!
0'
#120590000
1!
1'
b11110001001 7
#120600000
0!
0'
#120610000
1!
1'
b11110001010 7
#120620000
0!
0'
#120630000
1!
1'
b11110001011 7
#120640000
0!
0'
#120650000
1!
1'
b11110001100 7
#120660000
0!
0'
#120670000
1!
1'
b11110001101 7
#120680000
0!
0'
#120690000
1!
1'
b11110001110 7
#120700000
0!
0'
#120710000
1!
1'
b11110001111 7
#120720000
0!
0'
#120730000
1!
1'
b11110010000 7
#120740000
0!
0'
#120750000
1!
1'
b11110010001 7
#120760000
0!
0'
#120770000
1!
1'
b11110010010 7
#120780000
0!
0'
#120790000
1!
1'
b11110010011 7
#120800000
0!
0'
#120810000
1!
1'
b11110010100 7
#120820000
0!
0'
#120830000
1!
1'
b11110010101 7
#120840000
0!
0'
#120850000
1!
1'
b11110010110 7
#120860000
0!
0'
#120870000
1!
1'
b11110010111 7
#120880000
0!
0'
#120890000
1!
1'
b11110011000 7
#120900000
0!
0'
#120910000
1!
1'
b11110011001 7
#120920000
0!
0'
#120930000
1!
1'
b11110011010 7
#120940000
0!
0'
#120950000
1!
1'
b11110011011 7
#120960000
0!
0'
#120970000
1!
1'
b11110011100 7
#120980000
0!
0'
#120990000
1!
1'
b11110011101 7
#121000000
0!
0'
#121010000
1!
1'
b11110011110 7
#121020000
0!
0'
#121030000
1!
1'
b11110011111 7
#121040000
0!
0'
#121050000
1!
1'
b11110100000 7
#121060000
0!
0'
#121070000
1!
1'
b11110100001 7
#121080000
0!
0'
#121090000
1!
1'
b11110100010 7
#121100000
0!
0'
#121110000
1!
1'
b11110100011 7
#121120000
0!
0'
#121130000
1!
1'
b11110100100 7
#121140000
0!
0'
#121150000
1!
1'
b11110100101 7
#121160000
0!
0'
#121170000
1!
1'
b11110100110 7
#121180000
0!
0'
#121190000
1!
1'
b11110100111 7
#121200000
0!
0'
#121210000
1!
1'
b11110101000 7
#121220000
0!
0'
#121230000
1!
1'
b11110101001 7
#121240000
0!
0'
#121250000
1!
1'
b11110101010 7
#121260000
0!
0'
#121270000
1!
1'
b11110101011 7
#121280000
0!
0'
#121290000
1!
1'
b11110101100 7
#121300000
0!
0'
#121310000
1!
1'
b11110101101 7
#121320000
0!
0'
#121330000
1!
1'
b11110101110 7
#121340000
0!
0'
#121350000
1!
1'
b11110101111 7
#121360000
0!
0'
#121370000
1!
1'
b11110110000 7
#121380000
0!
0'
#121390000
1!
1'
b11110110001 7
#121400000
0!
0'
#121410000
1!
1'
b11110110010 7
#121420000
0!
0'
#121430000
1!
1'
b11110110011 7
#121440000
0!
0'
#121450000
1!
1'
b11110110100 7
#121460000
0!
0'
#121470000
1!
1'
b11110110101 7
#121480000
0!
0'
#121490000
1!
1'
b11110110110 7
#121500000
0!
0'
#121510000
1!
1'
b11110110111 7
#121520000
0!
0'
#121530000
1!
1'
b11110111000 7
#121540000
0!
0'
#121550000
1!
1'
b11110111001 7
#121560000
0!
0'
#121570000
1!
1'
b11110111010 7
#121580000
0!
0'
#121590000
1!
1'
b11110111011 7
#121600000
0!
0'
#121610000
1!
1'
b11110111100 7
#121620000
0!
0'
#121630000
1!
1'
b11110111101 7
#121640000
0!
0'
#121650000
1!
1'
b11110111110 7
#121660000
0!
0'
#121670000
1!
1'
b11110111111 7
#121680000
0!
0'
#121690000
1!
1'
b11111000000 7
#121700000
0!
0'
#121710000
1!
1'
b11111000001 7
#121720000
0!
0'
#121730000
1!
1'
b11111000010 7
#121740000
0!
0'
#121750000
1!
1'
b11111000011 7
#121760000
0!
0'
#121770000
1!
1'
b11111000100 7
#121780000
0!
0'
#121790000
1!
1'
b11111000101 7
#121800000
0!
0'
#121810000
1!
1'
b11111000110 7
#121820000
0!
0'
#121830000
1!
1'
b11111000111 7
#121840000
0!
0'
#121850000
1!
1'
b11111001000 7
#121860000
0!
0'
#121870000
1!
1'
b11111001001 7
#121880000
0!
0'
#121890000
1!
1'
b11111001010 7
#121900000
0!
0'
#121910000
1!
1'
b11111001011 7
#121920000
0!
0'
#121930000
1!
1'
b11111001100 7
#121940000
0!
0'
#121950000
1!
1'
b11111001101 7
#121960000
0!
0'
#121970000
1!
1'
b11111001110 7
#121980000
0!
0'
#121990000
1!
1'
b11111001111 7
#122000000
0!
0'
#122010000
1!
1'
b11111010000 7
#122020000
0!
0'
#122030000
1!
1'
b11111010001 7
#122040000
0!
0'
#122050000
1!
1'
b11111010010 7
#122060000
0!
0'
#122070000
1!
1'
b11111010011 7
#122080000
0!
0'
#122090000
1!
1'
b11111010100 7
#122100000
0!
0'
#122110000
1!
1'
b11111010101 7
#122120000
0!
0'
#122130000
1!
1'
b11111010110 7
#122140000
0!
0'
#122150000
1!
1'
b11111010111 7
#122160000
0!
0'
#122170000
1!
1'
b11111011000 7
#122180000
0!
0'
#122190000
1!
1'
b11111011001 7
#122200000
0!
0'
#122210000
1!
1'
b11111011010 7
#122220000
0!
0'
#122230000
1!
1'
b11111011011 7
#122240000
0!
0'
#122250000
1!
1'
b11111011100 7
#122260000
0!
0'
#122270000
1!
1'
b11111011101 7
#122280000
0!
0'
#122290000
1!
1'
b11111011110 7
#122300000
0!
0'
#122310000
1!
1'
b11111011111 7
#122320000
0!
0'
#122330000
1!
1'
b11111100000 7
#122340000
0!
0'
#122350000
1!
1'
b11111100001 7
#122360000
0!
0'
#122370000
1!
1'
b11111100010 7
#122380000
0!
0'
#122390000
1!
1'
b11111100011 7
#122400000
0!
0'
#122410000
1!
1'
b11111100100 7
#122420000
0!
0'
#122430000
1!
1'
b11111100101 7
#122440000
0!
0'
#122450000
1!
1'
b11111100110 7
#122460000
0!
0'
#122470000
1!
1'
b11111100111 7
#122480000
0!
0'
#122490000
1!
1'
b11111101000 7
#122500000
0!
0'
#122510000
1!
1'
b11111101001 7
#122520000
0!
0'
#122530000
1!
1'
b11111101010 7
#122540000
0!
0'
#122550000
1!
1'
b11111101011 7
#122560000
0!
0'
#122570000
1!
1'
b11111101100 7
#122580000
0!
0'
#122590000
1!
1'
b11111101101 7
#122600000
0!
0'
#122610000
1!
1'
b11111101110 7
#122620000
0!
0'
#122630000
1!
1'
b11111101111 7
#122640000
0!
0'
#122650000
1!
1'
b11111110000 7
#122660000
0!
0'
#122670000
1!
1'
b11111110001 7
#122680000
0!
0'
#122690000
1!
1'
b11111110010 7
#122700000
0!
0'
#122710000
1!
1'
b11111110011 7
#122720000
0!
0'
#122730000
1!
1'
b11111110100 7
#122740000
0!
0'
#122750000
1!
1'
b11111110101 7
#122760000
0!
0'
#122770000
1!
1'
b11111110110 7
#122780000
0!
0'
#122790000
1!
1'
b11111110111 7
#122800000
0!
0'
#122810000
1!
1'
b11111111000 7
#122820000
0!
0'
#122830000
1!
1'
b11111111001 7
#122840000
0!
0'
#122850000
1!
1'
b11111111010 7
#122860000
0!
0'
#122870000
1!
1'
b11111111011 7
#122880000
0!
0'
#122890000
1!
1'
b11111111100 7
#122900000
0!
0'
#122910000
1!
1'
b11111111101 7
#122920000
0!
0'
#122930000
1!
1'
b11111111110 7
#122940000
0!
0'
#122950000
1!
1'
b11111111111 7
#122960000
0!
0'
#122970000
1!
1'
b100000000000 7
1;
#122980000
0!
0'
#122990000
1!
1'
05
b100000000001 7
0$
#123000000
0!
0'
#123010000
1!
1'
b100000000010 7
#123020000
0!
0'
#123030000
1!
1'
b100000000011 7
#123040000
0!
0'
#123050000
1!
1'
b100000000100 7
#123060000
0!
0'
#123070000
1!
1'
b100000000101 7
#123080000
0!
0'
#123090000
1!
1'
b100000000110 7
#123100000
0!
0'
#123110000
1!
1'
b100000000111 7
#123120000
0!
0'
#123130000
1!
1'
b100000001000 7
#123140000
0!
0'
#123150000
1!
1'
b100000001001 7
#123160000
0!
0'
#123170000
1!
1'
b100000001010 7
#123180000
0!
0'
#123190000
1!
1'
b100000001011 7
#123200000
0!
0'
#123210000
1!
1'
b100000001100 7
#123220000
0!
0'
#123230000
1!
1'
b100000001101 7
#123240000
0!
0'
#123250000
1!
1'
b100000001110 7
#123260000
0!
0'
#123270000
1!
1'
b100000001111 7
#123280000
0!
0'
#123290000
1!
1'
b100000010000 7
#123300000
0!
0'
#123310000
1!
1'
b100000010001 7
#123320000
0!
0'
#123330000
1!
1'
b100000010010 7
#123340000
0!
0'
#123350000
1!
1'
b100000010011 7
#123360000
0!
0'
#123370000
1!
1'
b100000010100 7
#123380000
0!
0'
#123390000
1!
1'
b100000010101 7
#123400000
0!
0'
#123410000
1!
1'
b100000010110 7
#123420000
0!
0'
#123430000
1!
1'
b100000010111 7
#123440000
0!
0'
#123450000
1!
1'
b100000011000 7
#123460000
0!
0'
#123470000
1!
1'
b100000011001 7
#123480000
0!
0'
#123490000
1!
1'
b100000011010 7
#123500000
0!
0'
#123510000
1!
1'
b100000011011 7
#123520000
0!
0'
#123530000
1!
1'
b100000011100 7
#123540000
0!
0'
#123550000
1!
1'
b100000011101 7
#123560000
0!
0'
#123570000
1!
1'
b100000011110 7
#123580000
0!
0'
#123590000
1!
1'
b100000011111 7
#123600000
0!
0'
#123610000
1!
1'
b100000100000 7
#123620000
0!
0'
#123630000
1!
1'
b100000100001 7
#123640000
0!
0'
#123650000
1!
1'
b100000100010 7
#123660000
0!
0'
#123670000
1!
1'
b100000100011 7
#123680000
0!
0'
#123690000
1!
1'
b100000100100 7
#123700000
0!
0'
#123710000
1!
1'
b100000100101 7
#123720000
0!
0'
#123730000
1!
1'
b100000100110 7
#123740000
0!
0'
#123750000
1!
1'
b100000100111 7
#123760000
0!
0'
#123770000
1!
1'
b100000101000 7
#123780000
0!
0'
#123790000
1!
1'
b100000101001 7
#123800000
0!
0'
#123810000
1!
1'
b100000101010 7
#123820000
0!
0'
#123830000
1!
1'
b100000101011 7
#123840000
0!
0'
#123850000
1!
1'
b100000101100 7
18
#123860000
0!
0'
#123870000
1!
1'
b100000101101 7
#123880000
0!
0'
#123890000
1!
1'
b100000101110 7
#123900000
0!
0'
#123910000
1!
1'
b100000101111 7
#123920000
0!
0'
#123930000
1!
1'
b100000110000 7
#123940000
0!
0'
#123950000
1!
1'
b100000110001 7
#123960000
0!
0'
#123970000
1!
1'
b100000110010 7
#123980000
0!
0'
#123990000
1!
1'
b100000110011 7
#124000000
0!
0'
#124010000
1!
1'
b100000110100 7
#124020000
0!
0'
#124030000
1!
1'
b100000110101 7
#124040000
0!
0'
#124050000
1!
1'
b100000110110 7
#124060000
0!
0'
#124070000
1!
1'
b100000110111 7
#124080000
0!
0'
#124090000
1!
1'
b100000111000 7
#124100000
0!
0'
#124110000
1!
1'
b100000111001 7
#124120000
0!
0'
#124130000
1!
1'
b100000111010 7
#124140000
0!
0'
#124150000
1!
1'
b100000111011 7
#124160000
0!
0'
#124170000
1!
1'
b100000111100 7
#124180000
0!
0'
#124190000
1!
1'
b100000111101 7
#124200000
0!
0'
#124210000
1!
1'
b100000111110 7
#124220000
0!
0'
#124230000
1!
1'
b100000111111 7
#124240000
0!
0'
#124250000
1!
1'
b100001000000 7
#124260000
0!
0'
#124270000
1!
1'
b100001000001 7
#124280000
0!
0'
#124290000
1!
1'
b100001000010 7
#124300000
0!
0'
#124310000
1!
1'
b100001000011 7
#124320000
0!
0'
#124330000
1!
1'
b100001000100 7
#124340000
0!
0'
#124350000
1!
1'
b100001000101 7
#124360000
0!
0'
#124370000
1!
1'
b100001000110 7
#124380000
0!
0'
#124390000
1!
1'
b100001000111 7
#124400000
0!
0'
#124410000
1!
1'
b100001001000 7
#124420000
0!
0'
#124430000
1!
1'
b100001001001 7
#124440000
0!
0'
#124450000
1!
1'
b100001001010 7
#124460000
0!
0'
#124470000
1!
1'
b100001001011 7
#124480000
0!
0'
#124490000
1!
1'
b100001001100 7
#124500000
0!
0'
#124510000
1!
1'
b100001001101 7
#124520000
0!
0'
#124530000
1!
1'
b100001001110 7
#124540000
0!
0'
#124550000
1!
1'
b100001001111 7
#124560000
0!
0'
#124570000
1!
1'
b100001010000 7
#124580000
0!
0'
#124590000
1!
1'
b100001010001 7
#124600000
0!
0'
#124610000
1!
1'
b100001010010 7
#124620000
0!
0'
#124630000
1!
1'
b100001010011 7
#124640000
0!
0'
#124650000
1!
1'
b100001010100 7
#124660000
0!
0'
#124670000
1!
1'
b100001010101 7
#124680000
0!
0'
#124690000
1!
1'
b100001010110 7
#124700000
0!
0'
#124710000
1!
1'
b100001010111 7
#124720000
0!
0'
#124730000
1!
1'
b100001011000 7
#124740000
0!
0'
#124750000
1!
1'
b100001011001 7
#124760000
0!
0'
#124770000
1!
1'
b100001011010 7
#124780000
0!
0'
#124790000
1!
1'
b100001011011 7
#124800000
0!
0'
#124810000
1!
1'
b100001011100 7
#124820000
0!
0'
#124830000
1!
1'
b100001011101 7
#124840000
0!
0'
#124850000
1!
1'
b100001011110 7
#124860000
0!
0'
#124870000
1!
1'
b100001011111 7
#124880000
0!
0'
#124890000
1!
1'
b100001100000 7
#124900000
0!
0'
#124910000
1!
1'
b100001100001 7
#124920000
0!
0'
#124930000
1!
1'
b100001100010 7
#124940000
0!
0'
#124950000
1!
1'
b100001100011 7
#124960000
0!
0'
#124970000
1!
1'
b100001100100 7
#124980000
0!
0'
#124990000
1!
1'
b100001100101 7
#125000000
0!
0'
#125010000
1!
1'
b100001100110 7
#125020000
0!
0'
#125030000
1!
1'
b100001100111 7
#125040000
0!
0'
#125050000
1!
1'
b100001101000 7
#125060000
0!
0'
#125070000
1!
1'
b100001101001 7
#125080000
0!
0'
#125090000
1!
1'
b100001101010 7
#125100000
0!
0'
#125110000
1!
1'
b100001101011 7
#125120000
0!
0'
#125130000
1!
1'
b100001101100 7
#125140000
0!
0'
#125150000
1!
1'
b100001101101 7
#125160000
0!
0'
#125170000
1!
1'
b100001101110 7
#125180000
0!
0'
#125190000
1!
1'
b100001101111 7
#125200000
0!
0'
#125210000
1!
1'
b100001110000 7
#125220000
0!
0'
#125230000
1!
1'
b100001110001 7
#125240000
0!
0'
#125250000
1!
1'
b100001110010 7
#125260000
0!
0'
#125270000
1!
1'
b100001110011 7
#125280000
0!
0'
#125290000
1!
1'
b100001110100 7
#125300000
0!
0'
#125310000
1!
1'
b100001110101 7
#125320000
0!
0'
#125330000
1!
1'
b100001110110 7
#125340000
0!
0'
#125350000
1!
1'
b100001110111 7
#125360000
0!
0'
#125370000
1!
1'
b100001111000 7
#125380000
0!
0'
#125390000
1!
1'
b100001111001 7
#125400000
0!
0'
#125410000
1!
1'
b100001111010 7
#125420000
0!
0'
#125430000
1!
1'
b100001111011 7
#125440000
0!
0'
#125450000
1!
1'
b100001111100 7
#125460000
0!
0'
#125470000
1!
1'
b100001111101 7
#125480000
0!
0'
#125490000
1!
1'
b100001111110 7
#125500000
0!
0'
#125510000
1!
1'
b100001111111 7
#125520000
0!
0'
#125530000
1!
1'
b100010000000 7
#125540000
0!
0'
#125550000
1!
1'
b100010000001 7
#125560000
0!
0'
#125570000
1!
1'
b100010000010 7
#125580000
0!
0'
#125590000
1!
1'
b100010000011 7
#125600000
0!
0'
#125610000
1!
1'
b100010000100 7
#125620000
0!
0'
#125630000
1!
1'
b100010000101 7
#125640000
0!
0'
#125650000
1!
1'
b100010000110 7
#125660000
0!
0'
#125670000
1!
1'
b100010000111 7
#125680000
0!
0'
#125690000
1!
1'
b100010001000 7
#125700000
0!
0'
#125710000
1!
1'
b100010001001 7
#125720000
0!
0'
#125730000
1!
1'
b100010001010 7
#125740000
0!
0'
#125750000
1!
1'
b100010001011 7
#125760000
0!
0'
#125770000
1!
1'
b100010001100 7
#125780000
0!
0'
#125790000
1!
1'
b100010001101 7
#125800000
0!
0'
#125810000
1!
1'
b100010001110 7
#125820000
0!
0'
#125830000
1!
1'
b100010001111 7
#125840000
0!
0'
#125850000
1!
1'
b100010010000 7
#125860000
0!
0'
#125870000
1!
1'
b100010010001 7
#125880000
0!
0'
#125890000
1!
1'
b100010010010 7
#125900000
0!
0'
#125910000
1!
1'
b100010010011 7
#125920000
0!
0'
#125930000
1!
1'
b100010010100 7
#125940000
0!
0'
#125950000
1!
1'
b100010010101 7
#125960000
0!
0'
#125970000
1!
1'
b100010010110 7
#125980000
0!
0'
#125990000
1!
1'
b100010010111 7
#126000000
0!
0'
#126010000
1!
1'
b100010011000 7
#126020000
0!
0'
#126030000
1!
1'
b100010011001 7
#126040000
0!
0'
#126050000
1!
1'
b100010011010 7
#126060000
0!
0'
#126070000
1!
1'
b100010011011 7
#126080000
0!
0'
#126090000
1!
1'
b100010011100 7
#126100000
0!
0'
#126110000
1!
1'
b100010011101 7
#126120000
0!
0'
#126130000
1!
1'
b100010011110 7
#126140000
0!
0'
#126150000
1!
1'
b100010011111 7
#126160000
0!
0'
#126170000
1!
1'
b100010100000 7
#126180000
0!
0'
#126190000
1!
1'
b100010100001 7
#126200000
0!
0'
#126210000
1!
1'
b100010100010 7
#126220000
0!
0'
#126230000
1!
1'
b100010100011 7
#126240000
0!
0'
#126250000
1!
1'
b100010100100 7
#126260000
0!
0'
#126270000
1!
1'
b100010100101 7
#126280000
0!
0'
#126290000
1!
1'
b100010100110 7
#126300000
0!
0'
#126310000
1!
1'
b100010100111 7
#126320000
0!
0'
#126330000
1!
1'
b100010101000 7
#126340000
0!
0'
#126350000
1!
1'
b100010101001 7
#126360000
0!
0'
#126370000
1!
1'
b100010101010 7
#126380000
0!
0'
#126390000
1!
1'
b100010101011 7
#126400000
0!
0'
#126410000
1!
1'
b100010101100 7
#126420000
0!
0'
#126430000
1!
1'
b100010101101 7
#126440000
0!
0'
#126450000
1!
1'
b100010101110 7
#126460000
0!
0'
#126470000
1!
1'
b100010101111 7
#126480000
0!
0'
#126490000
1!
1'
b100010110000 7
#126500000
0!
0'
#126510000
1!
1'
b100010110001 7
#126520000
0!
0'
#126530000
1!
1'
b100010110010 7
#126540000
0!
0'
#126550000
1!
1'
b100010110011 7
#126560000
0!
0'
#126570000
1!
1'
b100010110100 7
#126580000
0!
0'
#126590000
1!
1'
b100010110101 7
#126600000
0!
0'
#126610000
1!
1'
b100010110110 7
#126620000
0!
0'
#126630000
1!
1'
b100010110111 7
#126640000
0!
0'
#126650000
1!
1'
b100010111000 7
#126660000
0!
0'
#126670000
1!
1'
b100010111001 7
#126680000
0!
0'
#126690000
1!
1'
b100010111010 7
#126700000
0!
0'
#126710000
1!
1'
b100010111011 7
#126720000
0!
0'
#126730000
1!
1'
b100010111100 7
#126740000
0!
0'
#126750000
1!
1'
b100010111101 7
#126760000
0!
0'
#126770000
1!
1'
b100010111110 7
#126780000
0!
0'
#126790000
1!
1'
b100010111111 7
#126800000
0!
0'
#126810000
1!
1'
b100011000000 7
#126820000
0!
0'
#126830000
1!
1'
b100011000001 7
#126840000
0!
0'
#126850000
1!
1'
b100011000010 7
#126860000
0!
0'
#126870000
1!
1'
b100011000011 7
#126880000
0!
0'
#126890000
1!
1'
b100011000100 7
#126900000
0!
0'
#126910000
1!
1'
b100011000101 7
#126920000
0!
0'
#126930000
1!
1'
b100011000110 7
#126940000
0!
0'
#126950000
1!
1'
b100011000111 7
#126960000
0!
0'
#126970000
1!
1'
b100011001000 7
#126980000
0!
0'
#126990000
1!
1'
b100011001001 7
#127000000
0!
0'
#127010000
1!
1'
b100011001010 7
#127020000
0!
0'
#127030000
1!
1'
b100011001011 7
#127040000
0!
0'
#127050000
1!
1'
b100011001100 7
#127060000
0!
0'
#127070000
1!
1'
b100011001101 7
#127080000
0!
0'
#127090000
1!
1'
b100011001110 7
#127100000
0!
0'
#127110000
1!
1'
b100011001111 7
#127120000
0!
0'
#127130000
1!
1'
b100011010000 7
#127140000
0!
0'
#127150000
1!
1'
b100011010001 7
#127160000
0!
0'
#127170000
1!
1'
b100011010010 7
#127180000
0!
0'
#127190000
1!
1'
b100011010011 7
#127200000
0!
0'
#127210000
1!
1'
b100011010100 7
#127220000
0!
0'
#127230000
1!
1'
b100011010101 7
#127240000
0!
0'
#127250000
1!
1'
b100011010110 7
#127260000
0!
0'
#127270000
1!
1'
b100011010111 7
#127280000
0!
0'
#127290000
1!
1'
b100011011000 7
#127300000
0!
0'
#127310000
1!
1'
b100011011001 7
#127320000
0!
0'
#127330000
1!
1'
b100011011010 7
#127340000
0!
0'
#127350000
1!
1'
b100011011011 7
#127360000
0!
0'
#127370000
1!
1'
b100011011100 7
#127380000
0!
0'
#127390000
1!
1'
b100011011101 7
#127400000
0!
0'
#127410000
1!
1'
b100011011110 7
#127420000
0!
0'
#127430000
1!
1'
b100011011111 7
#127440000
0!
0'
#127450000
1!
1'
b100011100000 7
#127460000
0!
0'
#127470000
1!
1'
b100011100001 7
#127480000
0!
0'
#127490000
1!
1'
b100011100010 7
#127500000
0!
0'
#127510000
1!
1'
b100011100011 7
#127520000
0!
0'
#127530000
1!
1'
b100011100100 7
#127540000
0!
0'
#127550000
1!
1'
b100011100101 7
#127560000
0!
0'
#127570000
1!
1'
b100011100110 7
#127580000
0!
0'
#127590000
1!
1'
b100011100111 7
#127600000
0!
0'
#127610000
1!
1'
b100011101000 7
#127620000
0!
0'
#127630000
1!
1'
b100011101001 7
#127640000
0!
0'
#127650000
1!
1'
b100011101010 7
#127660000
0!
0'
#127670000
1!
1'
b100011101011 7
#127680000
0!
0'
#127690000
1!
1'
b100011101100 7
#127700000
0!
0'
#127710000
1!
1'
b100011101101 7
#127720000
0!
0'
#127730000
1!
1'
b100011101110 7
#127740000
0!
0'
#127750000
1!
1'
b100011101111 7
#127760000
0!
0'
#127770000
1!
1'
b100011110000 7
#127780000
0!
0'
#127790000
1!
1'
b100011110001 7
#127800000
0!
0'
#127810000
1!
1'
b100011110010 7
#127820000
0!
0'
#127830000
1!
1'
b100011110011 7
#127840000
0!
0'
#127850000
1!
1'
b100011110100 7
#127860000
0!
0'
#127870000
1!
1'
b100011110101 7
#127880000
0!
0'
#127890000
1!
1'
b100011110110 7
#127900000
0!
0'
#127910000
1!
1'
b100011110111 7
#127920000
0!
0'
#127930000
1!
1'
b100011111000 7
#127940000
0!
0'
#127950000
1!
1'
b100011111001 7
#127960000
0!
0'
#127970000
1!
1'
b100011111010 7
#127980000
0!
0'
#127990000
1!
1'
b100011111011 7
#128000000
0!
0'
#128010000
1!
1'
b100011111100 7
#128020000
0!
0'
#128030000
1!
1'
b100011111101 7
#128040000
0!
0'
#128050000
1!
1'
b100011111110 7
#128060000
0!
0'
#128070000
1!
1'
b100011111111 7
#128080000
0!
0'
#128090000
1!
1'
b100100000000 7
#128100000
0!
0'
#128110000
1!
1'
b100100000001 7
#128120000
0!
0'
#128130000
1!
1'
b100100000010 7
#128140000
0!
0'
#128150000
1!
1'
b100100000011 7
#128160000
0!
0'
#128170000
1!
1'
b100100000100 7
#128180000
0!
0'
#128190000
1!
1'
b100100000101 7
#128200000
0!
0'
#128210000
1!
1'
b100100000110 7
#128220000
0!
0'
#128230000
1!
1'
b100100000111 7
#128240000
0!
0'
#128250000
1!
1'
b100100001000 7
#128260000
0!
0'
#128270000
1!
1'
b100100001001 7
#128280000
0!
0'
#128290000
1!
1'
b100100001010 7
#128300000
0!
0'
#128310000
1!
1'
b100100001011 7
#128320000
0!
0'
#128330000
1!
1'
b100100001100 7
#128340000
0!
0'
#128350000
1!
1'
b100100001101 7
#128360000
0!
0'
#128370000
1!
1'
b100100001110 7
#128380000
0!
0'
#128390000
1!
1'
b100100001111 7
#128400000
0!
0'
#128410000
1!
1'
b100100010000 7
#128420000
0!
0'
#128430000
1!
1'
b100100010001 7
#128440000
0!
0'
#128450000
1!
1'
b100100010010 7
#128460000
0!
0'
#128470000
1!
1'
b100100010011 7
#128480000
0!
0'
#128490000
1!
1'
b100100010100 7
#128500000
0!
0'
#128510000
1!
1'
b100100010101 7
#128520000
0!
0'
#128530000
1!
1'
b100100010110 7
#128540000
0!
0'
#128550000
1!
1'
b100100010111 7
#128560000
0!
0'
#128570000
1!
1'
b100100011000 7
#128580000
0!
0'
#128590000
1!
1'
b100100011001 7
#128600000
0!
0'
#128610000
1!
1'
b100100011010 7
#128620000
0!
0'
#128630000
1!
1'
b100100011011 7
#128640000
0!
0'
#128650000
1!
1'
b100100011100 7
#128660000
0!
0'
#128670000
1!
1'
b100100011101 7
#128680000
0!
0'
#128690000
1!
1'
b100100011110 7
#128700000
0!
0'
#128710000
1!
1'
b100100011111 7
#128720000
0!
0'
#128730000
1!
1'
b100100100000 7
#128740000
0!
0'
#128750000
1!
1'
b100100100001 7
#128760000
0!
0'
#128770000
1!
1'
b100100100010 7
#128780000
0!
0'
#128790000
1!
1'
b100100100011 7
#128800000
0!
0'
#128810000
1!
1'
b100100100100 7
#128820000
0!
0'
#128830000
1!
1'
b100100100101 7
#128840000
0!
0'
#128850000
1!
1'
b100100100110 7
#128860000
0!
0'
#128870000
1!
1'
b100100100111 7
#128880000
0!
0'
#128890000
1!
1'
b100100101000 7
#128900000
0!
0'
#128910000
1!
1'
b100100101001 7
#128920000
0!
0'
#128930000
1!
1'
b100100101010 7
#128940000
0!
0'
#128950000
1!
1'
b100100101011 7
#128960000
0!
0'
#128970000
1!
1'
b100100101100 7
#128980000
0!
0'
#128990000
1!
1'
b100100101101 7
#129000000
0!
0'
#129010000
1!
1'
b100100101110 7
#129020000
0!
0'
#129030000
1!
1'
b100100101111 7
#129040000
0!
0'
#129050000
1!
1'
b100100110000 7
#129060000
0!
0'
#129070000
1!
1'
b100100110001 7
#129080000
0!
0'
#129090000
1!
1'
b100100110010 7
#129100000
0!
0'
#129110000
1!
1'
b100100110011 7
#129120000
0!
0'
#129130000
1!
1'
b100100110100 7
#129140000
0!
0'
#129150000
1!
1'
b100100110101 7
#129160000
0!
0'
#129170000
1!
1'
b100100110110 7
#129180000
0!
0'
#129190000
1!
1'
b100100110111 7
#129200000
0!
0'
#129210000
1!
1'
b100100111000 7
#129220000
0!
0'
#129230000
1!
1'
b100100111001 7
#129240000
0!
0'
#129250000
1!
1'
b100100111010 7
#129260000
0!
0'
#129270000
1!
1'
b100100111011 7
#129280000
0!
0'
#129290000
1!
1'
b100100111100 7
#129300000
0!
0'
#129310000
1!
1'
b100100111101 7
#129320000
0!
0'
#129330000
1!
1'
b100100111110 7
#129340000
0!
0'
#129350000
1!
1'
b100100111111 7
#129360000
0!
0'
#129370000
1!
1'
b100101000000 7
#129380000
0!
0'
#129390000
1!
1'
b100101000001 7
#129400000
0!
0'
#129410000
1!
1'
b100101000010 7
#129420000
0!
0'
#129430000
1!
1'
b100101000011 7
#129440000
0!
0'
#129450000
1!
1'
b100101000100 7
#129460000
0!
0'
#129470000
1!
1'
b100101000101 7
#129480000
0!
0'
#129490000
1!
1'
b100101000110 7
#129500000
0!
0'
#129510000
1!
1'
b100101000111 7
#129520000
0!
0'
#129530000
1!
1'
b100101001000 7
#129540000
0!
0'
#129550000
1!
1'
b100101001001 7
#129560000
0!
0'
#129570000
1!
1'
b100101001010 7
#129580000
0!
0'
#129590000
1!
1'
b100101001011 7
#129600000
0!
0'
#129610000
1!
1'
b100101001100 7
#129620000
0!
0'
#129630000
1!
1'
b100101001101 7
#129640000
0!
0'
#129650000
1!
1'
b100101001110 7
#129660000
0!
0'
#129670000
1!
1'
b100101001111 7
#129680000
0!
0'
#129690000
1!
1'
b100101010000 7
#129700000
0!
0'
#129710000
1!
1'
b100101010001 7
#129720000
0!
0'
#129730000
1!
1'
b100101010010 7
#129740000
0!
0'
#129750000
1!
1'
b100101010011 7
#129760000
0!
0'
#129770000
1!
1'
b100101010100 7
#129780000
0!
0'
#129790000
1!
1'
b100101010101 7
#129800000
0!
0'
#129810000
1!
1'
b100101010110 7
#129820000
0!
0'
#129830000
1!
1'
b100101010111 7
#129840000
0!
0'
#129850000
1!
1'
b100101011000 7
#129860000
0!
0'
#129870000
1!
1'
b100101011001 7
#129880000
0!
0'
#129890000
1!
1'
b100101011010 7
#129900000
0!
0'
#129910000
1!
1'
b100101011011 7
#129920000
0!
0'
#129930000
1!
1'
b100101011100 7
#129940000
0!
0'
#129950000
1!
1'
b100101011101 7
#129960000
0!
0'
#129970000
1!
1'
b100101011110 7
#129980000
0!
0'
#129990000
1!
1'
b100101011111 7
#130000000
0!
0'
#130010000
1!
1'
b100101100000 7
#130020000
0!
0'
#130030000
1!
1'
b100101100001 7
#130040000
0!
0'
#130050000
1!
1'
b100101100010 7
#130060000
0!
0'
#130070000
1!
1'
b100101100011 7
#130080000
0!
0'
#130090000
1!
1'
b100101100100 7
#130100000
0!
0'
#130110000
1!
1'
b100101100101 7
#130120000
0!
0'
#130130000
1!
1'
b100101100110 7
#130140000
0!
0'
#130150000
1!
1'
b100101100111 7
#130160000
0!
0'
#130170000
1!
1'
b100101101000 7
#130180000
0!
0'
#130190000
1!
1'
b100101101001 7
#130200000
0!
0'
#130210000
1!
1'
b100101101010 7
#130220000
0!
0'
#130230000
1!
1'
b100101101011 7
#130240000
0!
0'
#130250000
1!
1'
b100101101100 7
#130260000
0!
0'
#130270000
1!
1'
b100101101101 7
#130280000
0!
0'
#130290000
1!
1'
b100101101110 7
#130300000
0!
0'
#130310000
1!
1'
b100101101111 7
#130320000
0!
0'
#130330000
1!
1'
b100101110000 7
#130340000
0!
0'
#130350000
1!
1'
b100101110001 7
#130360000
0!
0'
#130370000
1!
1'
b100101110010 7
#130380000
0!
0'
#130390000
1!
1'
b100101110011 7
#130400000
0!
0'
#130410000
1!
1'
b100101110100 7
#130420000
0!
0'
#130430000
1!
1'
b100101110101 7
#130440000
0!
0'
#130450000
1!
1'
b100101110110 7
#130460000
0!
0'
#130470000
1!
1'
b100101110111 7
#130480000
0!
0'
#130490000
1!
1'
b100101111000 7
#130500000
0!
0'
#130510000
1!
1'
b100101111001 7
#130520000
0!
0'
#130530000
1!
1'
b100101111010 7
#130540000
0!
0'
#130550000
1!
1'
b100101111011 7
#130560000
0!
0'
#130570000
1!
1'
b100101111100 7
#130580000
0!
0'
#130590000
1!
1'
b100101111101 7
#130600000
0!
0'
#130610000
1!
1'
b100101111110 7
#130620000
0!
0'
#130630000
1!
1'
b100101111111 7
#130640000
0!
0'
#130650000
1!
1'
b100110000000 7
#130660000
0!
0'
#130670000
1!
1'
b100110000001 7
#130680000
0!
0'
#130690000
1!
1'
b100110000010 7
#130700000
0!
0'
#130710000
1!
1'
b100110000011 7
#130720000
0!
0'
#130730000
1!
1'
b100110000100 7
#130740000
0!
0'
#130750000
1!
1'
b100110000101 7
#130760000
0!
0'
#130770000
1!
1'
b100110000110 7
#130780000
0!
0'
#130790000
1!
1'
b100110000111 7
#130800000
0!
0'
#130810000
1!
1'
b100110001000 7
#130820000
0!
0'
#130830000
1!
1'
b100110001001 7
#130840000
0!
0'
#130850000
1!
1'
b100110001010 7
#130860000
0!
0'
#130870000
1!
1'
b100110001011 7
#130880000
0!
0'
#130890000
1!
1'
b100110001100 7
#130900000
0!
0'
#130910000
1!
1'
b100110001101 7
#130920000
0!
0'
#130930000
1!
1'
b100110001110 7
#130940000
0!
0'
#130950000
1!
1'
b100110001111 7
#130960000
0!
0'
#130970000
1!
1'
b100110010000 7
#130980000
0!
0'
#130990000
1!
1'
b100110010001 7
#131000000
0!
0'
#131010000
1!
1'
b100110010010 7
#131020000
0!
0'
#131030000
1!
1'
b100110010011 7
#131040000
0!
0'
#131050000
1!
1'
b100110010100 7
#131060000
0!
0'
#131070000
1!
1'
b100110010101 7
#131080000
0!
0'
#131090000
1!
1'
b100110010110 7
#131100000
0!
0'
#131110000
1!
1'
b100110010111 7
#131120000
0!
0'
#131130000
1!
1'
b100110011000 7
#131140000
0!
0'
#131150000
1!
1'
b100110011001 7
#131160000
0!
0'
#131170000
1!
1'
b100110011010 7
#131180000
0!
0'
#131190000
1!
1'
b100110011011 7
#131200000
0!
0'
#131210000
1!
1'
b100110011100 7
#131220000
0!
0'
#131230000
1!
1'
b100110011101 7
#131240000
0!
0'
#131250000
1!
1'
b100110011110 7
#131260000
0!
0'
#131270000
1!
1'
b100110011111 7
#131280000
0!
0'
#131290000
1!
1'
b100110100000 7
#131300000
0!
0'
#131310000
1!
1'
b100110100001 7
#131320000
0!
0'
#131330000
1!
1'
b100110100010 7
#131340000
0!
0'
#131350000
1!
1'
b100110100011 7
#131360000
0!
0'
#131370000
1!
1'
b100110100100 7
#131380000
0!
0'
#131390000
1!
1'
b100110100101 7
#131400000
0!
0'
#131410000
1!
1'
b100110100110 7
#131420000
0!
0'
#131430000
1!
1'
b100110100111 7
#131440000
0!
0'
#131450000
1!
1'
b100110101000 7
#131460000
0!
0'
#131470000
1!
1'
b100110101001 7
#131480000
0!
0'
#131490000
1!
1'
b100110101010 7
#131500000
0!
0'
#131510000
1!
1'
b100110101011 7
#131520000
0!
0'
#131530000
1!
1'
b100110101100 7
#131540000
0!
0'
#131550000
1!
1'
b100110101101 7
#131560000
0!
0'
#131570000
1!
1'
b100110101110 7
#131580000
0!
0'
#131590000
1!
1'
b100110101111 7
#131600000
0!
0'
#131610000
1!
1'
b100110110000 7
#131620000
0!
0'
#131630000
1!
1'
b100110110001 7
#131640000
0!
0'
#131650000
1!
1'
b100110110010 7
#131660000
0!
0'
#131670000
1!
1'
b100110110011 7
#131680000
0!
0'
#131690000
1!
1'
b100110110100 7
#131700000
0!
0'
#131710000
1!
1'
b100110110101 7
#131720000
0!
0'
#131730000
1!
1'
b100110110110 7
#131740000
0!
0'
#131750000
1!
1'
b100110110111 7
#131760000
0!
0'
#131770000
1!
1'
b100110111000 7
#131780000
0!
0'
#131790000
1!
1'
b100110111001 7
#131800000
0!
0'
#131810000
1!
1'
b100110111010 7
#131820000
0!
0'
#131830000
1!
1'
b100110111011 7
#131840000
0!
0'
#131850000
1!
1'
b100110111100 7
#131860000
0!
0'
#131870000
1!
1'
b100110111101 7
#131880000
0!
0'
#131890000
1!
1'
b100110111110 7
#131900000
0!
0'
#131910000
1!
1'
b100110111111 7
#131920000
0!
0'
#131930000
1!
1'
b100111000000 7
#131940000
0!
0'
#131950000
1!
1'
b100111000001 7
#131960000
0!
0'
#131970000
1!
1'
b100111000010 7
#131980000
0!
0'
#131990000
1!
1'
b100111000011 7
#132000000
0!
0'
#132010000
1!
1'
b100111000100 7
#132020000
0!
0'
#132030000
1!
1'
b100111000101 7
#132040000
0!
0'
#132050000
1!
1'
b100111000110 7
#132060000
0!
0'
#132070000
1!
1'
b100111000111 7
#132080000
0!
0'
#132090000
1!
1'
b100111001000 7
#132100000
0!
0'
#132110000
1!
1'
b100111001001 7
#132120000
0!
0'
#132130000
1!
1'
b100111001010 7
#132140000
0!
0'
#132150000
1!
1'
b100111001011 7
#132160000
0!
0'
#132170000
1!
1'
b100111001100 7
#132180000
0!
0'
#132190000
1!
1'
b100111001101 7
#132200000
0!
0'
#132210000
1!
1'
b100111001110 7
#132220000
0!
0'
#132230000
1!
1'
b100111001111 7
#132240000
0!
0'
#132250000
1!
1'
b100111010000 7
#132260000
0!
0'
#132270000
1!
1'
b100111010001 7
#132280000
0!
0'
#132290000
1!
1'
b100111010010 7
#132300000
0!
0'
#132310000
1!
1'
b100111010011 7
#132320000
0!
0'
#132330000
1!
1'
b100111010100 7
#132340000
0!
0'
#132350000
1!
1'
b100111010101 7
#132360000
0!
0'
#132370000
1!
1'
b100111010110 7
#132380000
0!
0'
#132390000
1!
1'
b100111010111 7
#132400000
0!
0'
#132410000
1!
1'
b100111011000 7
#132420000
0!
0'
#132430000
1!
1'
b100111011001 7
#132440000
0!
0'
#132450000
1!
1'
b100111011010 7
#132460000
0!
0'
#132470000
1!
1'
b100111011011 7
#132480000
0!
0'
#132490000
1!
1'
b100111011100 7
#132500000
0!
0'
#132510000
1!
1'
b100111011101 7
#132520000
0!
0'
#132530000
1!
1'
b100111011110 7
#132540000
0!
0'
#132550000
1!
1'
b100111011111 7
#132560000
0!
0'
#132570000
1!
1'
b100111100000 7
#132580000
0!
0'
#132590000
1!
1'
b100111100001 7
#132600000
0!
0'
#132610000
1!
1'
b100111100010 7
#132620000
0!
0'
#132630000
1!
1'
b100111100011 7
#132640000
0!
0'
#132650000
1!
1'
b100111100100 7
#132660000
0!
0'
#132670000
1!
1'
b100111100101 7
#132680000
0!
0'
#132690000
1!
1'
b100111100110 7
#132700000
0!
0'
#132710000
1!
1'
b100111100111 7
#132720000
0!
0'
#132730000
1!
1'
b100111101000 7
#132740000
0!
0'
#132750000
1!
1'
b100111101001 7
#132760000
0!
0'
#132770000
1!
1'
b100111101010 7
#132780000
0!
0'
#132790000
1!
1'
b100111101011 7
#132800000
0!
0'
#132810000
1!
1'
b100111101100 7
#132820000
0!
0'
#132830000
1!
1'
b100111101101 7
#132840000
0!
0'
#132850000
1!
1'
b100111101110 7
#132860000
0!
0'
#132870000
1!
1'
b100111101111 7
#132880000
0!
0'
#132890000
1!
1'
b100111110000 7
#132900000
0!
0'
#132910000
1!
1'
b100111110001 7
#132920000
0!
0'
#132930000
1!
1'
b100111110010 7
#132940000
0!
0'
#132950000
1!
1'
b100111110011 7
#132960000
0!
0'
#132970000
1!
1'
b100111110100 7
#132980000
0!
0'
#132990000
1!
1'
b100111110101 7
#133000000
0!
0'
#133010000
1!
1'
b100111110110 7
#133020000
0!
0'
#133030000
1!
1'
b100111110111 7
#133040000
0!
0'
#133050000
1!
1'
b100111111000 7
#133060000
0!
0'
#133070000
1!
1'
b100111111001 7
#133080000
0!
0'
#133090000
1!
1'
b100111111010 7
#133100000
0!
0'
#133110000
1!
1'
b100111111011 7
#133120000
0!
0'
#133130000
1!
1'
b100111111100 7
#133140000
0!
0'
#133150000
1!
1'
b100111111101 7
#133160000
0!
0'
#133170000
1!
1'
b100111111110 7
#133180000
0!
0'
#133190000
1!
1'
b100111111111 7
#133200000
0!
0'
#133210000
1!
1'
b101000000000 7
#133220000
0!
0'
#133230000
1!
1'
b101000000001 7
#133240000
0!
0'
#133250000
1!
1'
b101000000010 7
#133260000
0!
0'
#133270000
1!
1'
b101000000011 7
#133280000
0!
0'
#133290000
1!
1'
b101000000100 7
#133300000
0!
0'
#133310000
1!
1'
b101000000101 7
#133320000
0!
0'
#133330000
1!
1'
b101000000110 7
#133340000
0!
0'
#133350000
1!
1'
b101000000111 7
#133360000
0!
0'
#133370000
1!
1'
b101000001000 7
#133380000
0!
0'
#133390000
1!
1'
b101000001001 7
#133400000
0!
0'
#133410000
1!
1'
b101000001010 7
#133420000
0!
0'
#133430000
1!
1'
b101000001011 7
#133440000
0!
0'
#133450000
1!
1'
b101000001100 7
#133460000
0!
0'
#133470000
1!
1'
b101000001101 7
#133480000
0!
0'
#133490000
1!
1'
b101000001110 7
#133500000
0!
0'
#133510000
1!
1'
b101000001111 7
#133520000
0!
0'
#133530000
1!
1'
b101000010000 7
#133540000
0!
0'
#133550000
1!
1'
b101000010001 7
#133560000
0!
0'
#133570000
1!
1'
b101000010010 7
#133580000
0!
0'
#133590000
1!
1'
b101000010011 7
#133600000
0!
0'
#133610000
1!
1'
b101000010100 7
#133620000
0!
0'
#133630000
1!
1'
b101000010101 7
#133640000
0!
0'
#133650000
1!
1'
b101000010110 7
#133660000
0!
0'
#133670000
1!
1'
b101000010111 7
#133680000
0!
0'
#133690000
1!
1'
b101000011000 7
#133700000
0!
0'
#133710000
1!
1'
b101000011001 7
#133720000
0!
0'
#133730000
1!
1'
b101000011010 7
#133740000
0!
0'
#133750000
1!
1'
b101000011011 7
#133760000
0!
0'
#133770000
1!
1'
b101000011100 7
#133780000
0!
0'
#133790000
1!
1'
b101000011101 7
#133800000
0!
0'
#133810000
1!
1'
b101000011110 7
#133820000
0!
0'
#133830000
1!
1'
b101000011111 7
#133840000
0!
0'
#133850000
1!
1'
b101000100000 7
#133860000
0!
0'
#133870000
1!
1'
b101000100001 7
#133880000
0!
0'
#133890000
1!
1'
b101000100010 7
#133900000
0!
0'
#133910000
1!
1'
b101000100011 7
#133920000
0!
0'
#133930000
1!
1'
b101000100100 7
#133940000
0!
0'
#133950000
1!
1'
b101000100101 7
#133960000
0!
0'
#133970000
1!
1'
b101000100110 7
#133980000
0!
0'
#133990000
1!
1'
b101000100111 7
#134000000
0!
0'
#134010000
1!
1'
b101000101000 7
#134020000
0!
0'
#134030000
1!
1'
b101000101001 7
#134040000
0!
0'
#134050000
1!
1'
b101000101010 7
#134060000
0!
0'
#134070000
1!
1'
b101000101011 7
#134080000
0!
0'
#134090000
1!
1'
b101000101100 7
#134100000
0!
0'
#134110000
1!
1'
b101000101101 7
#134120000
0!
0'
#134130000
1!
1'
b101000101110 7
#134140000
0!
0'
#134150000
1!
1'
b101000101111 7
#134160000
0!
0'
#134170000
1!
1'
b101000110000 7
#134180000
0!
0'
#134190000
1!
1'
b101000110001 7
#134200000
0!
0'
#134210000
1!
1'
b101000110010 7
#134220000
0!
0'
#134230000
1!
1'
b101000110011 7
#134240000
0!
0'
#134250000
1!
1'
b101000110100 7
#134260000
0!
0'
#134270000
1!
1'
b101000110101 7
#134280000
0!
0'
#134290000
1!
1'
b101000110110 7
#134300000
0!
0'
#134310000
1!
1'
b101000110111 7
#134320000
0!
0'
#134330000
1!
1'
b101000111000 7
#134340000
0!
0'
#134350000
1!
1'
b101000111001 7
#134360000
0!
0'
#134370000
1!
1'
b101000111010 7
#134380000
0!
0'
#134390000
1!
1'
b101000111011 7
#134400000
0!
0'
#134410000
1!
1'
b101000111100 7
#134420000
0!
0'
#134430000
1!
1'
b101000111101 7
#134440000
0!
0'
#134450000
1!
1'
b101000111110 7
#134460000
0!
0'
#134470000
1!
1'
b101000111111 7
#134480000
0!
0'
#134490000
1!
1'
b101001000000 7
#134500000
0!
0'
#134510000
1!
1'
b101001000001 7
#134520000
0!
0'
#134530000
1!
1'
b101001000010 7
#134540000
0!
0'
#134550000
1!
1'
b101001000011 7
#134560000
0!
0'
#134570000
1!
1'
b101001000100 7
#134580000
0!
0'
#134590000
1!
1'
b101001000101 7
#134600000
0!
0'
#134610000
1!
1'
b101001000110 7
#134620000
0!
0'
#134630000
1!
1'
b101001000111 7
#134640000
0!
0'
#134650000
1!
1'
b101001001000 7
#134660000
0!
0'
#134670000
1!
1'
b101001001001 7
#134680000
0!
0'
#134690000
1!
1'
b101001001010 7
#134700000
0!
0'
#134710000
1!
1'
b101001001011 7
#134720000
0!
0'
#134730000
1!
1'
b101001001100 7
#134740000
0!
0'
#134750000
1!
1'
b101001001101 7
#134760000
0!
0'
#134770000
1!
1'
b101001001110 7
#134780000
0!
0'
#134790000
1!
1'
b101001001111 7
#134800000
0!
0'
#134810000
1!
1'
b101001010000 7
#134820000
0!
0'
#134830000
1!
1'
b101001010001 7
#134840000
0!
0'
#134850000
1!
1'
b101001010010 7
#134860000
0!
0'
#134870000
1!
1'
b101001010011 7
#134880000
0!
0'
#134890000
1!
1'
b101001010100 7
#134900000
0!
0'
#134910000
1!
1'
b101001010101 7
#134920000
0!
0'
#134930000
1!
1'
b101001010110 7
#134940000
0!
0'
#134950000
1!
1'
b101001010111 7
#134960000
0!
0'
#134970000
1!
1'
b101001011000 7
#134980000
0!
0'
#134990000
1!
1'
b101001011001 7
#135000000
0!
0'
#135010000
1!
1'
b101001011010 7
#135020000
0!
0'
#135030000
1!
1'
b101001011011 7
#135040000
0!
0'
#135050000
1!
1'
b101001011100 7
#135060000
0!
0'
#135070000
1!
1'
b101001011101 7
#135080000
0!
0'
#135090000
1!
1'
b101001011110 7
#135100000
0!
0'
#135110000
1!
1'
b101001011111 7
#135120000
0!
0'
#135130000
1!
1'
b101001100000 7
#135140000
0!
0'
#135150000
1!
1'
b101001100001 7
#135160000
0!
0'
#135170000
1!
1'
b101001100010 7
#135180000
0!
0'
#135190000
1!
1'
b101001100011 7
#135200000
0!
0'
#135210000
1!
1'
b101001100100 7
#135220000
0!
0'
#135230000
1!
1'
b101001100101 7
#135240000
0!
0'
#135250000
1!
1'
b101001100110 7
#135260000
0!
0'
#135270000
1!
1'
b101001100111 7
#135280000
0!
0'
#135290000
1!
1'
b101001101000 7
#135300000
0!
0'
#135310000
1!
1'
b101001101001 7
#135320000
0!
0'
#135330000
1!
1'
b101001101010 7
#135340000
0!
0'
#135350000
1!
1'
b101001101011 7
#135360000
0!
0'
#135370000
1!
1'
b101001101100 7
#135380000
0!
0'
#135390000
1!
1'
b101001101101 7
#135400000
0!
0'
#135410000
1!
1'
b101001101110 7
#135420000
0!
0'
#135430000
1!
1'
b101001101111 7
#135440000
0!
0'
#135450000
1!
1'
b101001110000 7
#135460000
0!
0'
#135470000
1!
1'
b101001110001 7
#135480000
0!
0'
#135490000
1!
1'
b101001110010 7
#135500000
0!
0'
#135510000
1!
1'
b101001110011 7
#135520000
0!
0'
#135530000
1!
1'
b101001110100 7
#135540000
0!
0'
#135550000
1!
1'
b101001110101 7
#135560000
0!
0'
#135570000
1!
1'
b101001110110 7
#135580000
0!
0'
#135590000
1!
1'
b101001110111 7
#135600000
0!
0'
#135610000
1!
1'
b101001111000 7
#135620000
0!
0'
#135630000
1!
1'
b101001111001 7
#135640000
0!
0'
#135650000
1!
1'
b101001111010 7
#135660000
0!
0'
#135670000
1!
1'
b101001111011 7
#135680000
0!
0'
#135690000
1!
1'
b101001111100 7
#135700000
0!
0'
#135710000
1!
1'
b101001111101 7
#135720000
0!
0'
#135730000
1!
1'
b101001111110 7
#135740000
0!
0'
#135750000
1!
1'
b101001111111 7
#135760000
0!
0'
#135770000
1!
1'
b101010000000 7
#135780000
0!
0'
#135790000
1!
1'
b101010000001 7
#135800000
0!
0'
#135810000
1!
1'
b101010000010 7
#135820000
0!
0'
#135830000
1!
1'
b101010000011 7
#135840000
0!
0'
#135850000
1!
1'
b101010000100 7
#135860000
0!
0'
#135870000
1!
1'
b101010000101 7
#135880000
0!
0'
#135890000
1!
1'
b101010000110 7
#135900000
0!
0'
#135910000
1!
1'
b101010000111 7
#135920000
0!
0'
#135930000
1!
1'
b101010001000 7
#135940000
0!
0'
#135950000
1!
1'
b101010001001 7
#135960000
0!
0'
#135970000
1!
1'
b101010001010 7
#135980000
0!
0'
#135990000
1!
1'
b101010001011 7
#136000000
0!
0'
#136010000
1!
1'
b101010001100 7
#136020000
0!
0'
#136030000
1!
1'
b101010001101 7
#136040000
0!
0'
#136050000
1!
1'
b101010001110 7
#136060000
0!
0'
#136070000
1!
1'
b101010001111 7
#136080000
0!
0'
#136090000
1!
1'
b101010010000 7
#136100000
0!
0'
#136110000
1!
1'
b101010010001 7
#136120000
0!
0'
#136130000
1!
1'
b101010010010 7
#136140000
0!
0'
#136150000
1!
1'
b101010010011 7
#136160000
0!
0'
#136170000
1!
1'
b101010010100 7
#136180000
0!
0'
#136190000
1!
1'
b101010010101 7
#136200000
0!
0'
#136210000
1!
1'
b101010010110 7
#136220000
0!
0'
#136230000
1!
1'
b101010010111 7
#136240000
0!
0'
#136250000
1!
1'
b101010011000 7
#136260000
0!
0'
#136270000
1!
1'
b101010011001 7
#136280000
0!
0'
#136290000
1!
1'
b101010011010 7
#136300000
0!
0'
#136310000
1!
1'
b101010011011 7
#136320000
0!
0'
#136330000
1!
1'
b101010011100 7
#136340000
0!
0'
#136350000
1!
1'
b101010011101 7
#136360000
0!
0'
#136370000
1!
1'
b101010011110 7
#136380000
0!
0'
#136390000
1!
1'
b101010011111 7
#136400000
0!
0'
#136410000
1!
1'
b101010100000 7
#136420000
0!
0'
#136430000
1!
1'
b101010100001 7
#136440000
0!
0'
#136450000
1!
1'
b101010100010 7
#136460000
0!
0'
#136470000
1!
1'
b101010100011 7
#136480000
0!
0'
#136490000
1!
1'
b101010100100 7
#136500000
0!
0'
#136510000
1!
1'
b101010100101 7
#136520000
0!
0'
#136530000
1!
1'
b101010100110 7
#136540000
0!
0'
#136550000
1!
1'
b101010100111 7
#136560000
0!
0'
#136570000
1!
1'
b101010101000 7
#136580000
0!
0'
#136590000
1!
1'
b101010101001 7
#136600000
0!
0'
#136610000
1!
1'
b101010101010 7
#136620000
0!
0'
#136630000
1!
1'
b101010101011 7
#136640000
0!
0'
#136650000
1!
1'
b101010101100 7
#136660000
0!
0'
#136670000
1!
1'
b101010101101 7
#136680000
0!
0'
#136690000
1!
1'
b101010101110 7
#136700000
0!
0'
#136710000
1!
1'
b101010101111 7
#136720000
0!
0'
#136730000
1!
1'
b101010110000 7
#136740000
0!
0'
#136750000
1!
1'
b101010110001 7
#136760000
0!
0'
#136770000
1!
1'
b101010110010 7
#136780000
0!
0'
#136790000
1!
1'
b101010110011 7
#136800000
0!
0'
#136810000
1!
1'
b101010110100 7
#136820000
0!
0'
#136830000
1!
1'
b101010110101 7
#136840000
0!
0'
#136850000
1!
1'
b101010110110 7
#136860000
0!
0'
#136870000
1!
1'
b101010110111 7
#136880000
0!
0'
#136890000
1!
1'
b101010111000 7
#136900000
0!
0'
#136910000
1!
1'
b101010111001 7
#136920000
0!
0'
#136930000
1!
1'
b101010111010 7
#136940000
0!
0'
#136950000
1!
1'
b101010111011 7
#136960000
0!
0'
#136970000
1!
1'
b101010111100 7
#136980000
0!
0'
#136990000
1!
1'
b101010111101 7
#137000000
0!
0'
#137010000
1!
1'
b101010111110 7
#137020000
0!
0'
#137030000
1!
1'
b101010111111 7
#137040000
0!
0'
#137050000
1!
1'
b101011000000 7
#137060000
0!
0'
#137070000
1!
1'
b101011000001 7
#137080000
0!
0'
#137090000
1!
1'
b101011000010 7
#137100000
0!
0'
#137110000
1!
1'
b101011000011 7
#137120000
0!
0'
#137130000
1!
1'
b101011000100 7
#137140000
0!
0'
#137150000
1!
1'
b101011000101 7
#137160000
0!
0'
#137170000
1!
1'
b101011000110 7
#137180000
0!
0'
#137190000
1!
1'
b101011000111 7
#137200000
0!
0'
#137210000
1!
1'
b101011001000 7
#137220000
0!
0'
#137230000
1!
1'
b101011001001 7
#137240000
0!
0'
#137250000
1!
1'
b101011001010 7
#137260000
0!
0'
#137270000
1!
1'
b101011001011 7
#137280000
0!
0'
#137290000
1!
1'
b101011001100 7
#137300000
0!
0'
#137310000
1!
1'
b101011001101 7
#137320000
0!
0'
#137330000
1!
1'
b101011001110 7
#137340000
0!
0'
#137350000
1!
1'
b101011001111 7
#137360000
0!
0'
#137370000
1!
1'
b101011010000 7
#137380000
0!
0'
#137390000
1!
1'
b101011010001 7
#137400000
0!
0'
#137410000
1!
1'
b101011010010 7
#137420000
0!
0'
#137430000
1!
1'
b101011010011 7
#137440000
0!
0'
#137450000
1!
1'
b101011010100 7
#137460000
0!
0'
#137470000
1!
1'
b101011010101 7
#137480000
0!
0'
#137490000
1!
1'
b101011010110 7
#137500000
0!
0'
#137510000
1!
1'
b101011010111 7
#137520000
0!
0'
#137530000
1!
1'
b101011011000 7
#137540000
0!
0'
#137550000
1!
1'
b101011011001 7
#137560000
0!
0'
#137570000
1!
1'
b101011011010 7
#137580000
0!
0'
#137590000
1!
1'
b101011011011 7
#137600000
0!
0'
#137610000
1!
1'
b101011011100 7
#137620000
0!
0'
#137630000
1!
1'
b101011011101 7
#137640000
0!
0'
#137650000
1!
1'
b101011011110 7
#137660000
0!
0'
#137670000
1!
1'
b101011011111 7
#137680000
0!
0'
#137690000
1!
1'
b101011100000 7
#137700000
0!
0'
#137710000
1!
1'
b101011100001 7
#137720000
0!
0'
#137730000
1!
1'
b101011100010 7
#137740000
0!
0'
#137750000
1!
1'
b101011100011 7
#137760000
0!
0'
#137770000
1!
1'
b101011100100 7
#137780000
0!
0'
#137790000
1!
1'
b101011100101 7
#137800000
0!
0'
#137810000
1!
1'
b101011100110 7
#137820000
0!
0'
#137830000
1!
1'
b101011100111 7
#137840000
0!
0'
#137850000
1!
1'
b101011101000 7
#137860000
0!
0'
#137870000
1!
1'
b101011101001 7
#137880000
0!
0'
#137890000
1!
1'
b101011101010 7
#137900000
0!
0'
#137910000
1!
1'
b101011101011 7
#137920000
0!
0'
#137930000
1!
1'
b101011101100 7
#137940000
0!
0'
#137950000
1!
1'
b101011101101 7
#137960000
0!
0'
#137970000
1!
1'
b101011101110 7
#137980000
0!
0'
#137990000
1!
1'
b101011101111 7
#138000000
0!
0'
#138010000
1!
1'
b101011110000 7
#138020000
0!
0'
#138030000
1!
1'
b101011110001 7
#138040000
0!
0'
#138050000
1!
1'
b101011110010 7
#138060000
0!
0'
#138070000
1!
1'
b101011110011 7
#138080000
0!
0'
#138090000
1!
1'
b101011110100 7
#138100000
0!
0'
#138110000
1!
1'
b101011110101 7
#138120000
0!
0'
#138130000
1!
1'
b101011110110 7
#138140000
0!
0'
#138150000
1!
1'
b101011110111 7
#138160000
0!
0'
#138170000
1!
1'
b101011111000 7
#138180000
0!
0'
#138190000
1!
1'
b101011111001 7
#138200000
0!
0'
#138210000
1!
1'
b101011111010 7
#138220000
0!
0'
#138230000
1!
1'
b101011111011 7
#138240000
0!
0'
#138250000
1!
1'
b101011111100 7
#138260000
0!
0'
#138270000
1!
1'
b101011111101 7
#138280000
0!
0'
#138290000
1!
1'
b101011111110 7
#138300000
0!
0'
#138310000
1!
1'
b101011111111 7
#138320000
0!
0'
#138330000
1!
1'
b101100000000 7
#138340000
0!
0'
#138350000
1!
1'
b101100000001 7
#138360000
0!
0'
#138370000
1!
1'
b101100000010 7
#138380000
0!
0'
#138390000
1!
1'
b101100000011 7
#138400000
0!
0'
#138410000
1!
1'
b101100000100 7
#138420000
0!
0'
#138430000
1!
1'
b101100000101 7
#138440000
0!
0'
#138450000
1!
1'
b101100000110 7
#138460000
0!
0'
#138470000
1!
1'
b101100000111 7
#138480000
0!
0'
#138490000
1!
1'
b101100001000 7
#138500000
0!
0'
#138510000
1!
1'
b101100001001 7
#138520000
0!
0'
#138530000
1!
1'
b101100001010 7
#138540000
0!
0'
#138550000
1!
1'
b101100001011 7
#138560000
0!
0'
#138570000
1!
1'
b101100001100 7
#138580000
0!
0'
#138590000
1!
1'
b101100001101 7
#138600000
0!
0'
#138610000
1!
1'
b101100001110 7
#138620000
0!
0'
#138630000
1!
1'
b101100001111 7
#138640000
0!
0'
#138650000
1!
1'
b101100010000 7
#138660000
0!
0'
#138670000
1!
1'
b101100010001 7
#138680000
0!
0'
#138690000
1!
1'
b101100010010 7
#138700000
0!
0'
#138710000
1!
1'
b101100010011 7
#138720000
0!
0'
#138730000
1!
1'
b101100010100 7
#138740000
0!
0'
#138750000
1!
1'
b101100010101 7
#138760000
0!
0'
#138770000
1!
1'
b101100010110 7
#138780000
0!
0'
#138790000
1!
1'
b101100010111 7
#138800000
0!
0'
#138810000
1!
1'
b101100011000 7
#138820000
0!
0'
#138830000
1!
1'
b101100011001 7
#138840000
0!
0'
#138850000
1!
1'
b101100011010 7
#138860000
0!
0'
#138870000
1!
1'
b101100011011 7
#138880000
0!
0'
#138890000
1!
1'
b101100011100 7
#138900000
0!
0'
#138910000
1!
1'
b101100011101 7
#138920000
0!
0'
#138930000
1!
1'
b101100011110 7
#138940000
0!
0'
#138950000
1!
1'
b101100011111 7
#138960000
0!
0'
#138970000
1!
1'
b101100100000 7
#138980000
0!
0'
#138990000
1!
1'
b101100100001 7
#139000000
0!
0'
#139010000
1!
1'
b101100100010 7
#139020000
0!
0'
#139030000
1!
1'
b101100100011 7
#139040000
0!
0'
#139050000
1!
1'
b101100100100 7
#139060000
0!
0'
#139070000
1!
1'
b101100100101 7
#139080000
0!
0'
#139090000
1!
1'
b101100100110 7
#139100000
0!
0'
#139110000
1!
1'
b101100100111 7
#139120000
0!
0'
#139130000
1!
1'
b101100101000 7
#139140000
0!
0'
#139150000
1!
1'
b101100101001 7
#139160000
0!
0'
#139170000
1!
1'
b101100101010 7
#139180000
0!
0'
#139190000
1!
1'
b101100101011 7
#139200000
0!
0'
#139210000
1!
1'
b101100101100 7
#139220000
0!
0'
#139230000
1!
1'
b101100101101 7
#139240000
0!
0'
#139250000
1!
1'
b101100101110 7
#139260000
0!
0'
#139270000
1!
1'
b101100101111 7
#139280000
0!
0'
#139290000
1!
1'
b101100110000 7
#139300000
0!
0'
#139310000
1!
1'
b101100110001 7
#139320000
0!
0'
#139330000
1!
1'
b101100110010 7
#139340000
0!
0'
#139350000
1!
1'
b101100110011 7
#139360000
0!
0'
#139370000
1!
1'
b101100110100 7
#139380000
0!
0'
#139390000
1!
1'
b101100110101 7
#139400000
0!
0'
#139410000
1!
1'
b101100110110 7
#139420000
0!
0'
#139430000
1!
1'
b101100110111 7
#139440000
0!
0'
#139450000
1!
1'
b101100111000 7
#139460000
0!
0'
#139470000
1!
1'
b101100111001 7
#139480000
0!
0'
#139490000
1!
1'
b101100111010 7
#139500000
0!
0'
#139510000
1!
1'
b101100111011 7
#139520000
0!
0'
#139530000
1!
1'
b101100111100 7
#139540000
0!
0'
#139550000
1!
1'
b101100111101 7
#139560000
0!
0'
#139570000
1!
1'
b101100111110 7
#139580000
0!
0'
#139590000
1!
1'
b101100111111 7
#139600000
0!
0'
#139610000
1!
1'
b101101000000 7
#139620000
0!
0'
#139630000
1!
1'
b101101000001 7
#139640000
0!
0'
#139650000
1!
1'
b101101000010 7
#139660000
0!
0'
#139670000
1!
1'
b101101000011 7
#139680000
0!
0'
#139690000
1!
1'
b101101000100 7
#139700000
0!
0'
#139710000
1!
1'
b101101000101 7
#139720000
0!
0'
#139730000
1!
1'
b101101000110 7
#139740000
0!
0'
#139750000
1!
1'
b101101000111 7
#139760000
0!
0'
#139770000
1!
1'
b101101001000 7
#139780000
0!
0'
#139790000
1!
1'
b101101001001 7
#139800000
0!
0'
#139810000
1!
1'
b101101001010 7
#139820000
0!
0'
#139830000
1!
1'
b101101001011 7
#139840000
0!
0'
#139850000
1!
1'
b101101001100 7
#139860000
0!
0'
#139870000
1!
1'
b101101001101 7
#139880000
0!
0'
#139890000
1!
1'
b101101001110 7
#139900000
0!
0'
#139910000
1!
1'
b101101001111 7
#139920000
0!
0'
#139930000
1!
1'
b101101010000 7
#139940000
0!
0'
#139950000
1!
1'
b101101010001 7
#139960000
0!
0'
#139970000
1!
1'
b101101010010 7
#139980000
0!
0'
#139990000
1!
1'
b101101010011 7
#140000000
0!
0'
#140010000
1!
1'
b101101010100 7
#140020000
0!
0'
#140030000
1!
1'
b101101010101 7
#140040000
0!
0'
#140050000
1!
1'
b101101010110 7
#140060000
0!
0'
#140070000
1!
1'
b101101010111 7
#140080000
0!
0'
#140090000
1!
1'
b101101011000 7
#140100000
0!
0'
#140110000
1!
1'
b101101011001 7
#140120000
0!
0'
#140130000
1!
1'
b101101011010 7
#140140000
0!
0'
#140150000
1!
1'
b101101011011 7
#140160000
0!
0'
#140170000
1!
1'
b101101011100 7
#140180000
0!
0'
#140190000
1!
1'
b101101011101 7
#140200000
0!
0'
#140210000
1!
1'
b101101011110 7
#140220000
0!
0'
#140230000
1!
1'
b101101011111 7
#140240000
0!
0'
#140250000
1!
1'
b101101100000 7
#140260000
0!
0'
#140270000
1!
1'
b101101100001 7
#140280000
0!
0'
#140290000
1!
1'
b101101100010 7
#140300000
0!
0'
#140310000
1!
1'
b101101100011 7
#140320000
0!
0'
#140330000
1!
1'
b101101100100 7
#140340000
0!
0'
#140350000
1!
1'
b101101100101 7
#140360000
0!
0'
#140370000
1!
1'
b101101100110 7
#140380000
0!
0'
#140390000
1!
1'
b101101100111 7
#140400000
0!
0'
#140410000
1!
1'
b101101101000 7
#140420000
0!
0'
#140430000
1!
1'
b101101101001 7
#140440000
0!
0'
#140450000
1!
1'
b101101101010 7
#140460000
0!
0'
#140470000
1!
1'
b101101101011 7
#140480000
0!
0'
#140490000
1!
1'
b101101101100 7
#140500000
0!
0'
#140510000
1!
1'
b101101101101 7
#140520000
0!
0'
#140530000
1!
1'
b101101101110 7
#140540000
0!
0'
#140550000
1!
1'
b101101101111 7
#140560000
0!
0'
#140570000
1!
1'
b101101110000 7
#140580000
0!
0'
#140590000
1!
1'
b101101110001 7
#140600000
0!
0'
#140610000
1!
1'
b101101110010 7
#140620000
0!
0'
#140630000
1!
1'
b101101110011 7
#140640000
0!
0'
#140650000
1!
1'
b101101110100 7
#140660000
0!
0'
#140670000
1!
1'
b101101110101 7
#140680000
0!
0'
#140690000
1!
1'
b101101110110 7
#140700000
0!
0'
#140710000
1!
1'
b101101110111 7
#140720000
0!
0'
#140730000
1!
1'
b101101111000 7
#140740000
0!
0'
#140750000
1!
1'
b101101111001 7
#140760000
0!
0'
#140770000
1!
1'
b101101111010 7
#140780000
0!
0'
#140790000
1!
1'
b101101111011 7
#140800000
0!
0'
#140810000
1!
1'
b101101111100 7
#140820000
0!
0'
#140830000
1!
1'
b101101111101 7
#140840000
0!
0'
#140850000
1!
1'
b101101111110 7
#140860000
0!
0'
#140870000
1!
1'
b101101111111 7
#140880000
0!
0'
#140890000
1!
1'
b101110000000 7
#140900000
0!
0'
#140910000
1!
1'
b101110000001 7
#140920000
0!
0'
#140930000
1!
1'
b101110000010 7
#140940000
0!
0'
#140950000
1!
1'
b101110000011 7
#140960000
0!
0'
#140970000
1!
1'
b101110000100 7
#140980000
0!
0'
#140990000
1!
1'
b101110000101 7
#141000000
0!
0'
#141010000
1!
1'
b101110000110 7
#141020000
0!
0'
#141030000
1!
1'
b101110000111 7
#141040000
0!
0'
#141050000
1!
1'
b101110001000 7
#141060000
0!
0'
#141070000
1!
1'
b101110001001 7
#141080000
0!
0'
#141090000
1!
1'
b101110001010 7
#141100000
0!
0'
#141110000
1!
1'
b101110001011 7
#141120000
0!
0'
#141130000
1!
1'
b101110001100 7
#141140000
0!
0'
#141150000
1!
1'
b101110001101 7
#141160000
0!
0'
#141170000
1!
1'
b101110001110 7
#141180000
0!
0'
#141190000
1!
1'
b101110001111 7
#141200000
0!
0'
#141210000
1!
1'
b101110010000 7
#141220000
0!
0'
#141230000
1!
1'
b101110010001 7
#141240000
0!
0'
#141250000
1!
1'
b101110010010 7
#141260000
0!
0'
#141270000
1!
1'
b101110010011 7
#141280000
0!
0'
#141290000
1!
1'
b101110010100 7
#141300000
0!
0'
#141310000
1!
1'
b101110010101 7
#141320000
0!
0'
#141330000
1!
1'
b101110010110 7
#141340000
0!
0'
#141350000
1!
1'
b101110010111 7
#141360000
0!
0'
#141370000
1!
1'
b101110011000 7
#141380000
0!
0'
#141390000
1!
1'
b101110011001 7
#141400000
0!
0'
#141410000
1!
1'
b101110011010 7
#141420000
0!
0'
#141430000
1!
1'
b101110011011 7
#141440000
0!
0'
#141450000
1!
1'
b101110011100 7
#141460000
0!
0'
#141470000
1!
1'
b101110011101 7
#141480000
0!
0'
#141490000
1!
1'
b101110011110 7
#141500000
0!
0'
#141510000
1!
1'
b101110011111 7
#141520000
0!
0'
#141530000
1!
1'
b101110100000 7
#141540000
0!
0'
#141550000
1!
1'
b101110100001 7
#141560000
0!
0'
#141570000
1!
1'
b101110100010 7
#141580000
0!
0'
#141590000
1!
1'
b101110100011 7
#141600000
0!
0'
#141610000
1!
1'
b101110100100 7
#141620000
0!
0'
#141630000
1!
1'
b101110100101 7
#141640000
0!
0'
#141650000
1!
1'
b101110100110 7
#141660000
0!
0'
#141670000
1!
1'
b101110100111 7
#141680000
0!
0'
#141690000
1!
1'
b101110101000 7
#141700000
0!
0'
#141710000
1!
1'
b101110101001 7
#141720000
0!
0'
#141730000
1!
1'
b101110101010 7
#141740000
0!
0'
#141750000
1!
1'
b101110101011 7
#141760000
0!
0'
#141770000
1!
1'
b101110101100 7
#141780000
0!
0'
#141790000
1!
1'
b101110101101 7
#141800000
0!
0'
#141810000
1!
1'
b101110101110 7
#141820000
0!
0'
#141830000
1!
1'
b101110101111 7
#141840000
0!
0'
#141850000
1!
1'
b101110110000 7
#141860000
0!
0'
#141870000
1!
1'
b101110110001 7
#141880000
0!
0'
#141890000
1!
1'
b101110110010 7
#141900000
0!
0'
#141910000
1!
1'
b101110110011 7
#141920000
0!
0'
#141930000
1!
1'
b101110110100 7
#141940000
0!
0'
#141950000
1!
1'
b101110110101 7
#141960000
0!
0'
#141970000
1!
1'
b101110110110 7
#141980000
0!
0'
#141990000
1!
1'
b101110110111 7
#142000000
0!
0'
#142010000
1!
1'
b101110111000 7
#142020000
0!
0'
#142030000
1!
1'
b101110111001 7
#142040000
0!
0'
#142050000
1!
1'
b101110111010 7
#142060000
0!
0'
#142070000
1!
1'
b101110111011 7
#142080000
0!
0'
#142090000
1!
1'
b101110111100 7
#142100000
0!
0'
#142110000
1!
1'
b101110111101 7
#142120000
0!
0'
#142130000
1!
1'
b101110111110 7
#142140000
0!
0'
#142150000
1!
1'
b101110111111 7
#142160000
0!
0'
#142170000
1!
1'
b101111000000 7
#142180000
0!
0'
#142190000
1!
1'
b101111000001 7
#142200000
0!
0'
#142210000
1!
1'
b101111000010 7
#142220000
0!
0'
#142230000
1!
1'
b101111000011 7
#142240000
0!
0'
#142250000
1!
1'
b101111000100 7
#142260000
0!
0'
#142270000
1!
1'
b101111000101 7
#142280000
0!
0'
#142290000
1!
1'
b101111000110 7
#142300000
0!
0'
#142310000
1!
1'
b101111000111 7
#142320000
0!
0'
#142330000
1!
1'
b101111001000 7
#142340000
0!
0'
#142350000
1!
1'
b101111001001 7
#142360000
0!
0'
#142370000
1!
1'
b101111001010 7
#142380000
0!
0'
#142390000
1!
1'
b101111001011 7
#142400000
0!
0'
#142410000
1!
1'
b101111001100 7
#142420000
0!
0'
#142430000
1!
1'
b101111001101 7
#142440000
0!
0'
#142450000
1!
1'
b101111001110 7
#142460000
0!
0'
#142470000
1!
1'
b101111001111 7
#142480000
0!
0'
#142490000
1!
1'
b101111010000 7
#142500000
0!
0'
#142510000
1!
1'
b101111010001 7
#142520000
0!
0'
#142530000
1!
1'
b101111010010 7
#142540000
0!
0'
#142550000
1!
1'
b101111010011 7
#142560000
0!
0'
#142570000
1!
1'
b101111010100 7
#142580000
0!
0'
#142590000
1!
1'
b101111010101 7
#142600000
0!
0'
#142610000
1!
1'
b101111010110 7
#142620000
0!
0'
#142630000
1!
1'
b101111010111 7
#142640000
0!
0'
#142650000
1!
1'
b101111011000 7
#142660000
0!
0'
#142670000
1!
1'
b101111011001 7
#142680000
0!
0'
#142690000
1!
1'
b101111011010 7
#142700000
0!
0'
#142710000
1!
1'
b101111011011 7
#142720000
0!
0'
#142730000
1!
1'
b101111011100 7
#142740000
0!
0'
#142750000
1!
1'
b101111011101 7
#142760000
0!
0'
#142770000
1!
1'
b101111011110 7
#142780000
0!
0'
#142790000
1!
1'
b101111011111 7
#142800000
0!
0'
#142810000
1!
1'
b101111100000 7
#142820000
0!
0'
#142830000
1!
1'
b101111100001 7
#142840000
0!
0'
#142850000
1!
1'
b101111100010 7
#142860000
0!
0'
#142870000
1!
1'
b101111100011 7
#142880000
0!
0'
#142890000
1!
1'
b101111100100 7
#142900000
0!
0'
#142910000
1!
1'
b101111100101 7
#142920000
0!
0'
#142930000
1!
1'
b101111100110 7
#142940000
0!
0'
#142950000
1!
1'
b101111100111 7
#142960000
0!
0'
#142970000
1!
1'
b101111101000 7
#142980000
0!
0'
#142990000
1!
1'
b101111101001 7
#143000000
0!
0'
#143010000
1!
1'
b101111101010 7
#143020000
0!
0'
#143030000
1!
1'
b101111101011 7
#143040000
0!
0'
#143050000
1!
1'
b101111101100 7
#143060000
0!
0'
#143070000
1!
1'
b101111101101 7
#143080000
0!
0'
#143090000
1!
1'
b101111101110 7
#143100000
0!
0'
#143110000
1!
1'
b101111101111 7
#143120000
0!
0'
#143130000
1!
1'
b101111110000 7
#143140000
0!
0'
#143150000
1!
1'
b101111110001 7
#143160000
0!
0'
#143170000
1!
1'
b101111110010 7
#143180000
0!
0'
#143190000
1!
1'
b101111110011 7
#143200000
0!
0'
#143210000
1!
1'
b101111110100 7
#143220000
0!
0'
#143230000
1!
1'
b101111110101 7
#143240000
0!
0'
#143250000
1!
1'
b101111110110 7
#143260000
0!
0'
#143270000
1!
1'
b101111110111 7
#143280000
0!
0'
#143290000
1!
1'
b101111111000 7
#143300000
0!
0'
#143310000
1!
1'
b101111111001 7
#143320000
0!
0'
#143330000
1!
1'
b101111111010 7
#143340000
0!
0'
#143350000
1!
1'
b101111111011 7
#143360000
0!
0'
#143370000
1!
1'
b101111111100 7
#143380000
0!
0'
#143390000
1!
1'
b101111111101 7
#143400000
0!
0'
#143410000
1!
1'
b101111111110 7
#143420000
0!
0'
#143430000
1!
1'
b101111111111 7
#143440000
0!
0'
#143450000
1!
1'
b110000000000 7
#143460000
0!
0'
#143470000
1!
1'
b110000000001 7
#143480000
0!
0'
#143490000
1!
1'
b110000000010 7
#143500000
0!
0'
#143510000
1!
1'
b110000000011 7
#143520000
0!
0'
#143530000
1!
1'
b110000000100 7
#143540000
0!
0'
#143550000
1!
1'
b110000000101 7
#143560000
0!
0'
#143570000
1!
1'
b110000000110 7
#143580000
0!
0'
#143590000
1!
1'
b110000000111 7
#143600000
0!
0'
#143610000
1!
1'
b110000001000 7
#143620000
0!
0'
#143630000
1!
1'
b110000001001 7
#143640000
0!
0'
#143650000
1!
1'
b110000001010 7
#143660000
0!
0'
#143670000
1!
1'
b110000001011 7
#143680000
0!
0'
#143690000
1!
1'
b110000001100 7
#143700000
0!
0'
#143710000
1!
1'
b110000001101 7
#143720000
0!
0'
#143730000
1!
1'
b110000001110 7
#143740000
0!
0'
#143750000
1!
1'
b110000001111 7
#143760000
0!
0'
#143770000
1!
1'
b110000010000 7
#143780000
0!
0'
#143790000
1!
1'
b110000010001 7
#143800000
0!
0'
#143810000
1!
1'
b110000010010 7
#143820000
0!
0'
#143830000
1!
1'
b110000010011 7
#143840000
0!
0'
#143850000
1!
1'
b110000010100 7
#143860000
0!
0'
#143870000
1!
1'
b110000010101 7
#143880000
0!
0'
#143890000
1!
1'
b110000010110 7
#143900000
0!
0'
#143910000
1!
1'
b110000010111 7
#143920000
0!
0'
#143930000
1!
1'
b110000011000 7
#143940000
0!
0'
#143950000
1!
1'
b110000011001 7
#143960000
0!
0'
#143970000
1!
1'
b110000011010 7
#143980000
0!
0'
#143990000
1!
1'
b110000011011 7
#144000000
0!
0'
#144010000
1!
1'
b110000011100 7
#144020000
0!
0'
#144030000
1!
1'
b110000011101 7
#144040000
0!
0'
#144050000
1!
1'
b110000011110 7
#144060000
0!
0'
#144070000
1!
1'
b110000011111 7
#144080000
0!
0'
#144090000
1!
1'
b110000100000 7
#144100000
0!
0'
#144110000
1!
1'
b110000100001 7
#144120000
0!
0'
#144130000
1!
1'
b110000100010 7
#144140000
0!
0'
#144150000
1!
1'
b110000100011 7
#144160000
0!
0'
#144170000
1!
1'
b110000100100 7
#144180000
0!
0'
#144190000
1!
1'
b110000100101 7
#144200000
0!
0'
#144210000
1!
1'
b110000100110 7
#144220000
0!
0'
#144230000
1!
1'
b110000100111 7
#144240000
0!
0'
#144250000
1!
1'
b110000101000 7
#144260000
0!
0'
#144270000
1!
1'
b110000101001 7
#144280000
0!
0'
#144290000
1!
1'
b110000101010 7
#144300000
0!
0'
#144310000
1!
1'
b110000101011 7
#144320000
0!
0'
#144330000
1!
1'
b110000101100 7
#144340000
0!
0'
#144350000
1!
1'
b110000101101 7
#144360000
0!
0'
#144370000
1!
1'
b110000101110 7
#144380000
0!
0'
#144390000
1!
1'
b110000101111 7
#144400000
0!
0'
#144410000
1!
1'
b110000110000 7
#144420000
0!
0'
#144430000
1!
1'
b110000110001 7
#144440000
0!
0'
#144450000
1!
1'
b110000110010 7
#144460000
0!
0'
#144470000
1!
1'
b110000110011 7
#144480000
0!
0'
#144490000
1!
1'
b110000110100 7
#144500000
0!
0'
#144510000
1!
1'
b110000110101 7
#144520000
0!
0'
#144530000
1!
1'
b110000110110 7
#144540000
0!
0'
#144550000
1!
1'
b110000110111 7
#144560000
0!
0'
#144570000
1!
1'
b110000111000 7
#144580000
0!
0'
#144590000
1!
1'
b110000111001 7
#144600000
0!
0'
#144610000
1!
1'
b110000111010 7
#144620000
0!
0'
#144630000
1!
1'
b110000111011 7
#144640000
0!
0'
#144650000
1!
1'
b110000111100 7
#144660000
0!
0'
#144670000
1!
1'
b110000111101 7
#144680000
0!
0'
#144690000
1!
1'
b110000111110 7
#144700000
0!
0'
#144710000
1!
1'
b110000111111 7
#144720000
0!
0'
#144730000
1!
1'
b110001000000 7
#144740000
0!
0'
#144750000
1!
1'
b110001000001 7
#144760000
0!
0'
#144770000
1!
1'
b110001000010 7
#144780000
0!
0'
#144790000
1!
1'
b110001000011 7
#144800000
0!
0'
#144810000
1!
1'
b110001000100 7
#144820000
0!
0'
#144830000
1!
1'
b110001000101 7
#144840000
0!
0'
#144850000
1!
1'
b110001000110 7
#144860000
0!
0'
#144870000
1!
1'
b110001000111 7
#144880000
0!
0'
#144890000
1!
1'
b110001001000 7
#144900000
0!
0'
#144910000
1!
1'
b110001001001 7
#144920000
0!
0'
#144930000
1!
1'
b110001001010 7
#144940000
0!
0'
#144950000
1!
1'
b110001001011 7
#144960000
0!
0'
#144970000
1!
1'
b110001001100 7
#144980000
0!
0'
#144990000
1!
1'
b110001001101 7
#145000000
0!
0'
#145010000
1!
1'
b110001001110 7
#145020000
0!
0'
#145030000
1!
1'
b110001001111 7
#145040000
0!
0'
#145050000
1!
1'
b110001010000 7
#145060000
0!
0'
#145070000
1!
1'
b110001010001 7
#145080000
0!
0'
#145090000
1!
1'
b110001010010 7
#145100000
0!
0'
#145110000
1!
1'
b110001010011 7
#145120000
0!
0'
#145130000
1!
1'
b110001010100 7
#145140000
0!
0'
#145150000
1!
1'
b110001010101 7
#145160000
0!
0'
#145170000
1!
1'
b110001010110 7
#145180000
0!
0'
#145190000
1!
1'
b110001010111 7
#145200000
0!
0'
#145210000
1!
1'
b110001011000 7
#145220000
0!
0'
#145230000
1!
1'
b110001011001 7
#145240000
0!
0'
#145250000
1!
1'
b110001011010 7
#145260000
0!
0'
#145270000
1!
1'
b110001011011 7
#145280000
0!
0'
#145290000
1!
1'
b110001011100 7
#145300000
0!
0'
#145310000
1!
1'
b110001011101 7
#145320000
0!
0'
#145330000
1!
1'
b110001011110 7
#145340000
0!
0'
#145350000
1!
1'
b110001011111 7
#145360000
0!
0'
#145370000
1!
1'
b110001100000 7
#145380000
0!
0'
#145390000
1!
1'
b110001100001 7
#145400000
0!
0'
#145410000
1!
1'
b110001100010 7
#145420000
0!
0'
#145430000
1!
1'
b110001100011 7
#145440000
0!
0'
#145450000
1!
1'
b110001100100 7
#145460000
0!
0'
#145470000
1!
1'
b110001100101 7
#145480000
0!
0'
#145490000
1!
1'
b110001100110 7
#145500000
0!
0'
#145510000
1!
1'
b110001100111 7
#145520000
0!
0'
#145530000
1!
1'
b110001101000 7
#145540000
0!
0'
#145550000
1!
1'
b110001101001 7
#145560000
0!
0'
#145570000
1!
1'
b110001101010 7
#145580000
0!
0'
#145590000
1!
1'
b110001101011 7
#145600000
0!
0'
#145610000
1!
1'
b110001101100 7
#145620000
0!
0'
#145630000
1!
1'
b110001101101 7
#145640000
0!
0'
#145650000
1!
1'
b110001101110 7
#145660000
0!
0'
#145670000
1!
1'
b110001101111 7
#145680000
0!
0'
#145690000
1!
1'
b110001110000 7
#145700000
0!
0'
#145710000
1!
1'
b110001110001 7
#145720000
0!
0'
#145730000
1!
1'
b110001110010 7
#145740000
0!
0'
#145750000
1!
1'
b110001110011 7
#145760000
0!
0'
#145770000
1!
1'
b110001110100 7
#145780000
0!
0'
#145790000
1!
1'
b110001110101 7
#145800000
0!
0'
#145810000
1!
1'
b110001110110 7
#145820000
0!
0'
#145830000
1!
1'
b110001110111 7
#145840000
0!
0'
#145850000
1!
1'
b110001111000 7
#145860000
0!
0'
#145870000
1!
1'
b110001111001 7
#145880000
0!
0'
#145890000
1!
1'
b110001111010 7
#145900000
0!
0'
#145910000
1!
1'
b110001111011 7
#145920000
0!
0'
#145930000
1!
1'
b110001111100 7
#145940000
0!
0'
#145950000
1!
1'
b110001111101 7
#145960000
0!
0'
#145970000
1!
1'
b110001111110 7
#145980000
0!
0'
#145990000
1!
1'
b110001111111 7
#146000000
0!
0'
#146010000
1!
1'
b110010000000 7
#146020000
0!
0'
#146030000
1!
1'
b110010000001 7
#146040000
0!
0'
#146050000
1!
1'
b110010000010 7
#146060000
0!
0'
#146070000
1!
1'
b110010000011 7
#146080000
0!
0'
#146090000
1!
1'
b110010000100 7
#146100000
0!
0'
#146110000
1!
1'
b110010000101 7
#146120000
0!
0'
#146130000
1!
1'
b110010000110 7
#146140000
0!
0'
#146150000
1!
1'
b110010000111 7
#146160000
0!
0'
#146170000
1!
1'
b110010001000 7
#146180000
0!
0'
#146190000
1!
1'
b110010001001 7
#146200000
0!
0'
#146210000
1!
1'
b110010001010 7
#146220000
0!
0'
#146230000
1!
1'
b110010001011 7
#146240000
0!
0'
#146250000
1!
1'
b110010001100 7
#146260000
0!
0'
#146270000
1!
1'
b110010001101 7
#146280000
0!
0'
#146290000
1!
1'
b110010001110 7
#146300000
0!
0'
#146310000
1!
1'
b110010001111 7
#146320000
0!
0'
#146330000
1!
1'
b110010010000 7
#146340000
0!
0'
#146350000
1!
1'
b110010010001 7
#146360000
0!
0'
#146370000
1!
1'
b110010010010 7
#146380000
0!
0'
#146390000
1!
1'
b110010010011 7
#146400000
0!
0'
#146410000
1!
1'
b110010010100 7
#146420000
0!
0'
#146430000
1!
1'
b110010010101 7
#146440000
0!
0'
#146450000
1!
1'
b110010010110 7
#146460000
0!
0'
#146470000
1!
1'
b110010010111 7
#146480000
0!
0'
#146490000
1!
1'
b110010011000 7
#146500000
0!
0'
#146510000
1!
1'
b110010011001 7
#146520000
0!
0'
#146530000
1!
1'
b110010011010 7
#146540000
0!
0'
#146550000
1!
1'
b110010011011 7
#146560000
0!
0'
#146570000
1!
1'
b110010011100 7
#146580000
0!
0'
#146590000
1!
1'
b110010011101 7
#146600000
0!
0'
#146610000
1!
1'
b110010011110 7
#146620000
0!
0'
#146630000
1!
1'
b110010011111 7
#146640000
0!
0'
#146650000
1!
1'
b110010100000 7
#146660000
0!
0'
#146670000
1!
1'
b110010100001 7
#146680000
0!
0'
#146690000
1!
1'
b110010100010 7
#146700000
0!
0'
#146710000
1!
1'
b110010100011 7
#146720000
0!
0'
#146730000
1!
1'
b110010100100 7
#146740000
0!
0'
#146750000
1!
1'
b110010100101 7
#146760000
0!
0'
#146770000
1!
1'
b110010100110 7
#146780000
0!
0'
#146790000
1!
1'
b110010100111 7
#146800000
0!
0'
#146810000
1!
1'
b110010101000 7
#146820000
0!
0'
#146830000
1!
1'
b110010101001 7
#146840000
0!
0'
#146850000
1!
1'
b110010101010 7
#146860000
0!
0'
#146870000
1!
1'
b110010101011 7
#146880000
0!
0'
#146890000
1!
1'
b110010101100 7
#146900000
0!
0'
#146910000
1!
1'
b110010101101 7
#146920000
0!
0'
#146930000
1!
1'
b110010101110 7
#146940000
0!
0'
#146950000
1!
1'
b110010101111 7
#146960000
0!
0'
#146970000
1!
1'
b110010110000 7
#146980000
0!
0'
#146990000
1!
1'
b110010110001 7
#147000000
0!
0'
#147010000
1!
1'
b110010110010 7
#147020000
0!
0'
#147030000
1!
1'
b110010110011 7
#147040000
0!
0'
#147050000
1!
1'
b110010110100 7
#147060000
0!
0'
#147070000
1!
1'
b110010110101 7
#147080000
0!
0'
#147090000
1!
1'
b110010110110 7
#147100000
0!
0'
#147110000
1!
1'
b110010110111 7
#147120000
0!
0'
#147130000
1!
1'
b110010111000 7
#147140000
0!
0'
#147150000
1!
1'
b110010111001 7
#147160000
0!
0'
#147170000
1!
1'
b110010111010 7
#147180000
0!
0'
#147190000
1!
1'
b110010111011 7
#147200000
0!
0'
#147210000
1!
1'
b110010111100 7
#147220000
0!
0'
#147230000
1!
1'
b110010111101 7
#147240000
0!
0'
#147250000
1!
1'
b110010111110 7
#147260000
0!
0'
#147270000
1!
1'
b110010111111 7
#147280000
0!
0'
#147290000
1!
1'
b110011000000 7
#147300000
0!
0'
#147310000
1!
1'
b110011000001 7
#147320000
0!
0'
#147330000
1!
1'
b110011000010 7
#147340000
0!
0'
#147350000
1!
1'
b110011000011 7
#147360000
0!
0'
#147370000
1!
1'
b110011000100 7
#147380000
0!
0'
#147390000
1!
1'
b110011000101 7
#147400000
0!
0'
#147410000
1!
1'
b110011000110 7
#147420000
0!
0'
#147430000
1!
1'
b110011000111 7
#147440000
0!
0'
#147450000
1!
1'
b110011001000 7
#147460000
0!
0'
#147470000
1!
1'
b110011001001 7
#147480000
0!
0'
#147490000
1!
1'
b110011001010 7
#147500000
0!
0'
#147510000
1!
1'
b110011001011 7
#147520000
0!
0'
#147530000
1!
1'
b110011001100 7
#147540000
0!
0'
#147550000
1!
1'
b110011001101 7
#147560000
0!
0'
#147570000
1!
1'
b110011001110 7
#147580000
0!
0'
#147590000
1!
1'
b110011001111 7
#147600000
0!
0'
#147610000
1!
1'
b110011010000 7
#147620000
0!
0'
#147630000
1!
1'
b110011010001 7
#147640000
0!
0'
#147650000
1!
1'
b110011010010 7
#147660000
0!
0'
#147670000
1!
1'
b110011010011 7
#147680000
0!
0'
#147690000
1!
1'
b110011010100 7
#147700000
0!
0'
#147710000
1!
1'
b110011010101 7
#147720000
0!
0'
#147730000
1!
1'
b110011010110 7
#147740000
0!
0'
#147750000
1!
1'
b110011010111 7
#147760000
0!
0'
#147770000
1!
1'
b110011011000 7
#147780000
0!
0'
#147790000
1!
1'
b110011011001 7
#147800000
0!
0'
#147810000
1!
1'
b110011011010 7
#147820000
0!
0'
#147830000
1!
1'
b110011011011 7
#147840000
0!
0'
#147850000
1!
1'
b110011011100 7
#147860000
0!
0'
#147870000
1!
1'
b110011011101 7
#147880000
0!
0'
#147890000
1!
1'
b110011011110 7
#147900000
0!
0'
#147910000
1!
1'
b110011011111 7
#147920000
0!
0'
#147930000
1!
1'
b110011100000 7
#147940000
0!
0'
#147950000
1!
1'
b110011100001 7
#147960000
0!
0'
#147970000
1!
1'
b110011100010 7
#147980000
0!
0'
#147990000
1!
1'
b110011100011 7
#148000000
0!
0'
#148010000
1!
1'
b110011100100 7
#148020000
0!
0'
#148030000
1!
1'
b110011100101 7
#148040000
0!
0'
#148050000
1!
1'
b110011100110 7
#148060000
0!
0'
#148070000
1!
1'
b110011100111 7
#148080000
0!
0'
#148090000
1!
1'
b110011101000 7
#148100000
0!
0'
#148110000
1!
1'
b110011101001 7
#148120000
0!
0'
#148130000
1!
1'
b110011101010 7
#148140000
0!
0'
#148150000
1!
1'
b110011101011 7
#148160000
0!
0'
#148170000
1!
1'
b110011101100 7
#148180000
0!
0'
#148190000
1!
1'
b110011101101 7
#148200000
0!
0'
#148210000
1!
1'
b110011101110 7
#148220000
0!
0'
#148230000
1!
1'
b110011101111 7
#148240000
0!
0'
#148250000
1!
1'
b110011110000 7
#148260000
0!
0'
#148270000
1!
1'
b110011110001 7
#148280000
0!
0'
#148290000
1!
1'
b110011110010 7
#148300000
0!
0'
#148310000
1!
1'
b110011110011 7
#148320000
0!
0'
#148330000
1!
1'
b110011110100 7
#148340000
0!
0'
#148350000
1!
1'
b110011110101 7
#148360000
0!
0'
#148370000
1!
1'
b110011110110 7
#148380000
0!
0'
#148390000
1!
1'
b110011110111 7
#148400000
0!
0'
#148410000
1!
1'
b110011111000 7
#148420000
0!
0'
#148430000
1!
1'
b110011111001 7
#148440000
0!
0'
#148450000
1!
1'
b110011111010 7
#148460000
0!
0'
#148470000
1!
1'
b110011111011 7
#148480000
0!
0'
#148490000
1!
1'
b110011111100 7
#148500000
0!
0'
#148510000
1!
1'
b110011111101 7
#148520000
0!
0'
#148530000
1!
1'
b110011111110 7
#148540000
0!
0'
#148550000
1!
1'
b110011111111 7
#148560000
0!
0'
#148570000
1!
1'
b110100000000 7
#148580000
0!
0'
#148590000
1!
1'
b110100000001 7
#148600000
0!
0'
#148610000
1!
1'
b110100000010 7
#148620000
0!
0'
#148630000
1!
1'
b110100000011 7
#148640000
0!
0'
#148650000
1!
1'
b110100000100 7
#148660000
0!
0'
#148670000
1!
1'
b110100000101 7
#148680000
0!
0'
#148690000
1!
1'
b110100000110 7
#148700000
0!
0'
#148710000
1!
1'
b110100000111 7
#148720000
0!
0'
#148730000
1!
1'
b110100001000 7
#148740000
0!
0'
#148750000
1!
1'
b110100001001 7
#148760000
0!
0'
#148770000
1!
1'
b110100001010 7
#148780000
0!
0'
#148790000
1!
1'
b110100001011 7
#148800000
0!
0'
#148810000
1!
1'
b110100001100 7
#148820000
0!
0'
#148830000
1!
1'
b110100001101 7
#148840000
0!
0'
#148850000
1!
1'
b110100001110 7
#148860000
0!
0'
#148870000
1!
1'
b110100001111 7
#148880000
0!
0'
#148890000
1!
1'
b110100010000 7
#148900000
0!
0'
#148910000
1!
1'
b110100010001 7
#148920000
0!
0'
#148930000
1!
1'
b110100010010 7
#148940000
0!
0'
#148950000
1!
1'
b110100010011 7
#148960000
0!
0'
#148970000
1!
1'
b110100010100 7
#148980000
0!
0'
#148990000
1!
1'
b110100010101 7
#149000000
0!
0'
#149010000
1!
1'
b110100010110 7
#149020000
0!
0'
#149030000
1!
1'
b110100010111 7
#149040000
0!
0'
#149050000
1!
1'
b110100011000 7
#149060000
0!
0'
#149070000
1!
1'
b110100011001 7
#149080000
0!
0'
#149090000
1!
1'
b110100011010 7
#149100000
0!
0'
#149110000
1!
1'
b110100011011 7
#149120000
0!
0'
#149130000
1!
1'
b110100011100 7
#149140000
0!
0'
#149150000
1!
1'
b110100011101 7
#149160000
0!
0'
#149170000
1!
1'
b110100011110 7
#149180000
0!
0'
#149190000
1!
1'
b110100011111 7
#149200000
0!
0'
#149210000
1!
1'
b110100100000 7
#149220000
0!
0'
#149230000
1!
1'
b110100100001 7
#149240000
0!
0'
#149250000
1!
1'
b110100100010 7
#149260000
0!
0'
#149270000
1!
1'
b110100100011 7
#149280000
0!
0'
#149290000
1!
1'
b110100100100 7
#149300000
0!
0'
#149310000
1!
1'
b110100100101 7
#149320000
0!
0'
#149330000
1!
1'
b110100100110 7
#149340000
0!
0'
#149350000
1!
1'
b110100100111 7
#149360000
0!
0'
#149370000
1!
1'
b110100101000 7
#149380000
0!
0'
#149390000
1!
1'
b110100101001 7
#149400000
0!
0'
#149410000
1!
1'
b110100101010 7
#149420000
0!
0'
#149430000
1!
1'
b110100101011 7
#149440000
0!
0'
#149450000
1!
1'
b110100101100 7
#149460000
0!
0'
#149470000
1!
1'
b110100101101 7
#149480000
0!
0'
#149490000
1!
1'
b110100101110 7
#149500000
0!
0'
#149510000
1!
1'
b110100101111 7
#149520000
0!
0'
#149530000
1!
1'
b110100110000 7
#149540000
0!
0'
#149550000
1!
1'
b110100110001 7
#149560000
0!
0'
#149570000
1!
1'
b110100110010 7
#149580000
0!
0'
#149590000
1!
1'
b110100110011 7
#149600000
0!
0'
#149610000
1!
1'
b110100110100 7
#149620000
0!
0'
#149630000
1!
1'
b110100110101 7
#149640000
0!
0'
#149650000
1!
1'
b110100110110 7
#149660000
0!
0'
#149670000
1!
1'
b110100110111 7
#149680000
0!
0'
#149690000
1!
1'
b110100111000 7
#149700000
0!
0'
#149710000
1!
1'
b110100111001 7
#149720000
0!
0'
#149730000
1!
1'
b110100111010 7
#149740000
0!
0'
#149750000
1!
1'
b110100111011 7
#149760000
0!
0'
#149770000
1!
1'
b110100111100 7
#149780000
0!
0'
#149790000
1!
1'
b110100111101 7
#149800000
0!
0'
#149810000
1!
1'
b110100111110 7
#149820000
0!
0'
#149830000
1!
1'
b110100111111 7
#149840000
0!
0'
#149850000
1!
1'
b110101000000 7
#149860000
0!
0'
#149870000
1!
1'
b110101000001 7
#149880000
0!
0'
#149890000
1!
1'
b110101000010 7
#149900000
0!
0'
#149910000
1!
1'
b110101000011 7
#149920000
0!
0'
#149930000
1!
1'
b110101000100 7
#149940000
0!
0'
#149950000
1!
1'
b110101000101 7
#149960000
0!
0'
#149970000
1!
1'
b110101000110 7
#149980000
0!
0'
#149990000
1!
1'
b110101000111 7
#150000000
0!
0'
#150010000
1!
1'
b110101001000 7
#150020000
0!
0'
#150030000
1!
1'
b110101001001 7
#150040000
0!
0'
#150050000
1!
1'
b110101001010 7
#150060000
0!
0'
#150070000
1!
1'
b110101001011 7
#150080000
0!
0'
#150090000
1!
1'
b110101001100 7
#150100000
0!
0'
#150110000
1!
1'
b110101001101 7
#150120000
0!
0'
#150130000
1!
1'
b110101001110 7
#150140000
0!
0'
#150150000
1!
1'
b110101001111 7
#150160000
0!
0'
#150170000
1!
1'
b110101010000 7
#150180000
0!
0'
#150190000
1!
1'
b110101010001 7
#150200000
0!
0'
#150210000
1!
1'
b110101010010 7
#150220000
0!
0'
#150230000
1!
1'
b110101010011 7
#150240000
0!
0'
#150250000
1!
1'
b110101010100 7
#150260000
0!
0'
#150270000
1!
1'
b110101010101 7
#150280000
0!
0'
#150290000
1!
1'
b110101010110 7
#150300000
0!
0'
#150310000
1!
1'
b110101010111 7
#150320000
0!
0'
#150330000
1!
1'
b110101011000 7
#150340000
0!
0'
#150350000
1!
1'
b110101011001 7
#150360000
0!
0'
#150370000
1!
1'
b110101011010 7
#150380000
0!
0'
#150390000
1!
1'
b110101011011 7
#150400000
0!
0'
#150410000
1!
1'
b110101011100 7
#150420000
0!
0'
#150430000
1!
1'
b110101011101 7
#150440000
0!
0'
#150450000
1!
1'
b110101011110 7
#150460000
0!
0'
#150470000
1!
1'
b110101011111 7
#150480000
0!
0'
#150490000
1!
1'
b110101100000 7
#150500000
0!
0'
#150510000
1!
1'
b110101100001 7
#150520000
0!
0'
#150530000
1!
1'
b110101100010 7
#150540000
0!
0'
#150550000
1!
1'
b110101100011 7
#150560000
0!
0'
#150570000
1!
1'
b110101100100 7
#150580000
0!
0'
#150590000
1!
1'
b110101100101 7
#150600000
0!
0'
#150610000
1!
1'
b110101100110 7
#150620000
0!
0'
#150630000
1!
1'
b110101100111 7
#150640000
0!
0'
#150650000
1!
1'
b110101101000 7
#150660000
0!
0'
#150670000
1!
1'
b110101101001 7
#150680000
0!
0'
#150690000
1!
1'
b110101101010 7
#150700000
0!
0'
#150710000
1!
1'
b110101101011 7
#150720000
0!
0'
#150730000
1!
1'
b110101101100 7
#150740000
0!
0'
#150750000
1!
1'
b110101101101 7
#150760000
0!
0'
#150770000
1!
1'
b110101101110 7
#150780000
0!
0'
#150790000
1!
1'
b110101101111 7
#150800000
0!
0'
#150810000
1!
1'
b110101110000 7
#150820000
0!
0'
#150830000
1!
1'
b110101110001 7
#150840000
0!
0'
#150850000
1!
1'
b110101110010 7
#150860000
0!
0'
#150870000
1!
1'
b110101110011 7
#150880000
0!
0'
#150890000
1!
1'
b110101110100 7
#150900000
0!
0'
#150910000
1!
1'
b110101110101 7
#150920000
0!
0'
#150930000
1!
1'
b110101110110 7
#150940000
0!
0'
#150950000
1!
1'
b110101110111 7
#150960000
0!
0'
#150970000
1!
1'
b110101111000 7
#150980000
0!
0'
#150990000
1!
1'
b110101111001 7
#151000000
0!
0'
#151010000
1!
1'
b110101111010 7
#151020000
0!
0'
#151030000
1!
1'
b110101111011 7
#151040000
0!
0'
#151050000
1!
1'
b110101111100 7
#151060000
0!
0'
#151070000
1!
1'
b110101111101 7
#151080000
0!
0'
#151090000
1!
1'
b110101111110 7
#151100000
0!
0'
#151110000
1!
1'
b110101111111 7
#151120000
0!
0'
#151130000
1!
1'
b110110000000 7
#151140000
0!
0'
#151150000
1!
1'
b110110000001 7
#151160000
0!
0'
#151170000
1!
1'
b110110000010 7
#151180000
0!
0'
#151190000
1!
1'
b110110000011 7
#151200000
0!
0'
#151210000
1!
1'
b110110000100 7
#151220000
0!
0'
#151230000
1!
1'
b110110000101 7
#151240000
0!
0'
#151250000
1!
1'
b110110000110 7
#151260000
0!
0'
#151270000
1!
1'
b110110000111 7
#151280000
0!
0'
#151290000
1!
1'
b110110001000 7
#151300000
0!
0'
#151310000
1!
1'
b110110001001 7
#151320000
0!
0'
#151330000
1!
1'
b110110001010 7
#151340000
0!
0'
#151350000
1!
1'
b110110001011 7
#151360000
0!
0'
#151370000
1!
1'
b110110001100 7
#151380000
0!
0'
#151390000
1!
1'
b110110001101 7
#151400000
0!
0'
#151410000
1!
1'
b110110001110 7
#151420000
0!
0'
#151430000
1!
1'
b110110001111 7
#151440000
0!
0'
#151450000
1!
1'
b110110010000 7
#151460000
0!
0'
#151470000
1!
1'
b110110010001 7
#151480000
0!
0'
#151490000
1!
1'
b110110010010 7
#151500000
0!
0'
#151510000
1!
1'
b110110010011 7
#151520000
0!
0'
#151530000
1!
1'
b110110010100 7
#151540000
0!
0'
#151550000
1!
1'
b110110010101 7
#151560000
0!
0'
#151570000
1!
1'
b110110010110 7
#151580000
0!
0'
#151590000
1!
1'
b110110010111 7
#151600000
0!
0'
#151610000
1!
1'
b110110011000 7
#151620000
0!
0'
#151630000
1!
1'
b110110011001 7
#151640000
0!
0'
#151650000
1!
1'
b110110011010 7
#151660000
0!
0'
#151670000
1!
1'
b110110011011 7
#151680000
0!
0'
#151690000
1!
1'
b110110011100 7
#151700000
0!
0'
#151710000
1!
1'
b110110011101 7
#151720000
0!
0'
#151730000
1!
1'
b110110011110 7
#151740000
0!
0'
#151750000
1!
1'
b110110011111 7
#151760000
0!
0'
#151770000
1!
1'
b110110100000 7
#151780000
0!
0'
#151790000
1!
1'
b110110100001 7
#151800000
0!
0'
#151810000
1!
1'
b110110100010 7
#151820000
0!
0'
#151830000
1!
1'
b110110100011 7
#151840000
0!
0'
#151850000
1!
1'
b110110100100 7
#151860000
0!
0'
#151870000
1!
1'
b110110100101 7
#151880000
0!
0'
#151890000
1!
1'
b110110100110 7
#151900000
0!
0'
#151910000
1!
1'
b110110100111 7
#151920000
0!
0'
#151930000
1!
1'
b110110101000 7
#151940000
0!
0'
#151950000
1!
1'
b110110101001 7
#151960000
0!
0'
#151970000
1!
1'
b110110101010 7
#151980000
0!
0'
#151990000
1!
1'
b110110101011 7
#152000000
0!
0'
#152010000
1!
1'
b110110101100 7
#152020000
0!
0'
#152030000
1!
1'
b110110101101 7
#152040000
0!
0'
#152050000
1!
1'
b110110101110 7
#152060000
0!
0'
#152070000
1!
1'
b110110101111 7
#152080000
0!
0'
#152090000
1!
1'
b110110110000 7
#152100000
0!
0'
#152110000
1!
1'
b110110110001 7
#152120000
0!
0'
#152130000
1!
1'
b110110110010 7
#152140000
0!
0'
#152150000
1!
1'
b110110110011 7
#152160000
0!
0'
#152170000
1!
1'
b110110110100 7
#152180000
0!
0'
#152190000
1!
1'
b110110110101 7
#152200000
0!
0'
#152210000
1!
1'
b110110110110 7
#152220000
0!
0'
#152230000
1!
1'
b110110110111 7
#152240000
0!
0'
#152250000
1!
1'
b110110111000 7
#152260000
0!
0'
#152270000
1!
1'
b110110111001 7
#152280000
0!
0'
#152290000
1!
1'
b110110111010 7
#152300000
0!
0'
#152310000
1!
1'
b110110111011 7
#152320000
0!
0'
#152330000
1!
1'
b110110111100 7
#152340000
0!
0'
#152350000
1!
1'
b110110111101 7
#152360000
0!
0'
#152370000
1!
1'
b110110111110 7
#152380000
0!
0'
#152390000
1!
1'
b110110111111 7
#152400000
0!
0'
#152410000
1!
1'
b110111000000 7
#152420000
0!
0'
#152430000
1!
1'
b110111000001 7
#152440000
0!
0'
#152450000
1!
1'
b110111000010 7
#152460000
0!
0'
#152470000
1!
1'
b110111000011 7
#152480000
0!
0'
#152490000
1!
1'
b110111000100 7
#152500000
0!
0'
#152510000
1!
1'
b110111000101 7
#152520000
0!
0'
#152530000
1!
1'
b110111000110 7
#152540000
0!
0'
#152550000
1!
1'
b110111000111 7
#152560000
0!
0'
#152570000
1!
1'
b110111001000 7
#152580000
0!
0'
#152590000
1!
1'
b110111001001 7
#152600000
0!
0'
#152610000
1!
1'
b110111001010 7
#152620000
0!
0'
#152630000
1!
1'
b110111001011 7
#152640000
0!
0'
#152650000
1!
1'
b110111001100 7
#152660000
0!
0'
#152670000
1!
1'
b110111001101 7
#152680000
0!
0'
#152690000
1!
1'
b110111001110 7
#152700000
0!
0'
#152710000
1!
1'
b110111001111 7
#152720000
0!
0'
#152730000
1!
1'
b110111010000 7
#152740000
0!
0'
#152750000
1!
1'
b110111010001 7
#152760000
0!
0'
#152770000
1!
1'
b110111010010 7
#152780000
0!
0'
#152790000
1!
1'
b110111010011 7
#152800000
0!
0'
#152810000
1!
1'
b110111010100 7
#152820000
0!
0'
#152830000
1!
1'
b110111010101 7
#152840000
0!
0'
#152850000
1!
1'
b110111010110 7
#152860000
0!
0'
#152870000
1!
1'
b110111010111 7
#152880000
0!
0'
#152890000
1!
1'
b110111011000 7
#152900000
0!
0'
#152910000
1!
1'
b110111011001 7
#152920000
0!
0'
#152930000
1!
1'
b110111011010 7
#152940000
0!
0'
#152950000
1!
1'
b110111011011 7
#152960000
0!
0'
#152970000
1!
1'
b110111011100 7
#152980000
0!
0'
#152990000
1!
1'
b110111011101 7
#153000000
0!
0'
#153010000
1!
1'
b110111011110 7
#153020000
0!
0'
#153030000
1!
1'
b110111011111 7
#153040000
0!
0'
#153050000
1!
1'
b110111100000 7
#153060000
0!
0'
#153070000
1!
1'
b110111100001 7
#153080000
0!
0'
#153090000
1!
1'
b110111100010 7
#153100000
0!
0'
#153110000
1!
1'
b110111100011 7
#153120000
0!
0'
#153130000
1!
1'
b110111100100 7
#153140000
0!
0'
#153150000
1!
1'
b110111100101 7
#153160000
0!
0'
#153170000
1!
1'
b110111100110 7
#153180000
0!
0'
#153190000
1!
1'
b110111100111 7
#153200000
0!
0'
#153210000
1!
1'
b110111101000 7
#153220000
0!
0'
#153230000
1!
1'
b110111101001 7
#153240000
0!
0'
#153250000
1!
1'
b110111101010 7
#153260000
0!
0'
#153270000
1!
1'
b110111101011 7
#153280000
0!
0'
#153290000
1!
1'
b110111101100 7
#153300000
0!
0'
#153310000
1!
1'
b110111101101 7
#153320000
0!
0'
#153330000
1!
1'
b110111101110 7
#153340000
0!
0'
#153350000
1!
1'
b110111101111 7
#153360000
0!
0'
#153370000
1!
1'
b110111110000 7
#153380000
0!
0'
#153390000
1!
1'
b110111110001 7
#153400000
0!
0'
#153410000
1!
1'
b110111110010 7
#153420000
0!
0'
#153430000
1!
1'
b110111110011 7
#153440000
0!
0'
#153450000
1!
1'
b110111110100 7
#153460000
0!
0'
#153470000
1!
1'
b110111110101 7
#153480000
0!
0'
#153490000
1!
1'
b110111110110 7
#153500000
0!
0'
#153510000
1!
1'
b110111110111 7
#153520000
0!
0'
#153530000
1!
1'
b110111111000 7
#153540000
0!
0'
#153550000
1!
1'
b110111111001 7
#153560000
0!
0'
#153570000
1!
1'
b110111111010 7
#153580000
0!
0'
#153590000
1!
1'
b110111111011 7
#153600000
0!
0'
#153610000
1!
1'
b110111111100 7
#153620000
0!
0'
#153630000
1!
1'
b110111111101 7
#153640000
0!
0'
#153650000
1!
1'
b110111111110 7
#153660000
0!
0'
#153670000
1!
1'
b110111111111 7
#153680000
0!
0'
#153690000
1!
1'
b111000000000 7
#153700000
0!
0'
#153710000
1!
1'
b111000000001 7
#153720000
0!
0'
#153730000
1!
1'
b111000000010 7
#153740000
0!
0'
#153750000
1!
1'
b111000000011 7
#153760000
0!
0'
#153770000
1!
1'
b111000000100 7
#153780000
0!
0'
#153790000
1!
1'
b111000000101 7
#153800000
0!
0'
#153810000
1!
1'
b111000000110 7
#153820000
0!
0'
#153830000
1!
1'
b111000000111 7
#153840000
0!
0'
#153850000
1!
1'
b111000001000 7
#153860000
0!
0'
#153870000
1!
1'
b111000001001 7
#153880000
0!
0'
#153890000
1!
1'
b111000001010 7
#153900000
0!
0'
#153910000
1!
1'
b111000001011 7
#153920000
0!
0'
#153930000
1!
1'
b111000001100 7
#153940000
0!
0'
#153950000
1!
1'
b111000001101 7
#153960000
0!
0'
#153970000
1!
1'
b111000001110 7
#153980000
0!
0'
#153990000
1!
1'
b111000001111 7
#154000000
0!
0'
#154010000
1!
1'
b111000010000 7
#154020000
0!
0'
#154030000
1!
1'
b111000010001 7
#154040000
0!
0'
#154050000
1!
1'
b111000010010 7
#154060000
0!
0'
#154070000
1!
1'
b111000010011 7
#154080000
0!
0'
#154090000
1!
1'
b111000010100 7
#154100000
0!
0'
#154110000
1!
1'
b111000010101 7
#154120000
0!
0'
#154130000
1!
1'
b111000010110 7
#154140000
0!
0'
#154150000
1!
1'
b111000010111 7
#154160000
0!
0'
#154170000
1!
1'
b111000011000 7
#154180000
0!
0'
#154190000
1!
1'
b111000011001 7
#154200000
0!
0'
#154210000
1!
1'
b111000011010 7
#154220000
0!
0'
#154230000
1!
1'
b111000011011 7
#154240000
0!
0'
#154250000
1!
1'
b111000011100 7
#154260000
0!
0'
#154270000
1!
1'
b111000011101 7
#154280000
0!
0'
#154290000
1!
1'
b111000011110 7
#154300000
0!
0'
#154310000
1!
1'
b111000011111 7
#154320000
0!
0'
#154330000
1!
1'
b111000100000 7
#154340000
0!
0'
#154350000
1!
1'
b111000100001 7
#154360000
0!
0'
#154370000
1!
1'
b111000100010 7
#154380000
0!
0'
#154390000
1!
1'
b111000100011 7
#154400000
0!
0'
#154410000
1!
1'
b111000100100 7
#154420000
0!
0'
#154430000
1!
1'
b111000100101 7
#154440000
0!
0'
#154450000
1!
1'
b111000100110 7
#154460000
0!
0'
#154470000
1!
1'
b111000100111 7
#154480000
0!
0'
#154490000
1!
1'
b111000101000 7
#154500000
0!
0'
#154510000
1!
1'
b111000101001 7
#154520000
0!
0'
#154530000
1!
1'
b111000101010 7
#154540000
0!
0'
#154550000
1!
1'
b111000101011 7
#154560000
0!
0'
#154570000
1!
1'
b111000101100 7
#154580000
0!
0'
#154590000
1!
1'
b111000101101 7
#154600000
0!
0'
#154610000
1!
1'
b111000101110 7
#154620000
0!
0'
#154630000
1!
1'
b111000101111 7
#154640000
0!
0'
#154650000
1!
1'
b111000110000 7
#154660000
0!
0'
#154670000
1!
1'
b111000110001 7
#154680000
0!
0'
#154690000
1!
1'
b111000110010 7
#154700000
0!
0'
#154710000
1!
1'
b111000110011 7
#154720000
0!
0'
#154730000
1!
1'
b111000110100 7
#154740000
0!
0'
#154750000
1!
1'
b111000110101 7
#154760000
0!
0'
#154770000
1!
1'
b111000110110 7
#154780000
0!
0'
#154790000
1!
1'
b111000110111 7
#154800000
0!
0'
#154810000
1!
1'
b111000111000 7
#154820000
0!
0'
#154830000
1!
1'
b111000111001 7
#154840000
0!
0'
#154850000
1!
1'
b111000111010 7
#154860000
0!
0'
#154870000
1!
1'
b111000111011 7
#154880000
0!
0'
#154890000
1!
1'
b111000111100 7
#154900000
0!
0'
#154910000
1!
1'
b111000111101 7
#154920000
0!
0'
#154930000
1!
1'
b111000111110 7
#154940000
0!
0'
#154950000
1!
1'
b111000111111 7
#154960000
0!
0'
#154970000
1!
1'
b111001000000 7
#154980000
0!
0'
#154990000
1!
1'
b111001000001 7
#155000000
0!
0'
#155010000
1!
1'
b111001000010 7
#155020000
0!
0'
#155030000
1!
1'
b111001000011 7
#155040000
0!
0'
#155050000
1!
1'
b111001000100 7
#155060000
0!
0'
#155070000
1!
1'
b111001000101 7
#155080000
0!
0'
#155090000
1!
1'
b111001000110 7
#155100000
0!
0'
#155110000
1!
1'
b111001000111 7
#155120000
0!
0'
#155130000
1!
1'
b111001001000 7
#155140000
0!
0'
#155150000
1!
1'
b111001001001 7
#155160000
0!
0'
#155170000
1!
1'
b111001001010 7
#155180000
0!
0'
#155190000
1!
1'
b111001001011 7
#155200000
0!
0'
#155210000
1!
1'
b111001001100 7
#155220000
0!
0'
#155230000
1!
1'
b111001001101 7
#155240000
0!
0'
#155250000
1!
1'
b111001001110 7
#155260000
0!
0'
#155270000
1!
1'
b111001001111 7
#155280000
0!
0'
#155290000
1!
1'
b111001010000 7
#155300000
0!
0'
#155310000
1!
1'
b111001010001 7
#155320000
0!
0'
#155330000
1!
1'
b111001010010 7
#155340000
0!
0'
#155350000
1!
1'
b111001010011 7
#155360000
0!
0'
#155370000
1!
1'
b111001010100 7
#155380000
0!
0'
#155390000
1!
1'
b111001010101 7
#155400000
0!
0'
#155410000
1!
1'
b111001010110 7
#155420000
0!
0'
#155430000
1!
1'
b111001010111 7
#155440000
0!
0'
#155450000
1!
1'
b111001011000 7
#155460000
0!
0'
#155470000
1!
1'
b111001011001 7
#155480000
0!
0'
#155490000
1!
1'
b111001011010 7
#155500000
0!
0'
#155510000
1!
1'
b111001011011 7
#155520000
0!
0'
#155530000
1!
1'
b111001011100 7
#155540000
0!
0'
#155550000
1!
1'
b111001011101 7
#155560000
0!
0'
#155570000
1!
1'
b111001011110 7
#155580000
0!
0'
#155590000
1!
1'
b111001011111 7
#155600000
0!
0'
#155610000
1!
1'
b111001100000 7
#155620000
0!
0'
#155630000
1!
1'
b111001100001 7
#155640000
0!
0'
#155650000
1!
1'
b111001100010 7
#155660000
0!
0'
#155670000
1!
1'
b111001100011 7
#155680000
0!
0'
#155690000
1!
1'
b111001100100 7
#155700000
0!
0'
#155710000
1!
1'
b111001100101 7
#155720000
0!
0'
#155730000
1!
1'
b111001100110 7
#155740000
0!
0'
#155750000
1!
1'
b111001100111 7
#155760000
0!
0'
#155770000
1!
1'
b111001101000 7
#155780000
0!
0'
#155790000
1!
1'
b111001101001 7
#155800000
0!
0'
#155810000
1!
1'
b111001101010 7
#155820000
0!
0'
#155830000
1!
1'
b111001101011 7
#155840000
0!
0'
#155850000
1!
1'
b111001101100 7
#155860000
0!
0'
#155870000
1!
1'
b111001101101 7
#155880000
0!
0'
#155890000
1!
1'
b111001101110 7
#155900000
0!
0'
#155910000
1!
1'
b111001101111 7
#155920000
0!
0'
#155930000
1!
1'
b111001110000 7
#155940000
0!
0'
#155950000
1!
1'
b111001110001 7
#155960000
0!
0'
#155970000
1!
1'
b111001110010 7
#155980000
0!
0'
#155990000
1!
1'
b111001110011 7
#156000000
0!
0'
#156010000
1!
1'
b111001110100 7
#156020000
0!
0'
#156030000
1!
1'
b111001110101 7
#156040000
0!
0'
#156050000
1!
1'
b111001110110 7
#156060000
0!
0'
#156070000
1!
1'
b111001110111 7
#156080000
0!
0'
#156090000
1!
1'
b111001111000 7
#156100000
0!
0'
#156110000
1!
1'
b111001111001 7
#156120000
0!
0'
#156130000
1!
1'
b111001111010 7
#156140000
0!
0'
#156150000
1!
1'
b111001111011 7
#156160000
0!
0'
#156170000
1!
1'
b111001111100 7
#156180000
0!
0'
#156190000
1!
1'
b111001111101 7
#156200000
0!
0'
#156210000
1!
1'
b111001111110 7
#156220000
0!
0'
#156230000
1!
1'
b111001111111 7
#156240000
0!
0'
#156250000
1!
1'
b111010000000 7
#156260000
0!
0'
#156270000
1!
1'
b111010000001 7
#156280000
0!
0'
#156290000
1!
1'
b111010000010 7
#156300000
0!
0'
#156310000
1!
1'
b111010000011 7
#156320000
0!
0'
#156330000
1!
1'
b111010000100 7
#156340000
0!
0'
#156350000
1!
1'
b111010000101 7
#156360000
0!
0'
#156370000
1!
1'
b111010000110 7
#156380000
0!
0'
#156390000
1!
1'
b111010000111 7
#156400000
0!
0'
#156410000
1!
1'
b111010001000 7
#156420000
0!
0'
#156430000
1!
1'
b111010001001 7
#156440000
0!
0'
#156450000
1!
1'
b111010001010 7
#156460000
0!
0'
#156470000
1!
1'
b111010001011 7
#156480000
0!
0'
#156490000
1!
1'
b111010001100 7
#156500000
0!
0'
#156510000
1!
1'
b111010001101 7
#156520000
0!
0'
#156530000
1!
1'
b111010001110 7
#156540000
0!
0'
#156550000
1!
1'
b111010001111 7
#156560000
0!
0'
#156570000
1!
1'
b111010010000 7
#156580000
0!
0'
#156590000
1!
1'
b111010010001 7
#156600000
0!
0'
#156610000
1!
1'
b111010010010 7
#156620000
0!
0'
#156630000
1!
1'
b111010010011 7
#156640000
0!
0'
#156650000
1!
1'
b111010010100 7
#156660000
0!
0'
#156670000
1!
1'
b111010010101 7
#156680000
0!
0'
#156690000
1!
1'
b111010010110 7
#156700000
0!
0'
#156710000
1!
1'
b111010010111 7
#156720000
0!
0'
#156730000
1!
1'
b111010011000 7
#156740000
0!
0'
#156750000
1!
1'
b111010011001 7
#156760000
0!
0'
#156770000
1!
1'
b111010011010 7
#156780000
0!
0'
#156790000
1!
1'
b111010011011 7
#156800000
0!
0'
#156810000
1!
1'
b111010011100 7
#156820000
0!
0'
#156830000
1!
1'
b111010011101 7
#156840000
0!
0'
#156850000
1!
1'
b111010011110 7
#156860000
0!
0'
#156870000
1!
1'
b111010011111 7
#156880000
0!
0'
#156890000
1!
1'
b111010100000 7
#156900000
0!
0'
#156910000
1!
1'
b111010100001 7
#156920000
0!
0'
#156930000
1!
1'
b111010100010 7
#156940000
0!
0'
#156950000
1!
1'
b111010100011 7
#156960000
0!
0'
#156970000
1!
1'
b111010100100 7
#156980000
0!
0'
#156990000
1!
1'
b111010100101 7
#157000000
0!
0'
#157010000
1!
1'
b111010100110 7
#157020000
0!
0'
#157030000
1!
1'
b111010100111 7
#157040000
0!
0'
#157050000
1!
1'
b111010101000 7
#157060000
0!
0'
#157070000
1!
1'
b111010101001 7
#157080000
0!
0'
#157090000
1!
1'
b111010101010 7
#157100000
0!
0'
#157110000
1!
1'
b111010101011 7
#157120000
0!
0'
#157130000
1!
1'
b111010101100 7
#157140000
0!
0'
#157150000
1!
1'
b111010101101 7
#157160000
0!
0'
#157170000
1!
1'
b111010101110 7
#157180000
0!
0'
#157190000
1!
1'
b111010101111 7
#157200000
0!
0'
#157210000
1!
1'
b111010110000 7
#157220000
0!
0'
#157230000
1!
1'
b111010110001 7
#157240000
0!
0'
#157250000
1!
1'
b111010110010 7
#157260000
0!
0'
#157270000
1!
1'
b111010110011 7
#157280000
0!
0'
#157290000
1!
1'
b111010110100 7
#157300000
0!
0'
#157310000
1!
1'
b111010110101 7
#157320000
0!
0'
#157330000
1!
1'
b111010110110 7
#157340000
0!
0'
#157350000
1!
1'
b111010110111 7
#157360000
0!
0'
#157370000
1!
1'
b111010111000 7
#157380000
0!
0'
#157390000
1!
1'
b111010111001 7
#157400000
0!
0'
#157410000
1!
1'
b111010111010 7
#157420000
0!
0'
#157430000
1!
1'
b111010111011 7
#157440000
0!
0'
#157450000
1!
1'
b111010111100 7
#157460000
0!
0'
#157470000
1!
1'
b111010111101 7
#157480000
0!
0'
#157490000
1!
1'
b111010111110 7
#157500000
0!
0'
#157510000
1!
1'
b111010111111 7
#157520000
0!
0'
#157530000
1!
1'
b111011000000 7
#157540000
0!
0'
#157550000
1!
1'
b111011000001 7
#157560000
0!
0'
#157570000
1!
1'
b111011000010 7
#157580000
0!
0'
#157590000
1!
1'
b111011000011 7
#157600000
0!
0'
#157610000
1!
1'
b111011000100 7
#157620000
0!
0'
#157630000
1!
1'
b111011000101 7
#157640000
0!
0'
#157650000
1!
1'
b111011000110 7
#157660000
0!
0'
#157670000
1!
1'
b111011000111 7
#157680000
0!
0'
#157690000
1!
1'
b111011001000 7
#157700000
0!
0'
#157710000
1!
1'
b111011001001 7
#157720000
0!
0'
#157730000
1!
1'
b111011001010 7
#157740000
0!
0'
#157750000
1!
1'
b111011001011 7
#157760000
0!
0'
#157770000
1!
1'
b111011001100 7
#157780000
0!
0'
#157790000
1!
1'
b111011001101 7
#157800000
0!
0'
#157810000
1!
1'
b111011001110 7
#157820000
0!
0'
#157830000
1!
1'
b111011001111 7
#157840000
0!
0'
#157850000
1!
1'
b111011010000 7
#157860000
0!
0'
#157870000
1!
1'
b111011010001 7
#157880000
0!
0'
#157890000
1!
1'
b111011010010 7
#157900000
0!
0'
#157910000
1!
1'
b111011010011 7
#157920000
0!
0'
#157930000
1!
1'
b111011010100 7
#157940000
0!
0'
#157950000
1!
1'
b111011010101 7
#157960000
0!
0'
#157970000
1!
1'
b111011010110 7
#157980000
0!
0'
#157990000
1!
1'
b111011010111 7
#158000000
0!
0'
#158010000
1!
1'
b111011011000 7
#158020000
0!
0'
#158030000
1!
1'
b111011011001 7
#158040000
0!
0'
#158050000
1!
1'
b111011011010 7
#158060000
0!
0'
#158070000
1!
1'
b111011011011 7
#158080000
0!
0'
#158090000
1!
1'
b111011011100 7
#158100000
0!
0'
#158110000
1!
1'
b111011011101 7
#158120000
0!
0'
#158130000
1!
1'
b111011011110 7
#158140000
0!
0'
#158150000
1!
1'
b111011011111 7
#158160000
0!
0'
#158170000
1!
1'
b111011100000 7
#158180000
0!
0'
#158190000
1!
1'
b111011100001 7
#158200000
0!
0'
#158210000
1!
1'
b111011100010 7
#158220000
0!
0'
#158230000
1!
1'
b111011100011 7
#158240000
0!
0'
#158250000
1!
1'
b111011100100 7
#158260000
0!
0'
#158270000
1!
1'
b111011100101 7
#158280000
0!
0'
#158290000
1!
1'
b111011100110 7
#158300000
0!
0'
#158310000
1!
1'
b111011100111 7
#158320000
0!
0'
#158330000
1!
1'
b111011101000 7
#158340000
0!
0'
#158350000
1!
1'
b111011101001 7
#158360000
0!
0'
#158370000
1!
1'
b111011101010 7
#158380000
0!
0'
#158390000
1!
1'
b111011101011 7
#158400000
0!
0'
#158410000
1!
1'
b111011101100 7
#158420000
0!
0'
#158430000
1!
1'
b111011101101 7
#158440000
0!
0'
#158450000
1!
1'
b111011101110 7
#158460000
0!
0'
#158470000
1!
1'
b111011101111 7
#158480000
0!
0'
#158490000
1!
1'
b111011110000 7
#158500000
0!
0'
#158510000
1!
1'
b111011110001 7
#158520000
0!
0'
#158530000
1!
1'
b111011110010 7
#158540000
0!
0'
#158550000
1!
1'
b111011110011 7
#158560000
0!
0'
#158570000
1!
1'
b111011110100 7
#158580000
0!
0'
#158590000
1!
1'
b111011110101 7
#158600000
0!
0'
#158610000
1!
1'
b111011110110 7
#158620000
0!
0'
#158630000
1!
1'
b111011110111 7
#158640000
0!
0'
#158650000
1!
1'
b111011111000 7
#158660000
0!
0'
#158670000
1!
1'
b111011111001 7
#158680000
0!
0'
#158690000
1!
1'
b111011111010 7
#158700000
0!
0'
#158710000
1!
1'
b111011111011 7
#158720000
0!
0'
#158730000
1!
1'
b111011111100 7
#158740000
0!
0'
#158750000
1!
1'
b111011111101 7
#158760000
0!
0'
#158770000
1!
1'
b111011111110 7
#158780000
0!
0'
#158790000
1!
1'
b111011111111 7
#158800000
0!
0'
#158810000
1!
1'
b111100000000 7
#158820000
0!
0'
#158830000
1!
1'
b111100000001 7
#158840000
0!
0'
#158850000
1!
1'
b111100000010 7
#158860000
0!
0'
#158870000
1!
1'
b111100000011 7
#158880000
0!
0'
#158890000
1!
1'
b111100000100 7
#158900000
0!
0'
#158910000
1!
1'
b111100000101 7
#158920000
0!
0'
#158930000
1!
1'
b111100000110 7
#158940000
0!
0'
#158950000
1!
1'
b111100000111 7
#158960000
0!
0'
#158970000
1!
1'
b111100001000 7
#158980000
0!
0'
#158990000
1!
1'
b111100001001 7
#159000000
0!
0'
#159010000
1!
1'
b111100001010 7
#159020000
0!
0'
#159030000
1!
1'
b111100001011 7
#159040000
0!
0'
#159050000
1!
1'
b111100001100 7
#159060000
0!
0'
#159070000
1!
1'
b111100001101 7
#159080000
0!
0'
#159090000
1!
1'
b111100001110 7
#159100000
0!
0'
#159110000
1!
1'
b111100001111 7
#159120000
0!
0'
#159130000
1!
1'
b111100010000 7
#159140000
0!
0'
#159150000
1!
1'
b111100010001 7
#159160000
0!
0'
#159170000
1!
1'
b111100010010 7
#159180000
0!
0'
#159190000
1!
1'
b111100010011 7
#159200000
0!
0'
#159210000
1!
1'
b111100010100 7
#159220000
0!
0'
#159230000
1!
1'
b111100010101 7
#159240000
0!
0'
#159250000
1!
1'
b111100010110 7
#159260000
0!
0'
#159270000
1!
1'
b111100010111 7
#159280000
0!
0'
#159290000
1!
1'
b111100011000 7
#159300000
0!
0'
#159310000
1!
1'
b111100011001 7
#159320000
0!
0'
#159330000
1!
1'
b111100011010 7
#159340000
0!
0'
#159350000
1!
1'
b111100011011 7
#159360000
0!
0'
#159370000
1!
1'
b111100011100 7
#159380000
0!
0'
#159390000
1!
1'
b111100011101 7
#159400000
0!
0'
#159410000
1!
1'
b111100011110 7
#159420000
0!
0'
#159430000
1!
1'
b111100011111 7
#159440000
0!
0'
#159450000
1!
1'
b111100100000 7
#159460000
0!
0'
#159470000
1!
1'
b111100100001 7
#159480000
0!
0'
#159490000
1!
1'
b111100100010 7
#159500000
0!
0'
#159510000
1!
1'
b111100100011 7
#159520000
0!
0'
#159530000
1!
1'
b111100100100 7
#159540000
0!
0'
#159550000
1!
1'
b111100100101 7
#159560000
0!
0'
#159570000
1!
1'
b111100100110 7
#159580000
0!
0'
#159590000
1!
1'
b111100100111 7
#159600000
0!
0'
#159610000
1!
1'
b111100101000 7
#159620000
0!
0'
#159630000
1!
1'
b111100101001 7
#159640000
0!
0'
#159650000
1!
1'
b111100101010 7
#159660000
0!
0'
#159670000
1!
1'
b111100101011 7
#159680000
0!
0'
#159690000
1!
1'
b111100101100 7
#159700000
0!
0'
#159710000
1!
1'
b111100101101 7
#159720000
0!
0'
#159730000
1!
1'
b111100101110 7
#159740000
0!
0'
#159750000
1!
1'
b111100101111 7
#159760000
0!
0'
#159770000
1!
1'
b111100110000 7
#159780000
0!
0'
#159790000
1!
1'
b111100110001 7
#159800000
0!
0'
#159810000
1!
1'
b111100110010 7
#159820000
0!
0'
#159830000
1!
1'
b111100110011 7
#159840000
0!
0'
#159850000
1!
1'
b111100110100 7
#159860000
0!
0'
#159870000
1!
1'
b111100110101 7
#159880000
0!
0'
#159890000
1!
1'
b111100110110 7
#159900000
0!
0'
#159910000
1!
1'
b111100110111 7
#159920000
0!
0'
#159930000
1!
1'
b111100111000 7
#159940000
0!
0'
#159950000
1!
1'
b111100111001 7
#159960000
0!
0'
#159970000
1!
1'
b111100111010 7
#159980000
0!
0'
#159990000
1!
1'
b111100111011 7
#160000000
0!
0'
#160010000
1!
1'
b111100111100 7
#160020000
0!
0'
#160030000
1!
1'
b111100111101 7
#160040000
0!
0'
#160050000
1!
1'
b111100111110 7
#160060000
0!
0'
#160070000
1!
1'
b111100111111 7
#160080000
0!
0'
#160090000
1!
1'
b111101000000 7
#160100000
0!
0'
#160110000
1!
1'
b111101000001 7
#160120000
0!
0'
#160130000
1!
1'
b111101000010 7
#160140000
0!
0'
#160150000
1!
1'
b111101000011 7
#160160000
0!
0'
#160170000
1!
1'
b111101000100 7
#160180000
0!
0'
#160190000
1!
1'
b111101000101 7
#160200000
0!
0'
#160210000
1!
1'
b111101000110 7
#160220000
0!
0'
#160230000
1!
1'
b111101000111 7
#160240000
0!
0'
#160250000
1!
1'
b111101001000 7
#160260000
0!
0'
#160270000
1!
1'
b111101001001 7
#160280000
0!
0'
#160290000
1!
1'
b111101001010 7
#160300000
0!
0'
#160310000
1!
1'
b111101001011 7
#160320000
0!
0'
#160330000
1!
1'
b111101001100 7
#160340000
0!
0'
#160350000
1!
1'
b111101001101 7
#160360000
0!
0'
#160370000
1!
1'
b111101001110 7
#160380000
0!
0'
#160390000
1!
1'
b111101001111 7
#160400000
0!
0'
#160410000
1!
1'
b111101010000 7
#160420000
0!
0'
#160430000
1!
1'
b111101010001 7
#160440000
0!
0'
#160450000
1!
1'
b111101010010 7
#160460000
0!
0'
#160470000
1!
1'
b111101010011 7
#160480000
0!
0'
#160490000
1!
1'
b111101010100 7
#160500000
0!
0'
#160510000
1!
1'
b111101010101 7
#160520000
0!
0'
#160530000
1!
1'
b111101010110 7
#160540000
0!
0'
#160550000
1!
1'
b111101010111 7
#160560000
0!
0'
#160570000
1!
1'
b111101011000 7
#160580000
0!
0'
#160590000
1!
1'
b111101011001 7
#160600000
0!
0'
#160610000
1!
1'
b111101011010 7
#160620000
0!
0'
#160630000
1!
1'
b111101011011 7
#160640000
0!
0'
#160650000
1!
1'
b111101011100 7
#160660000
0!
0'
#160670000
1!
1'
b111101011101 7
#160680000
0!
0'
#160690000
1!
1'
b111101011110 7
#160700000
0!
0'
#160710000
1!
1'
b111101011111 7
#160720000
0!
0'
#160730000
1!
1'
b111101100000 7
#160740000
0!
0'
#160750000
1!
1'
b111101100001 7
#160760000
0!
0'
#160770000
1!
1'
b111101100010 7
#160780000
0!
0'
#160790000
1!
1'
b111101100011 7
#160800000
0!
0'
#160810000
1!
1'
b111101100100 7
#160820000
0!
0'
#160830000
1!
1'
b111101100101 7
#160840000
0!
0'
#160850000
1!
1'
b111101100110 7
#160860000
0!
0'
#160870000
1!
1'
b111101100111 7
#160880000
0!
0'
#160890000
1!
1'
b111101101000 7
#160900000
0!
0'
#160910000
1!
1'
b111101101001 7
#160920000
0!
0'
#160930000
1!
1'
b111101101010 7
#160940000
0!
0'
#160950000
1!
1'
b111101101011 7
#160960000
0!
0'
#160970000
1!
1'
b111101101100 7
#160980000
0!
0'
#160990000
1!
1'
b111101101101 7
#161000000
0!
0'
#161010000
1!
1'
b111101101110 7
#161020000
0!
0'
#161030000
1!
1'
b111101101111 7
#161040000
0!
0'
#161050000
1!
1'
b111101110000 7
#161060000
0!
0'
#161070000
1!
1'
b111101110001 7
#161080000
0!
0'
#161090000
1!
1'
b111101110010 7
#161100000
0!
0'
#161110000
1!
1'
b111101110011 7
#161120000
0!
0'
#161130000
1!
1'
b111101110100 7
#161140000
0!
0'
#161150000
1!
1'
b111101110101 7
#161160000
0!
0'
#161170000
1!
1'
b111101110110 7
#161180000
0!
0'
#161190000
1!
1'
b111101110111 7
#161200000
0!
0'
#161210000
1!
1'
b111101111000 7
#161220000
0!
0'
#161230000
1!
1'
b111101111001 7
#161240000
0!
0'
#161250000
1!
1'
b111101111010 7
#161260000
0!
0'
#161270000
1!
1'
b111101111011 7
#161280000
0!
0'
#161290000
1!
1'
b111101111100 7
#161300000
0!
0'
#161310000
1!
1'
b111101111101 7
#161320000
0!
0'
#161330000
1!
1'
b111101111110 7
#161340000
0!
0'
#161350000
1!
1'
b111101111111 7
#161360000
0!
0'
#161370000
1!
1'
b111110000000 7
#161380000
0!
0'
#161390000
1!
1'
b111110000001 7
#161400000
0!
0'
#161410000
1!
1'
b111110000010 7
#161420000
0!
0'
#161430000
1!
1'
b111110000011 7
#161440000
0!
0'
#161450000
1!
1'
b111110000100 7
#161460000
0!
0'
#161470000
1!
1'
b111110000101 7
#161480000
0!
0'
#161490000
1!
1'
b111110000110 7
#161500000
0!
0'
#161510000
1!
1'
b111110000111 7
#161520000
0!
0'
#161530000
1!
1'
b111110001000 7
#161540000
0!
0'
#161550000
1!
1'
b111110001001 7
#161560000
0!
0'
#161570000
1!
1'
b111110001010 7
#161580000
0!
0'
#161590000
1!
1'
b111110001011 7
#161600000
0!
0'
#161610000
1!
1'
b111110001100 7
#161620000
0!
0'
#161630000
1!
1'
b111110001101 7
#161640000
0!
0'
#161650000
1!
1'
b111110001110 7
#161660000
0!
0'
#161670000
1!
1'
b111110001111 7
#161680000
0!
0'
#161690000
1!
1'
b111110010000 7
#161700000
0!
0'
#161710000
1!
1'
b111110010001 7
#161720000
0!
0'
#161730000
1!
1'
b111110010010 7
#161740000
0!
0'
#161750000
1!
1'
b111110010011 7
#161760000
0!
0'
#161770000
1!
1'
b111110010100 7
#161780000
0!
0'
#161790000
1!
1'
b111110010101 7
#161800000
0!
0'
#161810000
1!
1'
b111110010110 7
#161820000
0!
0'
#161830000
1!
1'
b111110010111 7
#161840000
0!
0'
#161850000
1!
1'
b111110011000 7
#161860000
0!
0'
#161870000
1!
1'
b111110011001 7
#161880000
0!
0'
#161890000
1!
1'
b111110011010 7
#161900000
0!
0'
#161910000
1!
1'
b111110011011 7
#161920000
0!
0'
#161930000
1!
1'
b111110011100 7
#161940000
0!
0'
#161950000
1!
1'
b111110011101 7
#161960000
0!
0'
#161970000
1!
1'
b111110011110 7
#161980000
0!
0'
#161990000
1!
1'
b111110011111 7
#162000000
0!
0'
#162010000
1!
1'
b111110100000 7
#162020000
0!
0'
#162030000
1!
1'
b111110100001 7
#162040000
0!
0'
#162050000
1!
1'
b111110100010 7
#162060000
0!
0'
#162070000
1!
1'
b111110100011 7
#162080000
0!
0'
#162090000
1!
1'
b111110100100 7
#162100000
0!
0'
#162110000
1!
1'
b111110100101 7
#162120000
0!
0'
#162130000
1!
1'
b111110100110 7
#162140000
0!
0'
#162150000
1!
1'
b111110100111 7
#162160000
0!
0'
#162170000
1!
1'
b111110101000 7
#162180000
0!
0'
#162190000
1!
1'
b111110101001 7
#162200000
0!
0'
#162210000
1!
1'
b111110101010 7
#162220000
0!
0'
#162230000
1!
1'
b111110101011 7
#162240000
0!
0'
#162250000
1!
1'
b111110101100 7
#162260000
0!
0'
#162270000
1!
1'
b111110101101 7
#162280000
0!
0'
#162290000
1!
1'
b111110101110 7
#162300000
0!
0'
#162310000
1!
1'
b111110101111 7
#162320000
0!
0'
#162330000
1!
1'
b111110110000 7
#162340000
0!
0'
#162350000
1!
1'
b111110110001 7
#162360000
0!
0'
#162370000
1!
1'
b111110110010 7
#162380000
0!
0'
#162390000
1!
1'
b111110110011 7
#162400000
0!
0'
#162410000
1!
1'
b111110110100 7
#162420000
0!
0'
#162430000
1!
1'
b111110110101 7
#162440000
0!
0'
#162450000
1!
1'
b111110110110 7
#162460000
0!
0'
#162470000
1!
1'
b111110110111 7
#162480000
0!
0'
#162490000
1!
1'
b111110111000 7
#162500000
0!
0'
#162510000
1!
1'
b111110111001 7
#162520000
0!
0'
#162530000
1!
1'
b111110111010 7
#162540000
0!
0'
#162550000
1!
1'
b111110111011 7
#162560000
0!
0'
#162570000
1!
1'
b111110111100 7
#162580000
0!
0'
#162590000
1!
1'
b111110111101 7
#162600000
0!
0'
#162610000
1!
1'
b111110111110 7
#162620000
0!
0'
#162630000
1!
1'
b111110111111 7
#162640000
0!
0'
#162650000
1!
1'
b111111000000 7
#162660000
0!
0'
#162670000
1!
1'
b111111000001 7
#162680000
0!
0'
#162690000
1!
1'
b111111000010 7
#162700000
0!
0'
#162710000
1!
1'
b111111000011 7
#162720000
0!
0'
#162730000
1!
1'
b111111000100 7
#162740000
0!
0'
#162750000
1!
1'
b111111000101 7
#162760000
0!
0'
#162770000
1!
1'
b111111000110 7
#162780000
0!
0'
#162790000
1!
1'
b111111000111 7
#162800000
0!
0'
#162810000
1!
1'
b111111001000 7
#162820000
0!
0'
#162830000
1!
1'
b111111001001 7
#162840000
0!
0'
#162850000
1!
1'
b111111001010 7
#162860000
0!
0'
#162870000
1!
1'
b111111001011 7
#162880000
0!
0'
#162890000
1!
1'
b111111001100 7
#162900000
0!
0'
#162910000
1!
1'
b111111001101 7
#162920000
0!
0'
#162930000
1!
1'
b111111001110 7
#162940000
0!
0'
#162950000
1!
1'
b111111001111 7
#162960000
0!
0'
#162970000
1!
1'
b111111010000 7
#162980000
0!
0'
#162990000
1!
1'
b111111010001 7
#163000000
0!
0'
#163010000
1!
1'
b111111010010 7
#163020000
0!
0'
#163030000
1!
1'
b111111010011 7
#163040000
0!
0'
#163050000
1!
1'
b111111010100 7
#163060000
0!
0'
#163070000
1!
1'
b111111010101 7
#163080000
0!
0'
#163090000
1!
1'
b111111010110 7
#163100000
0!
0'
#163110000
1!
1'
b111111010111 7
#163120000
0!
0'
#163130000
1!
1'
b111111011000 7
#163140000
0!
0'
#163150000
1!
1'
b111111011001 7
#163160000
0!
0'
#163170000
1!
1'
b111111011010 7
#163180000
0!
0'
#163190000
1!
1'
b111111011011 7
#163200000
0!
0'
#163210000
1!
1'
b111111011100 7
#163220000
0!
0'
#163230000
1!
1'
b111111011101 7
#163240000
0!
0'
#163250000
1!
1'
b111111011110 7
#163260000
0!
0'
#163270000
1!
1'
b111111011111 7
#163280000
0!
0'
#163290000
1!
1'
b111111100000 7
#163300000
0!
0'
#163310000
1!
1'
b111111100001 7
#163320000
0!
0'
#163330000
1!
1'
b111111100010 7
#163340000
0!
0'
#163350000
1!
1'
b111111100011 7
#163360000
0!
0'
#163370000
1!
1'
b111111100100 7
#163380000
0!
0'
#163390000
1!
1'
b111111100101 7
#163400000
0!
0'
#163410000
1!
1'
b111111100110 7
#163420000
0!
0'
#163430000
1!
1'
b111111100111 7
#163440000
0!
0'
#163450000
1!
1'
b111111101000 7
#163460000
0!
0'
#163470000
1!
1'
b111111101001 7
#163480000
0!
0'
#163490000
1!
1'
b111111101010 7
#163500000
0!
0'
#163510000
1!
1'
b111111101011 7
#163520000
0!
0'
#163530000
1!
1'
b111111101100 7
#163540000
0!
0'
#163550000
1!
1'
b111111101101 7
#163560000
0!
0'
#163570000
1!
1'
b111111101110 7
#163580000
0!
0'
#163590000
1!
1'
b111111101111 7
#163600000
0!
0'
#163610000
1!
1'
b111111110000 7
#163620000
0!
0'
#163630000
1!
1'
b111111110001 7
#163640000
0!
0'
#163650000
1!
1'
b111111110010 7
#163660000
0!
0'
#163670000
1!
1'
b111111110011 7
#163680000
0!
0'
#163690000
1!
1'
b111111110100 7
#163700000
0!
0'
#163710000
1!
1'
b111111110101 7
#163720000
0!
0'
#163730000
1!
1'
b111111110110 7
#163740000
0!
0'
#163750000
1!
1'
b111111110111 7
#163760000
0!
0'
#163770000
1!
1'
b111111111000 7
#163780000
0!
0'
#163790000
1!
1'
b111111111001 7
#163800000
0!
0'
#163810000
1!
1'
b111111111010 7
#163820000
0!
0'
#163830000
1!
1'
b111111111011 7
#163840000
0!
0'
#163850000
1!
1'
b111111111100 7
#163860000
0!
0'
#163870000
1!
1'
b111111111101 7
#163880000
0!
0'
#163890000
1!
1'
b111111111110 7
#163900000
0!
0'
#163910000
1!
1'
b111111111111 7
19
#163920000
0!
0'
#163930000
1!
1'
06
b0 7
0%
0:
0;
08
09
#163940000
0!
0'
#163950000
1!
1'
b1 7
#163960000
0!
0'
#163970000
1!
1'
b10 7
#163980000
0!
0'
#163990000
1!
1'
b11 7
#164000000
0!
0'
#164010000
1!
1'
b100 7
#164020000
0!
0'
#164030000
1!
1'
b101 7
#164040000
0!
0'
#164050000
1!
1'
b110 7
#164060000
0!
0'
#164070000
1!
1'
b111 7
#164080000
0!
0'
#164090000
1!
1'
b1000 7
#164100000
0!
0'
#164110000
1!
1'
b1001 7
#164120000
0!
0'
#164130000
1!
1'
b1010 7
#164140000
0!
0'
#164150000
1!
1'
b1011 7
#164160000
0!
0'
#164170000
1!
1'
b1100 7
#164180000
0!
0'
#164190000
1!
1'
b1101 7
#164200000
0!
0'
#164210000
1!
1'
b1110 7
#164220000
0!
0'
#164230000
1!
1'
b1111 7
#164240000
0!
0'
#164250000
1!
1'
b10000 7
#164260000
0!
0'
#164270000
1!
1'
b10001 7
#164280000
0!
0'
#164290000
1!
1'
b10010 7
#164300000
0!
0'
#164310000
1!
1'
b10011 7
#164320000
0!
0'
#164330000
1!
1'
b10100 7
#164340000
0!
0'
#164350000
1!
1'
b10101 7
#164360000
0!
0'
#164370000
1!
1'
b10110 7
#164380000
0!
0'
#164390000
1!
1'
b10111 7
#164400000
0!
0'
#164410000
1!
1'
b11000 7
#164420000
0!
0'
#164430000
1!
1'
b11001 7
#164440000
0!
0'
#164450000
1!
1'
b11010 7
#164460000
0!
0'
#164470000
1!
1'
b11011 7
#164480000
0!
0'
#164490000
1!
1'
b11100 7
#164500000
0!
0'
#164510000
1!
1'
b11101 7
#164520000
0!
0'
#164530000
1!
1'
b11110 7
#164540000
0!
0'
#164550000
1!
1'
b11111 7
#164560000
0!
0'
#164570000
1!
1'
b100000 7
#164580000
0!
0'
#164590000
1!
1'
b100001 7
#164600000
0!
0'
#164610000
1!
1'
b100010 7
#164620000
0!
0'
#164630000
1!
1'
b100011 7
#164640000
0!
0'
#164650000
1!
1'
b100100 7
#164660000
0!
0'
#164670000
1!
1'
b100101 7
#164680000
0!
0'
#164690000
1!
1'
b100110 7
#164700000
0!
0'
#164710000
1!
1'
b100111 7
#164720000
0!
0'
#164730000
1!
1'
b101000 7
#164740000
0!
0'
#164750000
1!
1'
b101001 7
#164760000
0!
0'
#164770000
1!
1'
b101010 7
#164780000
0!
0'
#164790000
1!
1'
b101011 7
#164800000
0!
0'
#164810000
1!
1'
b101100 7
1:
#164820000
0!
0'
#164830000
1!
1'
15
b101101 7
1$
#164840000
0!
0'
#164850000
1!
1'
b101110 7
#164860000
0!
0'
#164870000
1!
1'
b101111 7
#164880000
0!
0'
#164890000
1!
1'
b110000 7
#164900000
0!
0'
#164910000
1!
1'
b110001 7
#164920000
0!
0'
#164930000
1!
1'
b110010 7
#164940000
0!
0'
#164950000
1!
1'
b110011 7
#164960000
0!
0'
#164970000
1!
1'
b110100 7
#164980000
0!
0'
#164990000
1!
1'
b110101 7
#165000000
0!
0'
#165010000
1!
1'
b110110 7
#165020000
0!
0'
#165030000
1!
1'
b110111 7
#165040000
0!
0'
#165050000
1!
1'
b111000 7
#165060000
0!
0'
#165070000
1!
1'
b111001 7
#165080000
0!
0'
#165090000
1!
1'
b111010 7
#165100000
0!
0'
#165110000
1!
1'
b111011 7
#165120000
0!
0'
#165130000
1!
1'
b111100 7
#165140000
0!
0'
#165150000
1!
1'
b111101 7
#165160000
0!
0'
#165170000
1!
1'
b111110 7
#165180000
0!
0'
#165190000
1!
1'
b111111 7
#165200000
0!
0'
#165210000
1!
1'
b1000000 7
#165220000
0!
0'
#165230000
1!
1'
b1000001 7
#165240000
0!
0'
#165250000
1!
1'
b1000010 7
#165260000
0!
0'
#165270000
1!
1'
b1000011 7
#165280000
0!
0'
#165290000
1!
1'
b1000100 7
#165300000
0!
0'
#165310000
1!
1'
b1000101 7
#165320000
0!
0'
#165330000
1!
1'
b1000110 7
#165340000
0!
0'
#165350000
1!
1'
b1000111 7
#165360000
0!
0'
#165370000
1!
1'
b1001000 7
#165380000
0!
0'
#165390000
1!
1'
b1001001 7
#165400000
0!
0'
#165410000
1!
1'
b1001010 7
#165420000
0!
0'
#165430000
1!
1'
b1001011 7
#165440000
0!
0'
#165450000
1!
1'
b1001100 7
#165460000
0!
0'
#165470000
1!
1'
b1001101 7
#165480000
0!
0'
#165490000
1!
1'
b1001110 7
#165500000
0!
0'
#165510000
1!
1'
b1001111 7
#165520000
0!
0'
#165530000
1!
1'
b1010000 7
#165540000
0!
0'
#165550000
1!
1'
b1010001 7
#165560000
0!
0'
#165570000
1!
1'
b1010010 7
#165580000
0!
0'
#165590000
1!
1'
b1010011 7
#165600000
0!
0'
#165610000
1!
1'
b1010100 7
#165620000
0!
0'
#165630000
1!
1'
b1010101 7
#165640000
0!
0'
#165650000
1!
1'
b1010110 7
#165660000
0!
0'
#165670000
1!
1'
b1010111 7
#165680000
0!
0'
#165690000
1!
1'
b1011000 7
#165700000
0!
0'
#165710000
1!
1'
b1011001 7
#165720000
0!
0'
#165730000
1!
1'
b1011010 7
#165740000
0!
0'
#165750000
1!
1'
b1011011 7
#165760000
0!
0'
#165770000
1!
1'
b1011100 7
#165780000
0!
0'
#165790000
1!
1'
b1011101 7
#165800000
0!
0'
#165810000
1!
1'
b1011110 7
#165820000
0!
0'
#165830000
1!
1'
b1011111 7
#165840000
0!
0'
#165850000
1!
1'
b1100000 7
#165860000
0!
0'
#165870000
1!
1'
b1100001 7
#165880000
0!
0'
#165890000
1!
1'
b1100010 7
#165900000
0!
0'
#165910000
1!
1'
b1100011 7
#165920000
0!
0'
#165930000
1!
1'
b1100100 7
#165940000
0!
0'
#165950000
1!
1'
b1100101 7
#165960000
0!
0'
#165970000
1!
1'
b1100110 7
#165980000
0!
0'
#165990000
1!
1'
b1100111 7
#166000000
0!
0'
#166010000
1!
1'
b1101000 7
#166020000
0!
0'
#166030000
1!
1'
b1101001 7
#166040000
0!
0'
#166050000
1!
1'
b1101010 7
#166060000
0!
0'
#166070000
1!
1'
b1101011 7
#166080000
0!
0'
#166090000
1!
1'
b1101100 7
#166100000
0!
0'
#166110000
1!
1'
b1101101 7
#166120000
0!
0'
#166130000
1!
1'
b1101110 7
#166140000
0!
0'
#166150000
1!
1'
b1101111 7
#166160000
0!
0'
#166170000
1!
1'
b1110000 7
#166180000
0!
0'
#166190000
1!
1'
b1110001 7
#166200000
0!
0'
#166210000
1!
1'
b1110010 7
#166220000
0!
0'
#166230000
1!
1'
b1110011 7
#166240000
0!
0'
#166250000
1!
1'
b1110100 7
#166260000
0!
0'
#166270000
1!
1'
b1110101 7
#166280000
0!
0'
#166290000
1!
1'
b1110110 7
#166300000
0!
0'
#166310000
1!
1'
b1110111 7
#166320000
0!
0'
#166330000
1!
1'
b1111000 7
#166340000
0!
0'
#166350000
1!
1'
b1111001 7
#166360000
0!
0'
#166370000
1!
1'
b1111010 7
#166380000
0!
0'
#166390000
1!
1'
b1111011 7
#166400000
0!
0'
#166410000
1!
1'
b1111100 7
#166420000
0!
0'
#166430000
1!
1'
b1111101 7
#166440000
0!
0'
#166450000
1!
1'
b1111110 7
#166460000
0!
0'
#166470000
1!
1'
b1111111 7
#166480000
0!
0'
#166490000
1!
1'
b10000000 7
#166500000
0!
0'
#166510000
1!
1'
b10000001 7
#166520000
0!
0'
#166530000
1!
1'
b10000010 7
#166540000
0!
0'
#166550000
1!
1'
b10000011 7
#166560000
0!
0'
#166570000
1!
1'
b10000100 7
#166580000
0!
0'
#166590000
1!
1'
b10000101 7
#166600000
0!
0'
#166610000
1!
1'
b10000110 7
#166620000
0!
0'
#166630000
1!
1'
b10000111 7
#166640000
0!
0'
#166650000
1!
1'
b10001000 7
#166660000
0!
0'
#166670000
1!
1'
b10001001 7
#166680000
0!
0'
#166690000
1!
1'
b10001010 7
#166700000
0!
0'
#166710000
1!
1'
b10001011 7
#166720000
0!
0'
#166730000
1!
1'
b10001100 7
#166740000
0!
0'
#166750000
1!
1'
b10001101 7
#166760000
0!
0'
#166770000
1!
1'
b10001110 7
#166780000
0!
0'
#166790000
1!
1'
b10001111 7
#166800000
0!
0'
#166810000
1!
1'
b10010000 7
#166820000
0!
0'
#166830000
1!
1'
b10010001 7
#166840000
0!
0'
#166850000
1!
1'
b10010010 7
#166860000
0!
0'
#166870000
1!
1'
b10010011 7
#166880000
0!
0'
#166890000
1!
1'
b10010100 7
#166900000
0!
0'
#166910000
1!
1'
b10010101 7
#166920000
0!
0'
#166930000
1!
1'
b10010110 7
#166940000
0!
0'
#166950000
1!
1'
b10010111 7
#166960000
0!
0'
#166970000
1!
1'
b10011000 7
#166980000
0!
0'
#166990000
1!
1'
b10011001 7
#167000000
0!
0'
#167010000
1!
1'
b10011010 7
#167020000
0!
0'
#167030000
1!
1'
b10011011 7
#167040000
0!
0'
#167050000
1!
1'
b10011100 7
#167060000
0!
0'
#167070000
1!
1'
b10011101 7
#167080000
0!
0'
#167090000
1!
1'
b10011110 7
#167100000
0!
0'
#167110000
1!
1'
b10011111 7
#167120000
0!
0'
#167130000
1!
1'
b10100000 7
#167140000
0!
0'
#167150000
1!
1'
b10100001 7
#167160000
0!
0'
#167170000
1!
1'
b10100010 7
#167180000
0!
0'
#167190000
1!
1'
b10100011 7
#167200000
0!
0'
#167210000
1!
1'
b10100100 7
#167220000
0!
0'
#167230000
1!
1'
b10100101 7
#167240000
0!
0'
#167250000
1!
1'
b10100110 7
#167260000
0!
0'
#167270000
1!
1'
b10100111 7
#167280000
0!
0'
#167290000
1!
1'
b10101000 7
#167300000
0!
0'
#167310000
1!
1'
b10101001 7
#167320000
0!
0'
#167330000
1!
1'
b10101010 7
#167340000
0!
0'
#167350000
1!
1'
b10101011 7
#167360000
0!
0'
#167370000
1!
1'
b10101100 7
#167380000
0!
0'
#167390000
1!
1'
b10101101 7
#167400000
0!
0'
#167410000
1!
1'
b10101110 7
#167420000
0!
0'
#167430000
1!
1'
b10101111 7
#167440000
0!
0'
#167450000
1!
1'
b10110000 7
#167460000
0!
0'
#167470000
1!
1'
b10110001 7
#167480000
0!
0'
#167490000
1!
1'
b10110010 7
#167500000
0!
0'
#167510000
1!
1'
b10110011 7
#167520000
0!
0'
#167530000
1!
1'
b10110100 7
#167540000
0!
0'
#167550000
1!
1'
b10110101 7
#167560000
0!
0'
#167570000
1!
1'
b10110110 7
#167580000
0!
0'
#167590000
1!
1'
b10110111 7
#167600000
0!
0'
#167610000
1!
1'
b10111000 7
#167620000
0!
0'
#167630000
1!
1'
b10111001 7
#167640000
0!
0'
#167650000
1!
1'
b10111010 7
#167660000
0!
0'
#167670000
1!
1'
b10111011 7
#167680000
0!
0'
#167690000
1!
1'
b10111100 7
#167700000
0!
0'
#167710000
1!
1'
b10111101 7
#167720000
0!
0'
#167730000
1!
1'
b10111110 7
#167740000
0!
0'
#167750000
1!
1'
b10111111 7
#167760000
0!
0'
#167770000
1!
1'
b11000000 7
#167780000
0!
0'
#167790000
1!
1'
b11000001 7
#167800000
0!
0'
#167810000
1!
1'
b11000010 7
#167820000
0!
0'
#167830000
1!
1'
b11000011 7
#167840000
0!
0'
#167850000
1!
1'
b11000100 7
#167860000
0!
0'
#167870000
1!
1'
b11000101 7
#167880000
0!
0'
#167890000
1!
1'
b11000110 7
#167900000
0!
0'
#167910000
1!
1'
b11000111 7
#167920000
0!
0'
#167930000
1!
1'
b11001000 7
#167940000
0!
0'
#167950000
1!
1'
b11001001 7
#167960000
0!
0'
#167970000
1!
1'
b11001010 7
#167980000
0!
0'
#167990000
1!
1'
b11001011 7
#168000000
0!
0'
#168010000
1!
1'
b11001100 7
#168020000
0!
0'
#168030000
1!
1'
b11001101 7
#168040000
0!
0'
#168050000
1!
1'
b11001110 7
#168060000
0!
0'
#168070000
1!
1'
b11001111 7
#168080000
0!
0'
#168090000
1!
1'
b11010000 7
#168100000
0!
0'
#168110000
1!
1'
b11010001 7
#168120000
0!
0'
#168130000
1!
1'
b11010010 7
#168140000
0!
0'
#168150000
1!
1'
b11010011 7
#168160000
0!
0'
#168170000
1!
1'
b11010100 7
#168180000
0!
0'
#168190000
1!
1'
b11010101 7
#168200000
0!
0'
#168210000
1!
1'
b11010110 7
#168220000
0!
0'
#168230000
1!
1'
b11010111 7
#168240000
0!
0'
#168250000
1!
1'
b11011000 7
#168260000
0!
0'
#168270000
1!
1'
b11011001 7
#168280000
0!
0'
#168290000
1!
1'
b11011010 7
#168300000
0!
0'
#168310000
1!
1'
b11011011 7
#168320000
0!
0'
#168330000
1!
1'
b11011100 7
#168340000
0!
0'
#168350000
1!
1'
b11011101 7
#168360000
0!
0'
#168370000
1!
1'
b11011110 7
#168380000
0!
0'
#168390000
1!
1'
b11011111 7
#168400000
0!
0'
#168410000
1!
1'
b11100000 7
#168420000
0!
0'
#168430000
1!
1'
b11100001 7
#168440000
0!
0'
#168450000
1!
1'
b11100010 7
#168460000
0!
0'
#168470000
1!
1'
b11100011 7
#168480000
0!
0'
#168490000
1!
1'
b11100100 7
#168500000
0!
0'
#168510000
1!
1'
b11100101 7
#168520000
0!
0'
#168530000
1!
1'
b11100110 7
#168540000
0!
0'
#168550000
1!
1'
b11100111 7
#168560000
0!
0'
#168570000
1!
1'
b11101000 7
#168580000
0!
0'
#168590000
1!
1'
b11101001 7
#168600000
0!
0'
#168610000
1!
1'
b11101010 7
#168620000
0!
0'
#168630000
1!
1'
b11101011 7
#168640000
0!
0'
#168650000
1!
1'
b11101100 7
#168660000
0!
0'
#168670000
1!
1'
b11101101 7
#168680000
0!
0'
#168690000
1!
1'
b11101110 7
#168700000
0!
0'
#168710000
1!
1'
b11101111 7
#168720000
0!
0'
#168730000
1!
1'
b11110000 7
#168740000
0!
0'
#168750000
1!
1'
b11110001 7
#168760000
0!
0'
#168770000
1!
1'
b11110010 7
#168780000
0!
0'
#168790000
1!
1'
b11110011 7
#168800000
0!
0'
#168810000
1!
1'
b11110100 7
#168820000
0!
0'
#168830000
1!
1'
b11110101 7
#168840000
0!
0'
#168850000
1!
1'
b11110110 7
#168860000
0!
0'
#168870000
1!
1'
b11110111 7
#168880000
0!
0'
#168890000
1!
1'
b11111000 7
#168900000
0!
0'
#168910000
1!
1'
b11111001 7
#168920000
0!
0'
#168930000
1!
1'
b11111010 7
#168940000
0!
0'
#168950000
1!
1'
b11111011 7
#168960000
0!
0'
#168970000
1!
1'
b11111100 7
#168980000
0!
0'
#168990000
1!
1'
b11111101 7
#169000000
0!
0'
#169010000
1!
1'
b11111110 7
#169020000
0!
0'
#169030000
1!
1'
b11111111 7
#169040000
0!
0'
#169050000
1!
1'
b100000000 7
#169060000
0!
0'
#169070000
1!
1'
b100000001 7
#169080000
0!
0'
#169090000
1!
1'
b100000010 7
#169100000
0!
0'
#169110000
1!
1'
b100000011 7
#169120000
0!
0'
#169130000
1!
1'
b100000100 7
#169140000
0!
0'
#169150000
1!
1'
b100000101 7
#169160000
0!
0'
#169170000
1!
1'
b100000110 7
#169180000
0!
0'
#169190000
1!
1'
b100000111 7
#169200000
0!
0'
#169210000
1!
1'
b100001000 7
#169220000
0!
0'
#169230000
1!
1'
b100001001 7
#169240000
0!
0'
#169250000
1!
1'
b100001010 7
#169260000
0!
0'
#169270000
1!
1'
b100001011 7
#169280000
0!
0'
#169290000
1!
1'
b100001100 7
#169300000
0!
0'
#169310000
1!
1'
b100001101 7
#169320000
0!
0'
#169330000
1!
1'
b100001110 7
#169340000
0!
0'
#169350000
1!
1'
b100001111 7
#169360000
0!
0'
#169370000
1!
1'
b100010000 7
#169380000
0!
0'
#169390000
1!
1'
b100010001 7
#169400000
0!
0'
#169410000
1!
1'
b100010010 7
#169420000
0!
0'
#169430000
1!
1'
b100010011 7
#169440000
0!
0'
#169450000
1!
1'
b100010100 7
#169460000
0!
0'
#169470000
1!
1'
b100010101 7
#169480000
0!
0'
#169490000
1!
1'
b100010110 7
#169500000
0!
0'
#169510000
1!
1'
b100010111 7
#169520000
0!
0'
#169530000
1!
1'
b100011000 7
#169540000
0!
0'
#169550000
1!
1'
b100011001 7
#169560000
0!
0'
#169570000
1!
1'
b100011010 7
#169580000
0!
0'
#169590000
1!
1'
b100011011 7
#169600000
0!
0'
#169610000
1!
1'
b100011100 7
#169620000
0!
0'
#169630000
1!
1'
b100011101 7
#169640000
0!
0'
#169650000
1!
1'
b100011110 7
#169660000
0!
0'
#169670000
1!
1'
b100011111 7
#169680000
0!
0'
#169690000
1!
1'
b100100000 7
#169700000
0!
0'
#169710000
1!
1'
b100100001 7
#169720000
0!
0'
#169730000
1!
1'
b100100010 7
#169740000
0!
0'
#169750000
1!
1'
b100100011 7
#169760000
0!
0'
#169770000
1!
1'
b100100100 7
#169780000
0!
0'
#169790000
1!
1'
b100100101 7
#169800000
0!
0'
#169810000
1!
1'
b100100110 7
#169820000
0!
0'
#169830000
1!
1'
b100100111 7
#169840000
0!
0'
#169850000
1!
1'
b100101000 7
#169860000
0!
0'
#169870000
1!
1'
b100101001 7
#169880000
0!
0'
#169890000
1!
1'
b100101010 7
#169900000
0!
0'
#169910000
1!
1'
b100101011 7
#169920000
0!
0'
#169930000
1!
1'
b100101100 7
#169940000
0!
0'
#169950000
1!
1'
b100101101 7
#169960000
0!
0'
#169970000
1!
1'
b100101110 7
#169980000
0!
0'
#169990000
1!
1'
b100101111 7
#170000000
0!
0'
#170010000
1!
1'
b100110000 7
#170020000
0!
0'
#170030000
1!
1'
b100110001 7
#170040000
0!
0'
#170050000
1!
1'
b100110010 7
#170060000
0!
0'
#170070000
1!
1'
b100110011 7
#170080000
0!
0'
#170090000
1!
1'
b100110100 7
#170100000
0!
0'
#170110000
1!
1'
b100110101 7
#170120000
0!
0'
#170130000
1!
1'
b100110110 7
#170140000
0!
0'
#170150000
1!
1'
b100110111 7
#170160000
0!
0'
#170170000
1!
1'
b100111000 7
#170180000
0!
0'
#170190000
1!
1'
b100111001 7
#170200000
0!
0'
#170210000
1!
1'
b100111010 7
#170220000
0!
0'
#170230000
1!
1'
b100111011 7
#170240000
0!
0'
#170250000
1!
1'
b100111100 7
#170260000
0!
0'
#170270000
1!
1'
b100111101 7
#170280000
0!
0'
#170290000
1!
1'
b100111110 7
#170300000
0!
0'
#170310000
1!
1'
b100111111 7
#170320000
0!
0'
#170330000
1!
1'
b101000000 7
#170340000
0!
0'
#170350000
1!
1'
b101000001 7
#170360000
0!
0'
#170370000
1!
1'
b101000010 7
#170380000
0!
0'
#170390000
1!
1'
b101000011 7
#170400000
0!
0'
#170410000
1!
1'
b101000100 7
#170420000
0!
0'
#170430000
1!
1'
b101000101 7
#170440000
0!
0'
#170450000
1!
1'
b101000110 7
#170460000
0!
0'
#170470000
1!
1'
b101000111 7
#170480000
0!
0'
#170490000
1!
1'
b101001000 7
#170500000
0!
0'
#170510000
1!
1'
b101001001 7
#170520000
0!
0'
#170530000
1!
1'
b101001010 7
#170540000
0!
0'
#170550000
1!
1'
b101001011 7
#170560000
0!
0'
#170570000
1!
1'
b101001100 7
#170580000
0!
0'
#170590000
1!
1'
b101001101 7
#170600000
0!
0'
#170610000
1!
1'
b101001110 7
#170620000
0!
0'
#170630000
1!
1'
b101001111 7
#170640000
0!
0'
#170650000
1!
1'
b101010000 7
#170660000
0!
0'
#170670000
1!
1'
b101010001 7
#170680000
0!
0'
#170690000
1!
1'
b101010010 7
#170700000
0!
0'
#170710000
1!
1'
b101010011 7
#170720000
0!
0'
#170730000
1!
1'
b101010100 7
#170740000
0!
0'
#170750000
1!
1'
b101010101 7
#170760000
0!
0'
#170770000
1!
1'
b101010110 7
#170780000
0!
0'
#170790000
1!
1'
b101010111 7
#170800000
0!
0'
#170810000
1!
1'
b101011000 7
#170820000
0!
0'
#170830000
1!
1'
b101011001 7
#170840000
0!
0'
#170850000
1!
1'
b101011010 7
#170860000
0!
0'
#170870000
1!
1'
b101011011 7
#170880000
0!
0'
#170890000
1!
1'
b101011100 7
#170900000
0!
0'
#170910000
1!
1'
b101011101 7
#170920000
0!
0'
#170930000
1!
1'
b101011110 7
#170940000
0!
0'
#170950000
1!
1'
b101011111 7
#170960000
0!
0'
#170970000
1!
1'
b101100000 7
#170980000
0!
0'
#170990000
1!
1'
b101100001 7
#171000000
0!
0'
#171010000
1!
1'
b101100010 7
#171020000
0!
0'
#171030000
1!
1'
b101100011 7
#171040000
0!
0'
#171050000
1!
1'
b101100100 7
#171060000
0!
0'
#171070000
1!
1'
b101100101 7
#171080000
0!
0'
#171090000
1!
1'
b101100110 7
#171100000
0!
0'
#171110000
1!
1'
b101100111 7
#171120000
0!
0'
#171130000
1!
1'
b101101000 7
#171140000
0!
0'
#171150000
1!
1'
b101101001 7
#171160000
0!
0'
#171170000
1!
1'
b101101010 7
#171180000
0!
0'
#171190000
1!
1'
b101101011 7
#171200000
0!
0'
#171210000
1!
1'
b101101100 7
#171220000
0!
0'
#171230000
1!
1'
b101101101 7
#171240000
0!
0'
#171250000
1!
1'
b101101110 7
#171260000
0!
0'
#171270000
1!
1'
b101101111 7
#171280000
0!
0'
#171290000
1!
1'
b101110000 7
#171300000
0!
0'
#171310000
1!
1'
b101110001 7
#171320000
0!
0'
#171330000
1!
1'
b101110010 7
#171340000
0!
0'
#171350000
1!
1'
b101110011 7
#171360000
0!
0'
#171370000
1!
1'
b101110100 7
#171380000
0!
0'
#171390000
1!
1'
b101110101 7
#171400000
0!
0'
#171410000
1!
1'
b101110110 7
#171420000
0!
0'
#171430000
1!
1'
b101110111 7
#171440000
0!
0'
#171450000
1!
1'
b101111000 7
#171460000
0!
0'
#171470000
1!
1'
b101111001 7
#171480000
0!
0'
#171490000
1!
1'
b101111010 7
#171500000
0!
0'
#171510000
1!
1'
b101111011 7
#171520000
0!
0'
#171530000
1!
1'
b101111100 7
#171540000
0!
0'
#171550000
1!
1'
b101111101 7
#171560000
0!
0'
#171570000
1!
1'
b101111110 7
#171580000
0!
0'
#171590000
1!
1'
b101111111 7
#171600000
0!
0'
#171610000
1!
1'
b110000000 7
#171620000
0!
0'
#171630000
1!
1'
b110000001 7
#171640000
0!
0'
#171650000
1!
1'
b110000010 7
#171660000
0!
0'
#171670000
1!
1'
b110000011 7
#171680000
0!
0'
#171690000
1!
1'
b110000100 7
#171700000
0!
0'
#171710000
1!
1'
b110000101 7
#171720000
0!
0'
#171730000
1!
1'
b110000110 7
#171740000
0!
0'
#171750000
1!
1'
b110000111 7
#171760000
0!
0'
#171770000
1!
1'
b110001000 7
#171780000
0!
0'
#171790000
1!
1'
b110001001 7
#171800000
0!
0'
#171810000
1!
1'
b110001010 7
#171820000
0!
0'
#171830000
1!
1'
b110001011 7
#171840000
0!
0'
#171850000
1!
1'
b110001100 7
#171860000
0!
0'
#171870000
1!
1'
b110001101 7
#171880000
0!
0'
#171890000
1!
1'
b110001110 7
#171900000
0!
0'
#171910000
1!
1'
b110001111 7
#171920000
0!
0'
#171930000
1!
1'
b110010000 7
#171940000
0!
0'
#171950000
1!
1'
b110010001 7
#171960000
0!
0'
#171970000
1!
1'
b110010010 7
#171980000
0!
0'
#171990000
1!
1'
b110010011 7
#172000000
0!
0'
#172010000
1!
1'
b110010100 7
#172020000
0!
0'
#172030000
1!
1'
b110010101 7
#172040000
0!
0'
#172050000
1!
1'
b110010110 7
#172060000
0!
0'
#172070000
1!
1'
b110010111 7
#172080000
0!
0'
#172090000
1!
1'
b110011000 7
#172100000
0!
0'
#172110000
1!
1'
b110011001 7
#172120000
0!
0'
#172130000
1!
1'
b110011010 7
#172140000
0!
0'
#172150000
1!
1'
b110011011 7
#172160000
0!
0'
#172170000
1!
1'
b110011100 7
#172180000
0!
0'
#172190000
1!
1'
b110011101 7
#172200000
0!
0'
#172210000
1!
1'
b110011110 7
#172220000
0!
0'
#172230000
1!
1'
b110011111 7
#172240000
0!
0'
#172250000
1!
1'
b110100000 7
#172260000
0!
0'
#172270000
1!
1'
b110100001 7
#172280000
0!
0'
#172290000
1!
1'
b110100010 7
#172300000
0!
0'
#172310000
1!
1'
b110100011 7
#172320000
0!
0'
#172330000
1!
1'
b110100100 7
#172340000
0!
0'
#172350000
1!
1'
b110100101 7
#172360000
0!
0'
#172370000
1!
1'
b110100110 7
#172380000
0!
0'
#172390000
1!
1'
b110100111 7
#172400000
0!
0'
#172410000
1!
1'
b110101000 7
#172420000
0!
0'
#172430000
1!
1'
b110101001 7
#172440000
0!
0'
#172450000
1!
1'
b110101010 7
#172460000
0!
0'
#172470000
1!
1'
b110101011 7
#172480000
0!
0'
#172490000
1!
1'
b110101100 7
#172500000
0!
0'
#172510000
1!
1'
b110101101 7
#172520000
0!
0'
#172530000
1!
1'
b110101110 7
#172540000
0!
0'
#172550000
1!
1'
b110101111 7
#172560000
0!
0'
#172570000
1!
1'
b110110000 7
#172580000
0!
0'
#172590000
1!
1'
b110110001 7
#172600000
0!
0'
#172610000
1!
1'
b110110010 7
#172620000
0!
0'
#172630000
1!
1'
b110110011 7
#172640000
0!
0'
#172650000
1!
1'
b110110100 7
#172660000
0!
0'
#172670000
1!
1'
b110110101 7
#172680000
0!
0'
#172690000
1!
1'
b110110110 7
#172700000
0!
0'
#172710000
1!
1'
b110110111 7
#172720000
0!
0'
#172730000
1!
1'
b110111000 7
#172740000
0!
0'
#172750000
1!
1'
b110111001 7
#172760000
0!
0'
#172770000
1!
1'
b110111010 7
#172780000
0!
0'
#172790000
1!
1'
b110111011 7
#172800000
0!
0'
#172810000
1!
1'
b110111100 7
#172820000
0!
0'
#172830000
1!
1'
b110111101 7
#172840000
0!
0'
#172850000
1!
1'
b110111110 7
#172860000
0!
0'
#172870000
1!
1'
b110111111 7
#172880000
0!
0'
#172890000
1!
1'
b111000000 7
#172900000
0!
0'
#172910000
1!
1'
b111000001 7
#172920000
0!
0'
#172930000
1!
1'
b111000010 7
#172940000
0!
0'
#172950000
1!
1'
b111000011 7
#172960000
0!
0'
#172970000
1!
1'
b111000100 7
#172980000
0!
0'
#172990000
1!
1'
b111000101 7
#173000000
0!
0'
#173010000
1!
1'
b111000110 7
#173020000
0!
0'
#173030000
1!
1'
b111000111 7
#173040000
0!
0'
#173050000
1!
1'
b111001000 7
#173060000
0!
0'
#173070000
1!
1'
b111001001 7
#173080000
0!
0'
#173090000
1!
1'
b111001010 7
#173100000
0!
0'
#173110000
1!
1'
b111001011 7
#173120000
0!
0'
#173130000
1!
1'
b111001100 7
#173140000
0!
0'
#173150000
1!
1'
b111001101 7
#173160000
0!
0'
#173170000
1!
1'
b111001110 7
#173180000
0!
0'
#173190000
1!
1'
b111001111 7
#173200000
0!
0'
#173210000
1!
1'
b111010000 7
#173220000
0!
0'
#173230000
1!
1'
b111010001 7
#173240000
0!
0'
#173250000
1!
1'
b111010010 7
#173260000
0!
0'
#173270000
1!
1'
b111010011 7
#173280000
0!
0'
#173290000
1!
1'
b111010100 7
#173300000
0!
0'
#173310000
1!
1'
b111010101 7
#173320000
0!
0'
#173330000
1!
1'
b111010110 7
#173340000
0!
0'
#173350000
1!
1'
b111010111 7
#173360000
0!
0'
#173370000
1!
1'
b111011000 7
#173380000
0!
0'
#173390000
1!
1'
b111011001 7
#173400000
0!
0'
#173410000
1!
1'
b111011010 7
#173420000
0!
0'
#173430000
1!
1'
b111011011 7
#173440000
0!
0'
#173450000
1!
1'
b111011100 7
#173460000
0!
0'
#173470000
1!
1'
b111011101 7
#173480000
0!
0'
#173490000
1!
1'
b111011110 7
#173500000
0!
0'
#173510000
1!
1'
b111011111 7
#173520000
0!
0'
#173530000
1!
1'
b111100000 7
#173540000
0!
0'
#173550000
1!
1'
b111100001 7
#173560000
0!
0'
#173570000
1!
1'
b111100010 7
#173580000
0!
0'
#173590000
1!
1'
b111100011 7
#173600000
0!
0'
#173610000
1!
1'
b111100100 7
#173620000
0!
0'
#173630000
1!
1'
b111100101 7
#173640000
0!
0'
#173650000
1!
1'
b111100110 7
#173660000
0!
0'
#173670000
1!
1'
b111100111 7
#173680000
0!
0'
#173690000
1!
1'
b111101000 7
#173700000
0!
0'
#173710000
1!
1'
b111101001 7
#173720000
0!
0'
#173730000
1!
1'
b111101010 7
#173740000
0!
0'
#173750000
1!
1'
b111101011 7
#173760000
0!
0'
#173770000
1!
1'
b111101100 7
#173780000
0!
0'
#173790000
1!
1'
b111101101 7
#173800000
0!
0'
#173810000
1!
1'
b111101110 7
#173820000
0!
0'
#173830000
1!
1'
b111101111 7
#173840000
0!
0'
#173850000
1!
1'
b111110000 7
#173860000
0!
0'
#173870000
1!
1'
b111110001 7
#173880000
0!
0'
#173890000
1!
1'
b111110010 7
#173900000
0!
0'
#173910000
1!
1'
b111110011 7
#173920000
0!
0'
#173930000
1!
1'
b111110100 7
#173940000
0!
0'
#173950000
1!
1'
b111110101 7
#173960000
0!
0'
#173970000
1!
1'
b111110110 7
#173980000
0!
0'
#173990000
1!
1'
b111110111 7
#174000000
0!
0'
#174010000
1!
1'
b111111000 7
#174020000
0!
0'
#174030000
1!
1'
b111111001 7
#174040000
0!
0'
#174050000
1!
1'
b111111010 7
#174060000
0!
0'
#174070000
1!
1'
b111111011 7
#174080000
0!
0'
#174090000
1!
1'
b111111100 7
#174100000
0!
0'
#174110000
1!
1'
b111111101 7
#174120000
0!
0'
#174130000
1!
1'
b111111110 7
#174140000
0!
0'
#174150000
1!
1'
b111111111 7
#174160000
0!
0'
#174170000
1!
1'
b1000000000 7
#174180000
0!
0'
#174190000
1!
1'
b1000000001 7
#174200000
0!
0'
#174210000
1!
1'
b1000000010 7
#174220000
0!
0'
#174230000
1!
1'
b1000000011 7
#174240000
0!
0'
#174250000
1!
1'
b1000000100 7
#174260000
0!
0'
#174270000
1!
1'
b1000000101 7
#174280000
0!
0'
#174290000
1!
1'
b1000000110 7
#174300000
0!
0'
#174310000
1!
1'
b1000000111 7
#174320000
0!
0'
#174330000
1!
1'
b1000001000 7
#174340000
0!
0'
#174350000
1!
1'
b1000001001 7
#174360000
0!
0'
#174370000
1!
1'
b1000001010 7
#174380000
0!
0'
#174390000
1!
1'
b1000001011 7
#174400000
0!
0'
#174410000
1!
1'
b1000001100 7
#174420000
0!
0'
#174430000
1!
1'
b1000001101 7
#174440000
0!
0'
#174450000
1!
1'
b1000001110 7
#174460000
0!
0'
#174470000
1!
1'
b1000001111 7
#174480000
0!
0'
#174490000
1!
1'
b1000010000 7
#174500000
0!
0'
#174510000
1!
1'
b1000010001 7
#174520000
0!
0'
#174530000
1!
1'
b1000010010 7
#174540000
0!
0'
#174550000
1!
1'
b1000010011 7
#174560000
0!
0'
#174570000
1!
1'
b1000010100 7
#174580000
0!
0'
#174590000
1!
1'
b1000010101 7
#174600000
0!
0'
#174610000
1!
1'
b1000010110 7
#174620000
0!
0'
#174630000
1!
1'
b1000010111 7
#174640000
0!
0'
#174650000
1!
1'
b1000011000 7
#174660000
0!
0'
#174670000
1!
1'
b1000011001 7
#174680000
0!
0'
#174690000
1!
1'
b1000011010 7
#174700000
0!
0'
#174710000
1!
1'
b1000011011 7
#174720000
0!
0'
#174730000
1!
1'
b1000011100 7
#174740000
0!
0'
#174750000
1!
1'
b1000011101 7
#174760000
0!
0'
#174770000
1!
1'
b1000011110 7
#174780000
0!
0'
#174790000
1!
1'
b1000011111 7
#174800000
0!
0'
#174810000
1!
1'
b1000100000 7
#174820000
0!
0'
#174830000
1!
1'
b1000100001 7
#174840000
0!
0'
#174850000
1!
1'
b1000100010 7
#174860000
0!
0'
#174870000
1!
1'
b1000100011 7
#174880000
0!
0'
#174890000
1!
1'
b1000100100 7
#174900000
0!
0'
#174910000
1!
1'
b1000100101 7
#174920000
0!
0'
#174930000
1!
1'
b1000100110 7
#174940000
0!
0'
#174950000
1!
1'
b1000100111 7
#174960000
0!
0'
#174970000
1!
1'
b1000101000 7
#174980000
0!
0'
#174990000
1!
1'
b1000101001 7
#175000000
0!
0'
#175010000
1!
1'
b1000101010 7
#175020000
0!
0'
#175030000
1!
1'
b1000101011 7
#175040000
0!
0'
#175050000
1!
1'
b1000101100 7
#175060000
0!
0'
#175070000
1!
1'
b1000101101 7
#175080000
0!
0'
#175090000
1!
1'
b1000101110 7
#175100000
0!
0'
#175110000
1!
1'
b1000101111 7
#175120000
0!
0'
#175130000
1!
1'
b1000110000 7
#175140000
0!
0'
#175150000
1!
1'
b1000110001 7
#175160000
0!
0'
#175170000
1!
1'
b1000110010 7
#175180000
0!
0'
#175190000
1!
1'
b1000110011 7
#175200000
0!
0'
#175210000
1!
1'
b1000110100 7
#175220000
0!
0'
#175230000
1!
1'
b1000110101 7
#175240000
0!
0'
#175250000
1!
1'
b1000110110 7
#175260000
0!
0'
#175270000
1!
1'
b1000110111 7
#175280000
0!
0'
#175290000
1!
1'
b1000111000 7
#175300000
0!
0'
#175310000
1!
1'
b1000111001 7
#175320000
0!
0'
#175330000
1!
1'
b1000111010 7
#175340000
0!
0'
#175350000
1!
1'
b1000111011 7
#175360000
0!
0'
#175370000
1!
1'
b1000111100 7
#175380000
0!
0'
#175390000
1!
1'
b1000111101 7
#175400000
0!
0'
#175410000
1!
1'
b1000111110 7
#175420000
0!
0'
#175430000
1!
1'
b1000111111 7
#175440000
0!
0'
#175450000
1!
1'
b1001000000 7
#175460000
0!
0'
#175470000
1!
1'
b1001000001 7
#175480000
0!
0'
#175490000
1!
1'
b1001000010 7
#175500000
0!
0'
#175510000
1!
1'
b1001000011 7
#175520000
0!
0'
#175530000
1!
1'
b1001000100 7
#175540000
0!
0'
#175550000
1!
1'
b1001000101 7
#175560000
0!
0'
#175570000
1!
1'
b1001000110 7
#175580000
0!
0'
#175590000
1!
1'
b1001000111 7
#175600000
0!
0'
#175610000
1!
1'
b1001001000 7
#175620000
0!
0'
#175630000
1!
1'
b1001001001 7
#175640000
0!
0'
#175650000
1!
1'
b1001001010 7
#175660000
0!
0'
#175670000
1!
1'
b1001001011 7
#175680000
0!
0'
#175690000
1!
1'
b1001001100 7
#175700000
0!
0'
#175710000
1!
1'
b1001001101 7
#175720000
0!
0'
#175730000
1!
1'
b1001001110 7
#175740000
0!
0'
#175750000
1!
1'
b1001001111 7
#175760000
0!
0'
#175770000
1!
1'
b1001010000 7
#175780000
0!
0'
#175790000
1!
1'
b1001010001 7
#175800000
0!
0'
#175810000
1!
1'
b1001010010 7
#175820000
0!
0'
#175830000
1!
1'
b1001010011 7
#175840000
0!
0'
#175850000
1!
1'
b1001010100 7
#175860000
0!
0'
#175870000
1!
1'
b1001010101 7
#175880000
0!
0'
#175890000
1!
1'
b1001010110 7
#175900000
0!
0'
#175910000
1!
1'
b1001010111 7
#175920000
0!
0'
#175930000
1!
1'
b1001011000 7
#175940000
0!
0'
#175950000
1!
1'
b1001011001 7
#175960000
0!
0'
#175970000
1!
1'
b1001011010 7
#175980000
0!
0'
#175990000
1!
1'
b1001011011 7
#176000000
0!
0'
#176010000
1!
1'
b1001011100 7
#176020000
0!
0'
#176030000
1!
1'
b1001011101 7
#176040000
0!
0'
#176050000
1!
1'
b1001011110 7
#176060000
0!
0'
#176070000
1!
1'
b1001011111 7
#176080000
0!
0'
#176090000
1!
1'
b1001100000 7
#176100000
0!
0'
#176110000
1!
1'
b1001100001 7
#176120000
0!
0'
#176130000
1!
1'
b1001100010 7
#176140000
0!
0'
#176150000
1!
1'
b1001100011 7
#176160000
0!
0'
#176170000
1!
1'
b1001100100 7
#176180000
0!
0'
#176190000
1!
1'
b1001100101 7
#176200000
0!
0'
#176210000
1!
1'
b1001100110 7
#176220000
0!
0'
#176230000
1!
1'
b1001100111 7
#176240000
0!
0'
#176250000
1!
1'
b1001101000 7
#176260000
0!
0'
#176270000
1!
1'
b1001101001 7
#176280000
0!
0'
#176290000
1!
1'
b1001101010 7
#176300000
0!
0'
#176310000
1!
1'
b1001101011 7
#176320000
0!
0'
#176330000
1!
1'
b1001101100 7
#176340000
0!
0'
#176350000
1!
1'
b1001101101 7
#176360000
0!
0'
#176370000
1!
1'
b1001101110 7
#176380000
0!
0'
#176390000
1!
1'
b1001101111 7
#176400000
0!
0'
#176410000
1!
1'
b1001110000 7
#176420000
0!
0'
#176430000
1!
1'
b1001110001 7
#176440000
0!
0'
#176450000
1!
1'
b1001110010 7
#176460000
0!
0'
#176470000
1!
1'
b1001110011 7
#176480000
0!
0'
#176490000
1!
1'
b1001110100 7
#176500000
0!
0'
#176510000
1!
1'
b1001110101 7
#176520000
0!
0'
#176530000
1!
1'
b1001110110 7
#176540000
0!
0'
#176550000
1!
1'
b1001110111 7
#176560000
0!
0'
#176570000
1!
1'
b1001111000 7
#176580000
0!
0'
#176590000
1!
1'
b1001111001 7
#176600000
0!
0'
#176610000
1!
1'
b1001111010 7
#176620000
0!
0'
#176630000
1!
1'
b1001111011 7
#176640000
0!
0'
#176650000
1!
1'
b1001111100 7
#176660000
0!
0'
#176670000
1!
1'
b1001111101 7
#176680000
0!
0'
#176690000
1!
1'
b1001111110 7
#176700000
0!
0'
#176710000
1!
1'
b1001111111 7
#176720000
0!
0'
#176730000
1!
1'
b1010000000 7
#176740000
0!
0'
#176750000
1!
1'
b1010000001 7
#176760000
0!
0'
#176770000
1!
1'
b1010000010 7
#176780000
0!
0'
#176790000
1!
1'
b1010000011 7
#176800000
0!
0'
#176810000
1!
1'
b1010000100 7
#176820000
0!
0'
#176830000
1!
1'
b1010000101 7
#176840000
0!
0'
#176850000
1!
1'
b1010000110 7
#176860000
0!
0'
#176870000
1!
1'
b1010000111 7
#176880000
0!
0'
#176890000
1!
1'
b1010001000 7
#176900000
0!
0'
#176910000
1!
1'
b1010001001 7
#176920000
0!
0'
#176930000
1!
1'
b1010001010 7
#176940000
0!
0'
#176950000
1!
1'
b1010001011 7
#176960000
0!
0'
#176970000
1!
1'
b1010001100 7
#176980000
0!
0'
#176990000
1!
1'
b1010001101 7
#177000000
0!
0'
#177010000
1!
1'
b1010001110 7
#177020000
0!
0'
#177030000
1!
1'
b1010001111 7
#177040000
0!
0'
#177050000
1!
1'
b1010010000 7
#177060000
0!
0'
#177070000
1!
1'
b1010010001 7
#177080000
0!
0'
#177090000
1!
1'
b1010010010 7
#177100000
0!
0'
#177110000
1!
1'
b1010010011 7
#177120000
0!
0'
#177130000
1!
1'
b1010010100 7
#177140000
0!
0'
#177150000
1!
1'
b1010010101 7
#177160000
0!
0'
#177170000
1!
1'
b1010010110 7
#177180000
0!
0'
#177190000
1!
1'
b1010010111 7
#177200000
0!
0'
#177210000
1!
1'
b1010011000 7
#177220000
0!
0'
#177230000
1!
1'
b1010011001 7
#177240000
0!
0'
#177250000
1!
1'
b1010011010 7
#177260000
0!
0'
#177270000
1!
1'
b1010011011 7
#177280000
0!
0'
#177290000
1!
1'
b1010011100 7
#177300000
0!
0'
#177310000
1!
1'
b1010011101 7
#177320000
0!
0'
#177330000
1!
1'
b1010011110 7
#177340000
0!
0'
#177350000
1!
1'
b1010011111 7
#177360000
0!
0'
#177370000
1!
1'
b1010100000 7
#177380000
0!
0'
#177390000
1!
1'
b1010100001 7
#177400000
0!
0'
#177410000
1!
1'
b1010100010 7
#177420000
0!
0'
#177430000
1!
1'
b1010100011 7
#177440000
0!
0'
#177450000
1!
1'
b1010100100 7
#177460000
0!
0'
#177470000
1!
1'
b1010100101 7
#177480000
0!
0'
#177490000
1!
1'
b1010100110 7
#177500000
0!
0'
#177510000
1!
1'
b1010100111 7
#177520000
0!
0'
#177530000
1!
1'
b1010101000 7
#177540000
0!
0'
#177550000
1!
1'
b1010101001 7
#177560000
0!
0'
#177570000
1!
1'
b1010101010 7
#177580000
0!
0'
#177590000
1!
1'
b1010101011 7
#177600000
0!
0'
#177610000
1!
1'
b1010101100 7
#177620000
0!
0'
#177630000
1!
1'
b1010101101 7
#177640000
0!
0'
#177650000
1!
1'
b1010101110 7
#177660000
0!
0'
#177670000
1!
1'
b1010101111 7
#177680000
0!
0'
#177690000
1!
1'
b1010110000 7
#177700000
0!
0'
#177710000
1!
1'
b1010110001 7
#177720000
0!
0'
#177730000
1!
1'
b1010110010 7
#177740000
0!
0'
#177750000
1!
1'
b1010110011 7
#177760000
0!
0'
#177770000
1!
1'
b1010110100 7
#177780000
0!
0'
#177790000
1!
1'
b1010110101 7
#177800000
0!
0'
#177810000
1!
1'
b1010110110 7
#177820000
0!
0'
#177830000
1!
1'
b1010110111 7
#177840000
0!
0'
#177850000
1!
1'
b1010111000 7
#177860000
0!
0'
#177870000
1!
1'
b1010111001 7
#177880000
0!
0'
#177890000
1!
1'
b1010111010 7
#177900000
0!
0'
#177910000
1!
1'
b1010111011 7
#177920000
0!
0'
#177930000
1!
1'
b1010111100 7
#177940000
0!
0'
#177950000
1!
1'
b1010111101 7
#177960000
0!
0'
#177970000
1!
1'
b1010111110 7
#177980000
0!
0'
#177990000
1!
1'
b1010111111 7
#178000000
0!
0'
#178010000
1!
1'
b1011000000 7
#178020000
0!
0'
#178030000
1!
1'
b1011000001 7
#178040000
0!
0'
#178050000
1!
1'
b1011000010 7
#178060000
0!
0'
#178070000
1!
1'
b1011000011 7
#178080000
0!
0'
#178090000
1!
1'
b1011000100 7
#178100000
0!
0'
#178110000
1!
1'
b1011000101 7
#178120000
0!
0'
#178130000
1!
1'
b1011000110 7
#178140000
0!
0'
#178150000
1!
1'
b1011000111 7
#178160000
0!
0'
#178170000
1!
1'
b1011001000 7
#178180000
0!
0'
#178190000
1!
1'
b1011001001 7
#178200000
0!
0'
#178210000
1!
1'
b1011001010 7
#178220000
0!
0'
#178230000
1!
1'
b1011001011 7
#178240000
0!
0'
#178250000
1!
1'
b1011001100 7
#178260000
0!
0'
#178270000
1!
1'
b1011001101 7
#178280000
0!
0'
#178290000
1!
1'
b1011001110 7
#178300000
0!
0'
#178310000
1!
1'
b1011001111 7
#178320000
0!
0'
#178330000
1!
1'
b1011010000 7
#178340000
0!
0'
#178350000
1!
1'
b1011010001 7
#178360000
0!
0'
#178370000
1!
1'
b1011010010 7
#178380000
0!
0'
#178390000
1!
1'
b1011010011 7
#178400000
0!
0'
#178410000
1!
1'
b1011010100 7
#178420000
0!
0'
#178430000
1!
1'
b1011010101 7
#178440000
0!
0'
#178450000
1!
1'
b1011010110 7
#178460000
0!
0'
#178470000
1!
1'
b1011010111 7
#178480000
0!
0'
#178490000
1!
1'
b1011011000 7
#178500000
0!
0'
#178510000
1!
1'
b1011011001 7
#178520000
0!
0'
#178530000
1!
1'
b1011011010 7
#178540000
0!
0'
#178550000
1!
1'
b1011011011 7
#178560000
0!
0'
#178570000
1!
1'
b1011011100 7
#178580000
0!
0'
#178590000
1!
1'
b1011011101 7
#178600000
0!
0'
#178610000
1!
1'
b1011011110 7
#178620000
0!
0'
#178630000
1!
1'
b1011011111 7
#178640000
0!
0'
#178650000
1!
1'
b1011100000 7
#178660000
0!
0'
#178670000
1!
1'
b1011100001 7
#178680000
0!
0'
#178690000
1!
1'
b1011100010 7
#178700000
0!
0'
#178710000
1!
1'
b1011100011 7
#178720000
0!
0'
#178730000
1!
1'
b1011100100 7
#178740000
0!
0'
#178750000
1!
1'
b1011100101 7
#178760000
0!
0'
#178770000
1!
1'
b1011100110 7
#178780000
0!
0'
#178790000
1!
1'
b1011100111 7
#178800000
0!
0'
#178810000
1!
1'
b1011101000 7
#178820000
0!
0'
#178830000
1!
1'
b1011101001 7
#178840000
0!
0'
#178850000
1!
1'
b1011101010 7
#178860000
0!
0'
#178870000
1!
1'
b1011101011 7
#178880000
0!
0'
#178890000
1!
1'
b1011101100 7
#178900000
0!
0'
#178910000
1!
1'
b1011101101 7
#178920000
0!
0'
#178930000
1!
1'
b1011101110 7
#178940000
0!
0'
#178950000
1!
1'
b1011101111 7
#178960000
0!
0'
#178970000
1!
1'
b1011110000 7
#178980000
0!
0'
#178990000
1!
1'
b1011110001 7
#179000000
0!
0'
#179010000
1!
1'
b1011110010 7
#179020000
0!
0'
#179030000
1!
1'
b1011110011 7
#179040000
0!
0'
#179050000
1!
1'
b1011110100 7
#179060000
0!
0'
#179070000
1!
1'
b1011110101 7
#179080000
0!
0'
#179090000
1!
1'
b1011110110 7
#179100000
0!
0'
#179110000
1!
1'
b1011110111 7
#179120000
0!
0'
#179130000
1!
1'
b1011111000 7
#179140000
0!
0'
#179150000
1!
1'
b1011111001 7
#179160000
0!
0'
#179170000
1!
1'
b1011111010 7
#179180000
0!
0'
#179190000
1!
1'
b1011111011 7
#179200000
0!
0'
#179210000
1!
1'
b1011111100 7
#179220000
0!
0'
#179230000
1!
1'
b1011111101 7
#179240000
0!
0'
#179250000
1!
1'
b1011111110 7
#179260000
0!
0'
#179270000
1!
1'
b1011111111 7
#179280000
0!
0'
#179290000
1!
1'
b1100000000 7
#179300000
0!
0'
#179310000
1!
1'
b1100000001 7
#179320000
0!
0'
#179330000
1!
1'
b1100000010 7
#179340000
0!
0'
#179350000
1!
1'
b1100000011 7
#179360000
0!
0'
#179370000
1!
1'
b1100000100 7
#179380000
0!
0'
#179390000
1!
1'
b1100000101 7
#179400000
0!
0'
#179410000
1!
1'
b1100000110 7
#179420000
0!
0'
#179430000
1!
1'
b1100000111 7
#179440000
0!
0'
#179450000
1!
1'
b1100001000 7
#179460000
0!
0'
#179470000
1!
1'
b1100001001 7
#179480000
0!
0'
#179490000
1!
1'
b1100001010 7
#179500000
0!
0'
#179510000
1!
1'
b1100001011 7
#179520000
0!
0'
#179530000
1!
1'
b1100001100 7
#179540000
0!
0'
#179550000
1!
1'
b1100001101 7
#179560000
0!
0'
#179570000
1!
1'
b1100001110 7
#179580000
0!
0'
#179590000
1!
1'
b1100001111 7
#179600000
0!
0'
#179610000
1!
1'
b1100010000 7
#179620000
0!
0'
#179630000
1!
1'
b1100010001 7
#179640000
0!
0'
#179650000
1!
1'
b1100010010 7
#179660000
0!
0'
#179670000
1!
1'
b1100010011 7
#179680000
0!
0'
#179690000
1!
1'
b1100010100 7
#179700000
0!
0'
#179710000
1!
1'
b1100010101 7
#179720000
0!
0'
#179730000
1!
1'
b1100010110 7
#179740000
0!
0'
#179750000
1!
1'
b1100010111 7
#179760000
0!
0'
#179770000
1!
1'
b1100011000 7
#179780000
0!
0'
#179790000
1!
1'
b1100011001 7
#179800000
0!
0'
#179810000
1!
1'
b1100011010 7
#179820000
0!
0'
#179830000
1!
1'
b1100011011 7
#179840000
0!
0'
#179850000
1!
1'
b1100011100 7
#179860000
0!
0'
#179870000
1!
1'
b1100011101 7
#179880000
0!
0'
#179890000
1!
1'
b1100011110 7
#179900000
0!
0'
#179910000
1!
1'
b1100011111 7
#179920000
0!
0'
#179930000
1!
1'
b1100100000 7
#179940000
0!
0'
#179950000
1!
1'
b1100100001 7
#179960000
0!
0'
#179970000
1!
1'
b1100100010 7
#179980000
0!
0'
#179990000
1!
1'
b1100100011 7
#180000000
0!
0'
#180010000
1!
1'
b1100100100 7
#180020000
0!
0'
#180030000
1!
1'
b1100100101 7
#180040000
0!
0'
#180050000
1!
1'
b1100100110 7
#180060000
0!
0'
#180070000
1!
1'
b1100100111 7
#180080000
0!
0'
#180090000
1!
1'
b1100101000 7
#180100000
0!
0'
#180110000
1!
1'
b1100101001 7
#180120000
0!
0'
#180130000
1!
1'
b1100101010 7
#180140000
0!
0'
#180150000
1!
1'
b1100101011 7
#180160000
0!
0'
#180170000
1!
1'
b1100101100 7
#180180000
0!
0'
#180190000
1!
1'
b1100101101 7
#180200000
0!
0'
#180210000
1!
1'
b1100101110 7
#180220000
0!
0'
#180230000
1!
1'
b1100101111 7
#180240000
0!
0'
#180250000
1!
1'
b1100110000 7
#180260000
0!
0'
#180270000
1!
1'
b1100110001 7
#180280000
0!
0'
#180290000
1!
1'
b1100110010 7
#180300000
0!
0'
#180310000
1!
1'
b1100110011 7
#180320000
0!
0'
#180330000
1!
1'
b1100110100 7
#180340000
0!
0'
#180350000
1!
1'
b1100110101 7
#180360000
0!
0'
#180370000
1!
1'
b1100110110 7
#180380000
0!
0'
#180390000
1!
1'
b1100110111 7
#180400000
0!
0'
#180410000
1!
1'
b1100111000 7
#180420000
0!
0'
#180430000
1!
1'
b1100111001 7
#180440000
0!
0'
#180450000
1!
1'
b1100111010 7
#180460000
0!
0'
#180470000
1!
1'
b1100111011 7
#180480000
0!
0'
#180490000
1!
1'
b1100111100 7
#180500000
0!
0'
#180510000
1!
1'
b1100111101 7
#180520000
0!
0'
#180530000
1!
1'
b1100111110 7
#180540000
0!
0'
#180550000
1!
1'
b1100111111 7
#180560000
0!
0'
#180570000
1!
1'
b1101000000 7
#180580000
0!
0'
#180590000
1!
1'
b1101000001 7
#180600000
0!
0'
#180610000
1!
1'
b1101000010 7
#180620000
0!
0'
#180630000
1!
1'
b1101000011 7
#180640000
0!
0'
#180650000
1!
1'
b1101000100 7
#180660000
0!
0'
#180670000
1!
1'
b1101000101 7
#180680000
0!
0'
#180690000
1!
1'
b1101000110 7
#180700000
0!
0'
#180710000
1!
1'
b1101000111 7
#180720000
0!
0'
#180730000
1!
1'
b1101001000 7
#180740000
0!
0'
#180750000
1!
1'
b1101001001 7
#180760000
0!
0'
#180770000
1!
1'
b1101001010 7
#180780000
0!
0'
#180790000
1!
1'
b1101001011 7
#180800000
0!
0'
#180810000
1!
1'
b1101001100 7
#180820000
0!
0'
#180830000
1!
1'
b1101001101 7
#180840000
0!
0'
#180850000
1!
1'
b1101001110 7
#180860000
0!
0'
#180870000
1!
1'
b1101001111 7
#180880000
0!
0'
#180890000
1!
1'
b1101010000 7
#180900000
0!
0'
#180910000
1!
1'
b1101010001 7
#180920000
0!
0'
#180930000
1!
1'
b1101010010 7
#180940000
0!
0'
#180950000
1!
1'
b1101010011 7
#180960000
0!
0'
#180970000
1!
1'
b1101010100 7
#180980000
0!
0'
#180990000
1!
1'
b1101010101 7
#181000000
0!
0'
#181010000
1!
1'
b1101010110 7
#181020000
0!
0'
#181030000
1!
1'
b1101010111 7
#181040000
0!
0'
#181050000
1!
1'
b1101011000 7
#181060000
0!
0'
#181070000
1!
1'
b1101011001 7
#181080000
0!
0'
#181090000
1!
1'
b1101011010 7
#181100000
0!
0'
#181110000
1!
1'
b1101011011 7
#181120000
0!
0'
#181130000
1!
1'
b1101011100 7
#181140000
0!
0'
#181150000
1!
1'
b1101011101 7
#181160000
0!
0'
#181170000
1!
1'
b1101011110 7
#181180000
0!
0'
#181190000
1!
1'
b1101011111 7
#181200000
0!
0'
#181210000
1!
1'
b1101100000 7
#181220000
0!
0'
#181230000
1!
1'
b1101100001 7
#181240000
0!
0'
#181250000
1!
1'
b1101100010 7
#181260000
0!
0'
#181270000
1!
1'
b1101100011 7
#181280000
0!
0'
#181290000
1!
1'
b1101100100 7
#181300000
0!
0'
#181310000
1!
1'
b1101100101 7
#181320000
0!
0'
#181330000
1!
1'
b1101100110 7
#181340000
0!
0'
#181350000
1!
1'
b1101100111 7
#181360000
0!
0'
#181370000
1!
1'
b1101101000 7
#181380000
0!
0'
#181390000
1!
1'
b1101101001 7
#181400000
0!
0'
#181410000
1!
1'
b1101101010 7
#181420000
0!
0'
#181430000
1!
1'
b1101101011 7
#181440000
0!
0'
#181450000
1!
1'
b1101101100 7
#181460000
0!
0'
#181470000
1!
1'
b1101101101 7
#181480000
0!
0'
#181490000
1!
1'
b1101101110 7
#181500000
0!
0'
#181510000
1!
1'
b1101101111 7
#181520000
0!
0'
#181530000
1!
1'
b1101110000 7
#181540000
0!
0'
#181550000
1!
1'
b1101110001 7
#181560000
0!
0'
#181570000
1!
1'
b1101110010 7
#181580000
0!
0'
#181590000
1!
1'
b1101110011 7
#181600000
0!
0'
#181610000
1!
1'
b1101110100 7
#181620000
0!
0'
#181630000
1!
1'
b1101110101 7
#181640000
0!
0'
#181650000
1!
1'
b1101110110 7
#181660000
0!
0'
#181670000
1!
1'
b1101110111 7
#181680000
0!
0'
#181690000
1!
1'
b1101111000 7
#181700000
0!
0'
#181710000
1!
1'
b1101111001 7
#181720000
0!
0'
#181730000
1!
1'
b1101111010 7
#181740000
0!
0'
#181750000
1!
1'
b1101111011 7
#181760000
0!
0'
#181770000
1!
1'
b1101111100 7
#181780000
0!
0'
#181790000
1!
1'
b1101111101 7
#181800000
0!
0'
#181810000
1!
1'
b1101111110 7
#181820000
0!
0'
#181830000
1!
1'
b1101111111 7
#181840000
0!
0'
#181850000
1!
1'
b1110000000 7
#181860000
0!
0'
#181870000
1!
1'
b1110000001 7
#181880000
0!
0'
#181890000
1!
1'
b1110000010 7
#181900000
0!
0'
#181910000
1!
1'
b1110000011 7
#181920000
0!
0'
#181930000
1!
1'
b1110000100 7
#181940000
0!
0'
#181950000
1!
1'
b1110000101 7
#181960000
0!
0'
#181970000
1!
1'
b1110000110 7
#181980000
0!
0'
#181990000
1!
1'
b1110000111 7
#182000000
0!
0'
#182010000
1!
1'
b1110001000 7
#182020000
0!
0'
#182030000
1!
1'
b1110001001 7
#182040000
0!
0'
#182050000
1!
1'
b1110001010 7
#182060000
0!
0'
#182070000
1!
1'
b1110001011 7
#182080000
0!
0'
#182090000
1!
1'
b1110001100 7
#182100000
0!
0'
#182110000
1!
1'
b1110001101 7
#182120000
0!
0'
#182130000
1!
1'
b1110001110 7
#182140000
0!
0'
#182150000
1!
1'
b1110001111 7
#182160000
0!
0'
#182170000
1!
1'
b1110010000 7
#182180000
0!
0'
#182190000
1!
1'
b1110010001 7
#182200000
0!
0'
#182210000
1!
1'
b1110010010 7
#182220000
0!
0'
#182230000
1!
1'
b1110010011 7
#182240000
0!
0'
#182250000
1!
1'
b1110010100 7
#182260000
0!
0'
#182270000
1!
1'
b1110010101 7
#182280000
0!
0'
#182290000
1!
1'
b1110010110 7
#182300000
0!
0'
#182310000
1!
1'
b1110010111 7
#182320000
0!
0'
#182330000
1!
1'
b1110011000 7
#182340000
0!
0'
#182350000
1!
1'
b1110011001 7
#182360000
0!
0'
#182370000
1!
1'
b1110011010 7
#182380000
0!
0'
#182390000
1!
1'
b1110011011 7
#182400000
0!
0'
#182410000
1!
1'
b1110011100 7
#182420000
0!
0'
#182430000
1!
1'
b1110011101 7
#182440000
0!
0'
#182450000
1!
1'
b1110011110 7
#182460000
0!
0'
#182470000
1!
1'
b1110011111 7
#182480000
0!
0'
#182490000
1!
1'
b1110100000 7
#182500000
0!
0'
#182510000
1!
1'
b1110100001 7
#182520000
0!
0'
#182530000
1!
1'
b1110100010 7
#182540000
0!
0'
#182550000
1!
1'
b1110100011 7
#182560000
0!
0'
#182570000
1!
1'
b1110100100 7
#182580000
0!
0'
#182590000
1!
1'
b1110100101 7
#182600000
0!
0'
#182610000
1!
1'
b1110100110 7
#182620000
0!
0'
#182630000
1!
1'
b1110100111 7
#182640000
0!
0'
#182650000
1!
1'
b1110101000 7
#182660000
0!
0'
#182670000
1!
1'
b1110101001 7
#182680000
0!
0'
#182690000
1!
1'
b1110101010 7
#182700000
0!
0'
#182710000
1!
1'
b1110101011 7
#182720000
0!
0'
#182730000
1!
1'
b1110101100 7
#182740000
0!
0'
#182750000
1!
1'
b1110101101 7
#182760000
0!
0'
#182770000
1!
1'
b1110101110 7
#182780000
0!
0'
#182790000
1!
1'
b1110101111 7
#182800000
0!
0'
#182810000
1!
1'
b1110110000 7
#182820000
0!
0'
#182830000
1!
1'
b1110110001 7
#182840000
0!
0'
#182850000
1!
1'
b1110110010 7
#182860000
0!
0'
#182870000
1!
1'
b1110110011 7
#182880000
0!
0'
#182890000
1!
1'
b1110110100 7
#182900000
0!
0'
#182910000
1!
1'
b1110110101 7
#182920000
0!
0'
#182930000
1!
1'
b1110110110 7
#182940000
0!
0'
#182950000
1!
1'
b1110110111 7
#182960000
0!
0'
#182970000
1!
1'
b1110111000 7
#182980000
0!
0'
#182990000
1!
1'
b1110111001 7
#183000000
0!
0'
#183010000
1!
1'
b1110111010 7
#183020000
0!
0'
#183030000
1!
1'
b1110111011 7
#183040000
0!
0'
#183050000
1!
1'
b1110111100 7
#183060000
0!
0'
#183070000
1!
1'
b1110111101 7
#183080000
0!
0'
#183090000
1!
1'
b1110111110 7
#183100000
0!
0'
#183110000
1!
1'
b1110111111 7
#183120000
0!
0'
#183130000
1!
1'
b1111000000 7
#183140000
0!
0'
#183150000
1!
1'
b1111000001 7
#183160000
0!
0'
#183170000
1!
1'
b1111000010 7
#183180000
0!
0'
#183190000
1!
1'
b1111000011 7
#183200000
0!
0'
#183210000
1!
1'
b1111000100 7
#183220000
0!
0'
#183230000
1!
1'
b1111000101 7
#183240000
0!
0'
#183250000
1!
1'
b1111000110 7
#183260000
0!
0'
#183270000
1!
1'
b1111000111 7
#183280000
0!
0'
#183290000
1!
1'
b1111001000 7
#183300000
0!
0'
#183310000
1!
1'
b1111001001 7
#183320000
0!
0'
#183330000
1!
1'
b1111001010 7
#183340000
0!
0'
#183350000
1!
1'
b1111001011 7
#183360000
0!
0'
#183370000
1!
1'
b1111001100 7
#183380000
0!
0'
#183390000
1!
1'
b1111001101 7
#183400000
0!
0'
#183410000
1!
1'
b1111001110 7
#183420000
0!
0'
#183430000
1!
1'
b1111001111 7
#183440000
0!
0'
#183450000
1!
1'
b1111010000 7
#183460000
0!
0'
#183470000
1!
1'
b1111010001 7
#183480000
0!
0'
#183490000
1!
1'
b1111010010 7
#183500000
0!
0'
#183510000
1!
1'
b1111010011 7
#183520000
0!
0'
#183530000
1!
1'
b1111010100 7
#183540000
0!
0'
#183550000
1!
1'
b1111010101 7
#183560000
0!
0'
#183570000
1!
1'
b1111010110 7
#183580000
0!
0'
#183590000
1!
1'
b1111010111 7
#183600000
0!
0'
#183610000
1!
1'
b1111011000 7
#183620000
0!
0'
#183630000
1!
1'
b1111011001 7
#183640000
0!
0'
#183650000
1!
1'
b1111011010 7
#183660000
0!
0'
#183670000
1!
1'
b1111011011 7
#183680000
0!
0'
#183690000
1!
1'
b1111011100 7
#183700000
0!
0'
#183710000
1!
1'
b1111011101 7
#183720000
0!
0'
#183730000
1!
1'
b1111011110 7
#183740000
0!
0'
#183750000
1!
1'
b1111011111 7
#183760000
0!
0'
#183770000
1!
1'
b1111100000 7
#183780000
0!
0'
#183790000
1!
1'
b1111100001 7
#183800000
0!
0'
#183810000
1!
1'
b1111100010 7
#183820000
0!
0'
#183830000
1!
1'
b1111100011 7
#183840000
0!
0'
#183850000
1!
1'
b1111100100 7
#183860000
0!
0'
#183870000
1!
1'
b1111100101 7
#183880000
0!
0'
#183890000
1!
1'
b1111100110 7
#183900000
0!
0'
#183910000
1!
1'
b1111100111 7
#183920000
0!
0'
#183930000
1!
1'
b1111101000 7
#183940000
0!
0'
#183950000
1!
1'
b1111101001 7
#183960000
0!
0'
#183970000
1!
1'
b1111101010 7
#183980000
0!
0'
#183990000
1!
1'
b1111101011 7
#184000000
0!
0'
#184010000
1!
1'
b1111101100 7
#184020000
0!
0'
#184030000
1!
1'
b1111101101 7
#184040000
0!
0'
#184050000
1!
1'
b1111101110 7
#184060000
0!
0'
#184070000
1!
1'
b1111101111 7
#184080000
0!
0'
#184090000
1!
1'
b1111110000 7
#184100000
0!
0'
#184110000
1!
1'
b1111110001 7
#184120000
0!
0'
#184130000
1!
1'
b1111110010 7
#184140000
0!
0'
#184150000
1!
1'
b1111110011 7
#184160000
0!
0'
#184170000
1!
1'
b1111110100 7
#184180000
0!
0'
#184190000
1!
1'
b1111110101 7
#184200000
0!
0'
#184210000
1!
1'
b1111110110 7
#184220000
0!
0'
#184230000
1!
1'
b1111110111 7
#184240000
0!
0'
#184250000
1!
1'
b1111111000 7
#184260000
0!
0'
#184270000
1!
1'
b1111111001 7
#184280000
0!
0'
#184290000
1!
1'
b1111111010 7
#184300000
0!
0'
#184310000
1!
1'
b1111111011 7
#184320000
0!
0'
#184330000
1!
1'
b1111111100 7
#184340000
0!
0'
#184350000
1!
1'
b1111111101 7
#184360000
0!
0'
#184370000
1!
1'
b1111111110 7
#184380000
0!
0'
#184390000
1!
1'
b1111111111 7
#184400000
0!
0'
#184410000
1!
1'
b10000000000 7
#184420000
0!
0'
#184430000
1!
1'
b10000000001 7
#184440000
0!
0'
#184450000
1!
1'
b10000000010 7
#184460000
0!
0'
#184470000
1!
1'
b10000000011 7
#184480000
0!
0'
#184490000
1!
1'
b10000000100 7
#184500000
0!
0'
#184510000
1!
1'
b10000000101 7
#184520000
0!
0'
#184530000
1!
1'
b10000000110 7
#184540000
0!
0'
#184550000
1!
1'
b10000000111 7
#184560000
0!
0'
#184570000
1!
1'
b10000001000 7
#184580000
0!
0'
#184590000
1!
1'
b10000001001 7
#184600000
0!
0'
#184610000
1!
1'
b10000001010 7
#184620000
0!
0'
#184630000
1!
1'
b10000001011 7
#184640000
0!
0'
#184650000
1!
1'
b10000001100 7
#184660000
0!
0'
#184670000
1!
1'
b10000001101 7
#184680000
0!
0'
#184690000
1!
1'
b10000001110 7
#184700000
0!
0'
#184710000
1!
1'
b10000001111 7
#184720000
0!
0'
#184730000
1!
1'
b10000010000 7
#184740000
0!
0'
#184750000
1!
1'
b10000010001 7
#184760000
0!
0'
#184770000
1!
1'
b10000010010 7
#184780000
0!
0'
#184790000
1!
1'
b10000010011 7
#184800000
0!
0'
#184810000
1!
1'
b10000010100 7
#184820000
0!
0'
#184830000
1!
1'
b10000010101 7
#184840000
0!
0'
#184850000
1!
1'
b10000010110 7
#184860000
0!
0'
#184870000
1!
1'
b10000010111 7
#184880000
0!
0'
#184890000
1!
1'
b10000011000 7
#184900000
0!
0'
#184910000
1!
1'
b10000011001 7
#184920000
0!
0'
#184930000
1!
1'
b10000011010 7
#184940000
0!
0'
#184950000
1!
1'
b10000011011 7
#184960000
0!
0'
#184970000
1!
1'
b10000011100 7
#184980000
0!
0'
#184990000
1!
1'
b10000011101 7
#185000000
0!
0'
#185010000
1!
1'
b10000011110 7
#185020000
0!
0'
#185030000
1!
1'
b10000011111 7
#185040000
0!
0'
#185050000
1!
1'
b10000100000 7
#185060000
0!
0'
#185070000
1!
1'
b10000100001 7
#185080000
0!
0'
#185090000
1!
1'
b10000100010 7
#185100000
0!
0'
#185110000
1!
1'
b10000100011 7
#185120000
0!
0'
#185130000
1!
1'
b10000100100 7
#185140000
0!
0'
#185150000
1!
1'
b10000100101 7
#185160000
0!
0'
#185170000
1!
1'
b10000100110 7
#185180000
0!
0'
#185190000
1!
1'
b10000100111 7
#185200000
0!
0'
#185210000
1!
1'
b10000101000 7
#185220000
0!
0'
#185230000
1!
1'
b10000101001 7
#185240000
0!
0'
#185250000
1!
1'
b10000101010 7
#185260000
0!
0'
#185270000
1!
1'
b10000101011 7
#185280000
0!
0'
#185290000
1!
1'
b10000101100 7
#185300000
0!
0'
#185310000
1!
1'
b10000101101 7
#185320000
0!
0'
#185330000
1!
1'
b10000101110 7
#185340000
0!
0'
#185350000
1!
1'
b10000101111 7
#185360000
0!
0'
#185370000
1!
1'
b10000110000 7
#185380000
0!
0'
#185390000
1!
1'
b10000110001 7
#185400000
0!
0'
#185410000
1!
1'
b10000110010 7
#185420000
0!
0'
#185430000
1!
1'
b10000110011 7
#185440000
0!
0'
#185450000
1!
1'
b10000110100 7
#185460000
0!
0'
#185470000
1!
1'
b10000110101 7
#185480000
0!
0'
#185490000
1!
1'
b10000110110 7
#185500000
0!
0'
#185510000
1!
1'
b10000110111 7
#185520000
0!
0'
#185530000
1!
1'
b10000111000 7
#185540000
0!
0'
#185550000
1!
1'
b10000111001 7
#185560000
0!
0'
#185570000
1!
1'
b10000111010 7
#185580000
0!
0'
#185590000
1!
1'
b10000111011 7
#185600000
0!
0'
#185610000
1!
1'
b10000111100 7
#185620000
0!
0'
#185630000
1!
1'
b10000111101 7
#185640000
0!
0'
#185650000
1!
1'
b10000111110 7
#185660000
0!
0'
#185670000
1!
1'
b10000111111 7
#185680000
0!
0'
#185690000
1!
1'
b10001000000 7
#185700000
0!
0'
#185710000
1!
1'
b10001000001 7
#185720000
0!
0'
#185730000
1!
1'
b10001000010 7
#185740000
0!
0'
#185750000
1!
1'
b10001000011 7
#185760000
0!
0'
#185770000
1!
1'
b10001000100 7
#185780000
0!
0'
#185790000
1!
1'
b10001000101 7
#185800000
0!
0'
#185810000
1!
1'
b10001000110 7
#185820000
0!
0'
#185830000
1!
1'
b10001000111 7
#185840000
0!
0'
#185850000
1!
1'
b10001001000 7
#185860000
0!
0'
#185870000
1!
1'
b10001001001 7
#185880000
0!
0'
#185890000
1!
1'
b10001001010 7
#185900000
0!
0'
#185910000
1!
1'
b10001001011 7
#185920000
0!
0'
#185930000
1!
1'
b10001001100 7
#185940000
0!
0'
#185950000
1!
1'
b10001001101 7
#185960000
0!
0'
#185970000
1!
1'
b10001001110 7
#185980000
0!
0'
#185990000
1!
1'
b10001001111 7
#186000000
0!
0'
#186010000
1!
1'
b10001010000 7
#186020000
0!
0'
#186030000
1!
1'
b10001010001 7
#186040000
0!
0'
#186050000
1!
1'
b10001010010 7
#186060000
0!
0'
#186070000
1!
1'
b10001010011 7
#186080000
0!
0'
#186090000
1!
1'
b10001010100 7
#186100000
0!
0'
#186110000
1!
1'
b10001010101 7
#186120000
0!
0'
#186130000
1!
1'
b10001010110 7
#186140000
0!
0'
#186150000
1!
1'
b10001010111 7
#186160000
0!
0'
#186170000
1!
1'
b10001011000 7
#186180000
0!
0'
#186190000
1!
1'
b10001011001 7
#186200000
0!
0'
#186210000
1!
1'
b10001011010 7
#186220000
0!
0'
#186230000
1!
1'
b10001011011 7
#186240000
0!
0'
#186250000
1!
1'
b10001011100 7
#186260000
0!
0'
#186270000
1!
1'
b10001011101 7
#186280000
0!
0'
#186290000
1!
1'
b10001011110 7
#186300000
0!
0'
#186310000
1!
1'
b10001011111 7
#186320000
0!
0'
#186330000
1!
1'
b10001100000 7
#186340000
0!
0'
#186350000
1!
1'
b10001100001 7
#186360000
0!
0'
#186370000
1!
1'
b10001100010 7
#186380000
0!
0'
#186390000
1!
1'
b10001100011 7
#186400000
0!
0'
#186410000
1!
1'
b10001100100 7
#186420000
0!
0'
#186430000
1!
1'
b10001100101 7
#186440000
0!
0'
#186450000
1!
1'
b10001100110 7
#186460000
0!
0'
#186470000
1!
1'
b10001100111 7
#186480000
0!
0'
#186490000
1!
1'
b10001101000 7
#186500000
0!
0'
#186510000
1!
1'
b10001101001 7
#186520000
0!
0'
#186530000
1!
1'
b10001101010 7
#186540000
0!
0'
#186550000
1!
1'
b10001101011 7
#186560000
0!
0'
#186570000
1!
1'
b10001101100 7
#186580000
0!
0'
#186590000
1!
1'
b10001101101 7
#186600000
0!
0'
#186610000
1!
1'
b10001101110 7
#186620000
0!
0'
#186630000
1!
1'
b10001101111 7
#186640000
0!
0'
#186650000
1!
1'
b10001110000 7
#186660000
0!
0'
#186670000
1!
1'
b10001110001 7
#186680000
0!
0'
#186690000
1!
1'
b10001110010 7
#186700000
0!
0'
#186710000
1!
1'
b10001110011 7
#186720000
0!
0'
#186730000
1!
1'
b10001110100 7
#186740000
0!
0'
#186750000
1!
1'
b10001110101 7
#186760000
0!
0'
#186770000
1!
1'
b10001110110 7
#186780000
0!
0'
#186790000
1!
1'
b10001110111 7
#186800000
0!
0'
#186810000
1!
1'
b10001111000 7
#186820000
0!
0'
#186830000
1!
1'
b10001111001 7
#186840000
0!
0'
#186850000
1!
1'
b10001111010 7
#186860000
0!
0'
#186870000
1!
1'
b10001111011 7
#186880000
0!
0'
#186890000
1!
1'
b10001111100 7
#186900000
0!
0'
#186910000
1!
1'
b10001111101 7
#186920000
0!
0'
#186930000
1!
1'
b10001111110 7
#186940000
0!
0'
#186950000
1!
1'
b10001111111 7
#186960000
0!
0'
#186970000
1!
1'
b10010000000 7
#186980000
0!
0'
#186990000
1!
1'
b10010000001 7
#187000000
0!
0'
#187010000
1!
1'
b10010000010 7
#187020000
0!
0'
#187030000
1!
1'
b10010000011 7
#187040000
0!
0'
#187050000
1!
1'
b10010000100 7
#187060000
0!
0'
#187070000
1!
1'
b10010000101 7
#187080000
0!
0'
#187090000
1!
1'
b10010000110 7
#187100000
0!
0'
#187110000
1!
1'
b10010000111 7
#187120000
0!
0'
#187130000
1!
1'
b10010001000 7
#187140000
0!
0'
#187150000
1!
1'
b10010001001 7
#187160000
0!
0'
#187170000
1!
1'
b10010001010 7
#187180000
0!
0'
#187190000
1!
1'
b10010001011 7
#187200000
0!
0'
#187210000
1!
1'
b10010001100 7
#187220000
0!
0'
#187230000
1!
1'
b10010001101 7
#187240000
0!
0'
#187250000
1!
1'
b10010001110 7
#187260000
0!
0'
#187270000
1!
1'
b10010001111 7
#187280000
0!
0'
#187290000
1!
1'
b10010010000 7
#187300000
0!
0'
#187310000
1!
1'
b10010010001 7
#187320000
0!
0'
#187330000
1!
1'
b10010010010 7
#187340000
0!
0'
#187350000
1!
1'
b10010010011 7
#187360000
0!
0'
#187370000
1!
1'
b10010010100 7
#187380000
0!
0'
#187390000
1!
1'
b10010010101 7
#187400000
0!
0'
#187410000
1!
1'
b10010010110 7
#187420000
0!
0'
#187430000
1!
1'
b10010010111 7
#187440000
0!
0'
#187450000
1!
1'
b10010011000 7
#187460000
0!
0'
#187470000
1!
1'
b10010011001 7
#187480000
0!
0'
#187490000
1!
1'
b10010011010 7
#187500000
0!
0'
#187510000
1!
1'
b10010011011 7
#187520000
0!
0'
#187530000
1!
1'
b10010011100 7
#187540000
0!
0'
#187550000
1!
1'
b10010011101 7
#187560000
0!
0'
#187570000
1!
1'
b10010011110 7
#187580000
0!
0'
#187590000
1!
1'
b10010011111 7
#187600000
0!
0'
#187610000
1!
1'
b10010100000 7
#187620000
0!
0'
#187630000
1!
1'
b10010100001 7
#187640000
0!
0'
#187650000
1!
1'
b10010100010 7
#187660000
0!
0'
#187670000
1!
1'
b10010100011 7
#187680000
0!
0'
#187690000
1!
1'
b10010100100 7
#187700000
0!
0'
#187710000
1!
1'
b10010100101 7
#187720000
0!
0'
#187730000
1!
1'
b10010100110 7
#187740000
0!
0'
#187750000
1!
1'
b10010100111 7
#187760000
0!
0'
#187770000
1!
1'
b10010101000 7
#187780000
0!
0'
#187790000
1!
1'
b10010101001 7
#187800000
0!
0'
#187810000
1!
1'
b10010101010 7
#187820000
0!
0'
#187830000
1!
1'
b10010101011 7
#187840000
0!
0'
#187850000
1!
1'
b10010101100 7
#187860000
0!
0'
#187870000
1!
1'
b10010101101 7
#187880000
0!
0'
#187890000
1!
1'
b10010101110 7
#187900000
0!
0'
#187910000
1!
1'
b10010101111 7
#187920000
0!
0'
#187930000
1!
1'
b10010110000 7
#187940000
0!
0'
#187950000
1!
1'
b10010110001 7
#187960000
0!
0'
#187970000
1!
1'
b10010110010 7
#187980000
0!
0'
#187990000
1!
1'
b10010110011 7
#188000000
0!
0'
#188010000
1!
1'
b10010110100 7
#188020000
0!
0'
#188030000
1!
1'
b10010110101 7
#188040000
0!
0'
#188050000
1!
1'
b10010110110 7
#188060000
0!
0'
#188070000
1!
1'
b10010110111 7
#188080000
0!
0'
#188090000
1!
1'
b10010111000 7
#188100000
0!
0'
#188110000
1!
1'
b10010111001 7
#188120000
0!
0'
#188130000
1!
1'
b10010111010 7
#188140000
0!
0'
#188150000
1!
1'
b10010111011 7
#188160000
0!
0'
#188170000
1!
1'
b10010111100 7
#188180000
0!
0'
#188190000
1!
1'
b10010111101 7
#188200000
0!
0'
#188210000
1!
1'
b10010111110 7
#188220000
0!
0'
#188230000
1!
1'
b10010111111 7
#188240000
0!
0'
#188250000
1!
1'
b10011000000 7
#188260000
0!
0'
#188270000
1!
1'
b10011000001 7
#188280000
0!
0'
#188290000
1!
1'
b10011000010 7
#188300000
0!
0'
#188310000
1!
1'
b10011000011 7
#188320000
0!
0'
#188330000
1!
1'
b10011000100 7
#188340000
0!
0'
#188350000
1!
1'
b10011000101 7
#188360000
0!
0'
#188370000
1!
1'
b10011000110 7
#188380000
0!
0'
#188390000
1!
1'
b10011000111 7
#188400000
0!
0'
#188410000
1!
1'
b10011001000 7
#188420000
0!
0'
#188430000
1!
1'
b10011001001 7
#188440000
0!
0'
#188450000
1!
1'
b10011001010 7
#188460000
0!
0'
#188470000
1!
1'
b10011001011 7
#188480000
0!
0'
#188490000
1!
1'
b10011001100 7
#188500000
0!
0'
#188510000
1!
1'
b10011001101 7
#188520000
0!
0'
#188530000
1!
1'
b10011001110 7
#188540000
0!
0'
#188550000
1!
1'
b10011001111 7
#188560000
0!
0'
#188570000
1!
1'
b10011010000 7
#188580000
0!
0'
#188590000
1!
1'
b10011010001 7
#188600000
0!
0'
#188610000
1!
1'
b10011010010 7
#188620000
0!
0'
#188630000
1!
1'
b10011010011 7
#188640000
0!
0'
#188650000
1!
1'
b10011010100 7
#188660000
0!
0'
#188670000
1!
1'
b10011010101 7
#188680000
0!
0'
#188690000
1!
1'
b10011010110 7
#188700000
0!
0'
#188710000
1!
1'
b10011010111 7
#188720000
0!
0'
#188730000
1!
1'
b10011011000 7
#188740000
0!
0'
#188750000
1!
1'
b10011011001 7
#188760000
0!
0'
#188770000
1!
1'
b10011011010 7
#188780000
0!
0'
#188790000
1!
1'
b10011011011 7
#188800000
0!
0'
#188810000
1!
1'
b10011011100 7
#188820000
0!
0'
#188830000
1!
1'
b10011011101 7
#188840000
0!
0'
#188850000
1!
1'
b10011011110 7
#188860000
0!
0'
#188870000
1!
1'
b10011011111 7
#188880000
0!
0'
#188890000
1!
1'
b10011100000 7
#188900000
0!
0'
#188910000
1!
1'
b10011100001 7
#188920000
0!
0'
#188930000
1!
1'
b10011100010 7
#188940000
0!
0'
#188950000
1!
1'
b10011100011 7
#188960000
0!
0'
#188970000
1!
1'
b10011100100 7
#188980000
0!
0'
#188990000
1!
1'
b10011100101 7
#189000000
0!
0'
#189010000
1!
1'
b10011100110 7
#189020000
0!
0'
#189030000
1!
1'
b10011100111 7
#189040000
0!
0'
#189050000
1!
1'
b10011101000 7
#189060000
0!
0'
#189070000
1!
1'
b10011101001 7
#189080000
0!
0'
#189090000
1!
1'
b10011101010 7
#189100000
0!
0'
#189110000
1!
1'
b10011101011 7
#189120000
0!
0'
#189130000
1!
1'
b10011101100 7
#189140000
0!
0'
#189150000
1!
1'
b10011101101 7
#189160000
0!
0'
#189170000
1!
1'
b10011101110 7
#189180000
0!
0'
#189190000
1!
1'
b10011101111 7
#189200000
0!
0'
#189210000
1!
1'
b10011110000 7
#189220000
0!
0'
#189230000
1!
1'
b10011110001 7
#189240000
0!
0'
#189250000
1!
1'
b10011110010 7
#189260000
0!
0'
#189270000
1!
1'
b10011110011 7
#189280000
0!
0'
#189290000
1!
1'
b10011110100 7
#189300000
0!
0'
#189310000
1!
1'
b10011110101 7
#189320000
0!
0'
#189330000
1!
1'
b10011110110 7
#189340000
0!
0'
#189350000
1!
1'
b10011110111 7
#189360000
0!
0'
#189370000
1!
1'
b10011111000 7
#189380000
0!
0'
#189390000
1!
1'
b10011111001 7
#189400000
0!
0'
#189410000
1!
1'
b10011111010 7
#189420000
0!
0'
#189430000
1!
1'
b10011111011 7
#189440000
0!
0'
#189450000
1!
1'
b10011111100 7
#189460000
0!
0'
#189470000
1!
1'
b10011111101 7
#189480000
0!
0'
#189490000
1!
1'
b10011111110 7
#189500000
0!
0'
#189510000
1!
1'
b10011111111 7
#189520000
0!
0'
#189530000
1!
1'
b10100000000 7
#189540000
0!
0'
#189550000
1!
1'
b10100000001 7
#189560000
0!
0'
#189570000
1!
1'
b10100000010 7
#189580000
0!
0'
#189590000
1!
1'
b10100000011 7
#189600000
0!
0'
#189610000
1!
1'
b10100000100 7
#189620000
0!
0'
#189630000
1!
1'
b10100000101 7
#189640000
0!
0'
#189650000
1!
1'
b10100000110 7
#189660000
0!
0'
#189670000
1!
1'
b10100000111 7
#189680000
0!
0'
#189690000
1!
1'
b10100001000 7
#189700000
0!
0'
#189710000
1!
1'
b10100001001 7
#189720000
0!
0'
#189730000
1!
1'
b10100001010 7
#189740000
0!
0'
#189750000
1!
1'
b10100001011 7
#189760000
0!
0'
#189770000
1!
1'
b10100001100 7
#189780000
0!
0'
#189790000
1!
1'
b10100001101 7
#189800000
0!
0'
#189810000
1!
1'
b10100001110 7
#189820000
0!
0'
#189830000
1!
1'
b10100001111 7
#189840000
0!
0'
#189850000
1!
1'
b10100010000 7
#189860000
0!
0'
#189870000
1!
1'
b10100010001 7
#189880000
0!
0'
#189890000
1!
1'
b10100010010 7
#189900000
0!
0'
#189910000
1!
1'
b10100010011 7
#189920000
0!
0'
#189930000
1!
1'
b10100010100 7
#189940000
0!
0'
#189950000
1!
1'
b10100010101 7
#189960000
0!
0'
#189970000
1!
1'
b10100010110 7
#189980000
0!
0'
#189990000
1!
1'
b10100010111 7
#190000000
0!
0'
#190010000
1!
1'
b10100011000 7
#190020000
0!
0'
#190030000
1!
1'
b10100011001 7
#190040000
0!
0'
#190050000
1!
1'
b10100011010 7
#190060000
0!
0'
#190070000
1!
1'
b10100011011 7
#190080000
0!
0'
#190090000
1!
1'
b10100011100 7
#190100000
0!
0'
#190110000
1!
1'
b10100011101 7
#190120000
0!
0'
#190130000
1!
1'
b10100011110 7
#190140000
0!
0'
#190150000
1!
1'
b10100011111 7
#190160000
0!
0'
#190170000
1!
1'
b10100100000 7
#190180000
0!
0'
#190190000
1!
1'
b10100100001 7
#190200000
0!
0'
#190210000
1!
1'
b10100100010 7
#190220000
0!
0'
#190230000
1!
1'
b10100100011 7
#190240000
0!
0'
#190250000
1!
1'
b10100100100 7
#190260000
0!
0'
#190270000
1!
1'
b10100100101 7
#190280000
0!
0'
#190290000
1!
1'
b10100100110 7
#190300000
0!
0'
#190310000
1!
1'
b10100100111 7
#190320000
0!
0'
#190330000
1!
1'
b10100101000 7
#190340000
0!
0'
#190350000
1!
1'
b10100101001 7
#190360000
0!
0'
#190370000
1!
1'
b10100101010 7
#190380000
0!
0'
#190390000
1!
1'
b10100101011 7
#190400000
0!
0'
#190410000
1!
1'
b10100101100 7
#190420000
0!
0'
#190430000
1!
1'
b10100101101 7
#190440000
0!
0'
#190450000
1!
1'
b10100101110 7
#190460000
0!
0'
#190470000
1!
1'
b10100101111 7
#190480000
0!
0'
#190490000
1!
1'
b10100110000 7
#190500000
0!
0'
#190510000
1!
1'
b10100110001 7
#190520000
0!
0'
#190530000
1!
1'
b10100110010 7
#190540000
0!
0'
#190550000
1!
1'
b10100110011 7
#190560000
0!
0'
#190570000
1!
1'
b10100110100 7
#190580000
0!
0'
#190590000
1!
1'
b10100110101 7
#190600000
0!
0'
#190610000
1!
1'
b10100110110 7
#190620000
0!
0'
#190630000
1!
1'
b10100110111 7
#190640000
0!
0'
#190650000
1!
1'
b10100111000 7
#190660000
0!
0'
#190670000
1!
1'
b10100111001 7
#190680000
0!
0'
#190690000
1!
1'
b10100111010 7
#190700000
0!
0'
#190710000
1!
1'
b10100111011 7
#190720000
0!
0'
#190730000
1!
1'
b10100111100 7
#190740000
0!
0'
#190750000
1!
1'
b10100111101 7
#190760000
0!
0'
#190770000
1!
1'
b10100111110 7
#190780000
0!
0'
#190790000
1!
1'
b10100111111 7
#190800000
0!
0'
#190810000
1!
1'
b10101000000 7
#190820000
0!
0'
#190830000
1!
1'
b10101000001 7
#190840000
0!
0'
#190850000
1!
1'
b10101000010 7
#190860000
0!
0'
#190870000
1!
1'
b10101000011 7
#190880000
0!
0'
#190890000
1!
1'
b10101000100 7
#190900000
0!
0'
#190910000
1!
1'
b10101000101 7
#190920000
0!
0'
#190930000
1!
1'
b10101000110 7
#190940000
0!
0'
#190950000
1!
1'
b10101000111 7
#190960000
0!
0'
#190970000
1!
1'
b10101001000 7
#190980000
0!
0'
#190990000
1!
1'
b10101001001 7
#191000000
0!
0'
#191010000
1!
1'
b10101001010 7
#191020000
0!
0'
#191030000
1!
1'
b10101001011 7
#191040000
0!
0'
#191050000
1!
1'
b10101001100 7
#191060000
0!
0'
#191070000
1!
1'
b10101001101 7
#191080000
0!
0'
#191090000
1!
1'
b10101001110 7
#191100000
0!
0'
#191110000
1!
1'
b10101001111 7
#191120000
0!
0'
#191130000
1!
1'
b10101010000 7
#191140000
0!
0'
#191150000
1!
1'
b10101010001 7
#191160000
0!
0'
#191170000
1!
1'
b10101010010 7
#191180000
0!
0'
#191190000
1!
1'
b10101010011 7
#191200000
0!
0'
#191210000
1!
1'
b10101010100 7
#191220000
0!
0'
#191230000
1!
1'
b10101010101 7
#191240000
0!
0'
#191250000
1!
1'
b10101010110 7
#191260000
0!
0'
#191270000
1!
1'
b10101010111 7
#191280000
0!
0'
#191290000
1!
1'
b10101011000 7
#191300000
0!
0'
#191310000
1!
1'
b10101011001 7
#191320000
0!
0'
#191330000
1!
1'
b10101011010 7
#191340000
0!
0'
#191350000
1!
1'
b10101011011 7
#191360000
0!
0'
#191370000
1!
1'
b10101011100 7
#191380000
0!
0'
#191390000
1!
1'
b10101011101 7
#191400000
0!
0'
#191410000
1!
1'
b10101011110 7
#191420000
0!
0'
#191430000
1!
1'
b10101011111 7
#191440000
0!
0'
#191450000
1!
1'
b10101100000 7
#191460000
0!
0'
#191470000
1!
1'
b10101100001 7
#191480000
0!
0'
#191490000
1!
1'
b10101100010 7
#191500000
0!
0'
#191510000
1!
1'
b10101100011 7
#191520000
0!
0'
#191530000
1!
1'
b10101100100 7
#191540000
0!
0'
#191550000
1!
1'
b10101100101 7
#191560000
0!
0'
#191570000
1!
1'
b10101100110 7
#191580000
0!
0'
#191590000
1!
1'
b10101100111 7
#191600000
0!
0'
#191610000
1!
1'
b10101101000 7
#191620000
0!
0'
#191630000
1!
1'
b10101101001 7
#191640000
0!
0'
#191650000
1!
1'
b10101101010 7
#191660000
0!
0'
#191670000
1!
1'
b10101101011 7
#191680000
0!
0'
#191690000
1!
1'
b10101101100 7
#191700000
0!
0'
#191710000
1!
1'
b10101101101 7
#191720000
0!
0'
#191730000
1!
1'
b10101101110 7
#191740000
0!
0'
#191750000
1!
1'
b10101101111 7
#191760000
0!
0'
#191770000
1!
1'
b10101110000 7
#191780000
0!
0'
#191790000
1!
1'
b10101110001 7
#191800000
0!
0'
#191810000
1!
1'
b10101110010 7
#191820000
0!
0'
#191830000
1!
1'
b10101110011 7
#191840000
0!
0'
#191850000
1!
1'
b10101110100 7
#191860000
0!
0'
#191870000
1!
1'
b10101110101 7
#191880000
0!
0'
#191890000
1!
1'
b10101110110 7
#191900000
0!
0'
#191910000
1!
1'
b10101110111 7
#191920000
0!
0'
#191930000
1!
1'
b10101111000 7
#191940000
0!
0'
#191950000
1!
1'
b10101111001 7
#191960000
0!
0'
#191970000
1!
1'
b10101111010 7
#191980000
0!
0'
#191990000
1!
1'
b10101111011 7
#192000000
0!
0'
#192010000
1!
1'
b10101111100 7
#192020000
0!
0'
#192030000
1!
1'
b10101111101 7
#192040000
0!
0'
#192050000
1!
1'
b10101111110 7
#192060000
0!
0'
#192070000
1!
1'
b10101111111 7
#192080000
0!
0'
#192090000
1!
1'
b10110000000 7
#192100000
0!
0'
#192110000
1!
1'
b10110000001 7
#192120000
0!
0'
#192130000
1!
1'
b10110000010 7
#192140000
0!
0'
#192150000
1!
1'
b10110000011 7
#192160000
0!
0'
#192170000
1!
1'
b10110000100 7
#192180000
0!
0'
#192190000
1!
1'
b10110000101 7
#192200000
0!
0'
#192210000
1!
1'
b10110000110 7
#192220000
0!
0'
#192230000
1!
1'
b10110000111 7
#192240000
0!
0'
#192250000
1!
1'
b10110001000 7
#192260000
0!
0'
#192270000
1!
1'
b10110001001 7
#192280000
0!
0'
#192290000
1!
1'
b10110001010 7
#192300000
0!
0'
#192310000
1!
1'
b10110001011 7
#192320000
0!
0'
#192330000
1!
1'
b10110001100 7
#192340000
0!
0'
#192350000
1!
1'
b10110001101 7
#192360000
0!
0'
#192370000
1!
1'
b10110001110 7
#192380000
0!
0'
#192390000
1!
1'
b10110001111 7
#192400000
0!
0'
#192410000
1!
1'
b10110010000 7
#192420000
0!
0'
#192430000
1!
1'
b10110010001 7
#192440000
0!
0'
#192450000
1!
1'
b10110010010 7
#192460000
0!
0'
#192470000
1!
1'
b10110010011 7
#192480000
0!
0'
#192490000
1!
1'
b10110010100 7
#192500000
0!
0'
#192510000
1!
1'
b10110010101 7
#192520000
0!
0'
#192530000
1!
1'
b10110010110 7
#192540000
0!
0'
#192550000
1!
1'
b10110010111 7
#192560000
0!
0'
#192570000
1!
1'
b10110011000 7
#192580000
0!
0'
#192590000
1!
1'
b10110011001 7
#192600000
0!
0'
#192610000
1!
1'
b10110011010 7
#192620000
0!
0'
#192630000
1!
1'
b10110011011 7
#192640000
0!
0'
#192650000
1!
1'
b10110011100 7
#192660000
0!
0'
#192670000
1!
1'
b10110011101 7
#192680000
0!
0'
#192690000
1!
1'
b10110011110 7
#192700000
0!
0'
#192710000
1!
1'
b10110011111 7
#192720000
0!
0'
#192730000
1!
1'
b10110100000 7
#192740000
0!
0'
#192750000
1!
1'
b10110100001 7
#192760000
0!
0'
#192770000
1!
1'
b10110100010 7
#192780000
0!
0'
#192790000
1!
1'
b10110100011 7
#192800000
0!
0'
#192810000
1!
1'
b10110100100 7
#192820000
0!
0'
#192830000
1!
1'
b10110100101 7
#192840000
0!
0'
#192850000
1!
1'
b10110100110 7
#192860000
0!
0'
#192870000
1!
1'
b10110100111 7
#192880000
0!
0'
#192890000
1!
1'
b10110101000 7
#192900000
0!
0'
#192910000
1!
1'
b10110101001 7
#192920000
0!
0'
#192930000
1!
1'
b10110101010 7
#192940000
0!
0'
#192950000
1!
1'
b10110101011 7
#192960000
0!
0'
#192970000
1!
1'
b10110101100 7
#192980000
0!
0'
#192990000
1!
1'
b10110101101 7
#193000000
0!
0'
#193010000
1!
1'
b10110101110 7
#193020000
0!
0'
#193030000
1!
1'
b10110101111 7
#193040000
0!
0'
#193050000
1!
1'
b10110110000 7
#193060000
0!
0'
#193070000
1!
1'
b10110110001 7
#193080000
0!
0'
#193090000
1!
1'
b10110110010 7
#193100000
0!
0'
#193110000
1!
1'
b10110110011 7
#193120000
0!
0'
#193130000
1!
1'
b10110110100 7
#193140000
0!
0'
#193150000
1!
1'
b10110110101 7
#193160000
0!
0'
#193170000
1!
1'
b10110110110 7
#193180000
0!
0'
#193190000
1!
1'
b10110110111 7
#193200000
0!
0'
#193210000
1!
1'
b10110111000 7
#193220000
0!
0'
#193230000
1!
1'
b10110111001 7
#193240000
0!
0'
#193250000
1!
1'
b10110111010 7
#193260000
0!
0'
#193270000
1!
1'
b10110111011 7
#193280000
0!
0'
#193290000
1!
1'
b10110111100 7
#193300000
0!
0'
#193310000
1!
1'
b10110111101 7
#193320000
0!
0'
#193330000
1!
1'
b10110111110 7
#193340000
0!
0'
#193350000
1!
1'
b10110111111 7
#193360000
0!
0'
#193370000
1!
1'
b10111000000 7
#193380000
0!
0'
#193390000
1!
1'
b10111000001 7
#193400000
0!
0'
#193410000
1!
1'
b10111000010 7
#193420000
0!
0'
#193430000
1!
1'
b10111000011 7
#193440000
0!
0'
#193450000
1!
1'
b10111000100 7
#193460000
0!
0'
#193470000
1!
1'
b10111000101 7
#193480000
0!
0'
#193490000
1!
1'
b10111000110 7
#193500000
0!
0'
#193510000
1!
1'
b10111000111 7
#193520000
0!
0'
#193530000
1!
1'
b10111001000 7
#193540000
0!
0'
#193550000
1!
1'
b10111001001 7
#193560000
0!
0'
#193570000
1!
1'
b10111001010 7
#193580000
0!
0'
#193590000
1!
1'
b10111001011 7
#193600000
0!
0'
#193610000
1!
1'
b10111001100 7
#193620000
0!
0'
#193630000
1!
1'
b10111001101 7
#193640000
0!
0'
#193650000
1!
1'
b10111001110 7
#193660000
0!
0'
#193670000
1!
1'
b10111001111 7
#193680000
0!
0'
#193690000
1!
1'
b10111010000 7
#193700000
0!
0'
#193710000
1!
1'
b10111010001 7
#193720000
0!
0'
#193730000
1!
1'
b10111010010 7
#193740000
0!
0'
#193750000
1!
1'
b10111010011 7
#193760000
0!
0'
#193770000
1!
1'
b10111010100 7
#193780000
0!
0'
#193790000
1!
1'
b10111010101 7
#193800000
0!
0'
#193810000
1!
1'
b10111010110 7
#193820000
0!
0'
#193830000
1!
1'
b10111010111 7
#193840000
0!
0'
#193850000
1!
1'
b10111011000 7
#193860000
0!
0'
#193870000
1!
1'
b10111011001 7
#193880000
0!
0'
#193890000
1!
1'
b10111011010 7
#193900000
0!
0'
#193910000
1!
1'
b10111011011 7
#193920000
0!
0'
#193930000
1!
1'
b10111011100 7
#193940000
0!
0'
#193950000
1!
1'
b10111011101 7
#193960000
0!
0'
#193970000
1!
1'
b10111011110 7
#193980000
0!
0'
#193990000
1!
1'
b10111011111 7
#194000000
0!
0'
#194010000
1!
1'
b10111100000 7
#194020000
0!
0'
#194030000
1!
1'
b10111100001 7
#194040000
0!
0'
#194050000
1!
1'
b10111100010 7
#194060000
0!
0'
#194070000
1!
1'
b10111100011 7
#194080000
0!
0'
#194090000
1!
1'
b10111100100 7
#194100000
0!
0'
#194110000
1!
1'
b10111100101 7
#194120000
0!
0'
#194130000
1!
1'
b10111100110 7
#194140000
0!
0'
#194150000
1!
1'
b10111100111 7
#194160000
0!
0'
#194170000
1!
1'
b10111101000 7
#194180000
0!
0'
#194190000
1!
1'
b10111101001 7
#194200000
0!
0'
#194210000
1!
1'
b10111101010 7
#194220000
0!
0'
#194230000
1!
1'
b10111101011 7
#194240000
0!
0'
#194250000
1!
1'
b10111101100 7
#194260000
0!
0'
#194270000
1!
1'
b10111101101 7
#194280000
0!
0'
#194290000
1!
1'
b10111101110 7
#194300000
0!
0'
#194310000
1!
1'
b10111101111 7
#194320000
0!
0'
#194330000
1!
1'
b10111110000 7
#194340000
0!
0'
#194350000
1!
1'
b10111110001 7
#194360000
0!
0'
#194370000
1!
1'
b10111110010 7
#194380000
0!
0'
#194390000
1!
1'
b10111110011 7
#194400000
0!
0'
#194410000
1!
1'
b10111110100 7
#194420000
0!
0'
#194430000
1!
1'
b10111110101 7
#194440000
0!
0'
#194450000
1!
1'
b10111110110 7
#194460000
0!
0'
#194470000
1!
1'
b10111110111 7
#194480000
0!
0'
#194490000
1!
1'
b10111111000 7
#194500000
0!
0'
#194510000
1!
1'
b10111111001 7
#194520000
0!
0'
#194530000
1!
1'
b10111111010 7
#194540000
0!
0'
#194550000
1!
1'
b10111111011 7
#194560000
0!
0'
#194570000
1!
1'
b10111111100 7
#194580000
0!
0'
#194590000
1!
1'
b10111111101 7
#194600000
0!
0'
#194610000
1!
1'
b10111111110 7
#194620000
0!
0'
#194630000
1!
1'
b10111111111 7
#194640000
0!
0'
#194650000
1!
1'
b11000000000 7
#194660000
0!
0'
#194670000
1!
1'
b11000000001 7
#194680000
0!
0'
#194690000
1!
1'
b11000000010 7
#194700000
0!
0'
#194710000
1!
1'
b11000000011 7
#194720000
0!
0'
#194730000
1!
1'
b11000000100 7
#194740000
0!
0'
#194750000
1!
1'
b11000000101 7
#194760000
0!
0'
#194770000
1!
1'
b11000000110 7
#194780000
0!
0'
#194790000
1!
1'
b11000000111 7
#194800000
0!
0'
#194810000
1!
1'
b11000001000 7
#194820000
0!
0'
#194830000
1!
1'
b11000001001 7
#194840000
0!
0'
#194850000
1!
1'
b11000001010 7
#194860000
0!
0'
#194870000
1!
1'
b11000001011 7
#194880000
0!
0'
#194890000
1!
1'
b11000001100 7
#194900000
0!
0'
#194910000
1!
1'
b11000001101 7
#194920000
0!
0'
#194930000
1!
1'
b11000001110 7
#194940000
0!
0'
#194950000
1!
1'
b11000001111 7
#194960000
0!
0'
#194970000
1!
1'
b11000010000 7
#194980000
0!
0'
#194990000
1!
1'
b11000010001 7
#195000000
0!
0'
#195010000
1!
1'
b11000010010 7
#195020000
0!
0'
#195030000
1!
1'
b11000010011 7
#195040000
0!
0'
#195050000
1!
1'
b11000010100 7
#195060000
0!
0'
#195070000
1!
1'
b11000010101 7
#195080000
0!
0'
#195090000
1!
1'
b11000010110 7
#195100000
0!
0'
#195110000
1!
1'
b11000010111 7
#195120000
0!
0'
#195130000
1!
1'
b11000011000 7
#195140000
0!
0'
#195150000
1!
1'
b11000011001 7
#195160000
0!
0'
#195170000
1!
1'
b11000011010 7
#195180000
0!
0'
#195190000
1!
1'
b11000011011 7
#195200000
0!
0'
#195210000
1!
1'
b11000011100 7
#195220000
0!
0'
#195230000
1!
1'
b11000011101 7
#195240000
0!
0'
#195250000
1!
1'
b11000011110 7
#195260000
0!
0'
#195270000
1!
1'
b11000011111 7
#195280000
0!
0'
#195290000
1!
1'
b11000100000 7
#195300000
0!
0'
#195310000
1!
1'
b11000100001 7
#195320000
0!
0'
#195330000
1!
1'
b11000100010 7
#195340000
0!
0'
#195350000
1!
1'
b11000100011 7
#195360000
0!
0'
#195370000
1!
1'
b11000100100 7
#195380000
0!
0'
#195390000
1!
1'
b11000100101 7
#195400000
0!
0'
#195410000
1!
1'
b11000100110 7
#195420000
0!
0'
#195430000
1!
1'
b11000100111 7
#195440000
0!
0'
#195450000
1!
1'
b11000101000 7
#195460000
0!
0'
#195470000
1!
1'
b11000101001 7
#195480000
0!
0'
#195490000
1!
1'
b11000101010 7
#195500000
0!
0'
#195510000
1!
1'
b11000101011 7
#195520000
0!
0'
#195530000
1!
1'
b11000101100 7
#195540000
0!
0'
#195550000
1!
1'
b11000101101 7
#195560000
0!
0'
#195570000
1!
1'
b11000101110 7
#195580000
0!
0'
#195590000
1!
1'
b11000101111 7
#195600000
0!
0'
#195610000
1!
1'
b11000110000 7
#195620000
0!
0'
#195630000
1!
1'
b11000110001 7
#195640000
0!
0'
#195650000
1!
1'
b11000110010 7
#195660000
0!
0'
#195670000
1!
1'
b11000110011 7
#195680000
0!
0'
#195690000
1!
1'
b11000110100 7
#195700000
0!
0'
#195710000
1!
1'
b11000110101 7
#195720000
0!
0'
#195730000
1!
1'
b11000110110 7
#195740000
0!
0'
#195750000
1!
1'
b11000110111 7
#195760000
0!
0'
#195770000
1!
1'
b11000111000 7
#195780000
0!
0'
#195790000
1!
1'
b11000111001 7
#195800000
0!
0'
#195810000
1!
1'
b11000111010 7
#195820000
0!
0'
#195830000
1!
1'
b11000111011 7
#195840000
0!
0'
#195850000
1!
1'
b11000111100 7
#195860000
0!
0'
#195870000
1!
1'
b11000111101 7
#195880000
0!
0'
#195890000
1!
1'
b11000111110 7
#195900000
0!
0'
#195910000
1!
1'
b11000111111 7
#195920000
0!
0'
#195930000
1!
1'
b11001000000 7
#195940000
0!
0'
#195950000
1!
1'
b11001000001 7
#195960000
0!
0'
#195970000
1!
1'
b11001000010 7
#195980000
0!
0'
#195990000
1!
1'
b11001000011 7
#196000000
0!
0'
#196010000
1!
1'
b11001000100 7
#196020000
0!
0'
#196030000
1!
1'
b11001000101 7
#196040000
0!
0'
#196050000
1!
1'
b11001000110 7
#196060000
0!
0'
#196070000
1!
1'
b11001000111 7
#196080000
0!
0'
#196090000
1!
1'
b11001001000 7
#196100000
0!
0'
#196110000
1!
1'
b11001001001 7
#196120000
0!
0'
#196130000
1!
1'
b11001001010 7
#196140000
0!
0'
#196150000
1!
1'
b11001001011 7
#196160000
0!
0'
#196170000
1!
1'
b11001001100 7
#196180000
0!
0'
#196190000
1!
1'
b11001001101 7
#196200000
0!
0'
#196210000
1!
1'
b11001001110 7
#196220000
0!
0'
#196230000
1!
1'
b11001001111 7
#196240000
0!
0'
#196250000
1!
1'
b11001010000 7
#196260000
0!
0'
#196270000
1!
1'
b11001010001 7
#196280000
0!
0'
#196290000
1!
1'
b11001010010 7
#196300000
0!
0'
#196310000
1!
1'
b11001010011 7
#196320000
0!
0'
#196330000
1!
1'
b11001010100 7
#196340000
0!
0'
#196350000
1!
1'
b11001010101 7
#196360000
0!
0'
#196370000
1!
1'
b11001010110 7
#196380000
0!
0'
#196390000
1!
1'
b11001010111 7
#196400000
0!
0'
#196410000
1!
1'
b11001011000 7
#196420000
0!
0'
#196430000
1!
1'
b11001011001 7
#196440000
0!
0'
#196450000
1!
1'
b11001011010 7
#196460000
0!
0'
#196470000
1!
1'
b11001011011 7
#196480000
0!
0'
#196490000
1!
1'
b11001011100 7
#196500000
0!
0'
#196510000
1!
1'
b11001011101 7
#196520000
0!
0'
#196530000
1!
1'
b11001011110 7
#196540000
0!
0'
#196550000
1!
1'
b11001011111 7
#196560000
0!
0'
#196570000
1!
1'
b11001100000 7
#196580000
0!
0'
#196590000
1!
1'
b11001100001 7
#196600000
0!
0'
#196610000
1!
1'
b11001100010 7
#196620000
0!
0'
#196630000
1!
1'
b11001100011 7
#196640000
0!
0'
#196650000
1!
1'
b11001100100 7
#196660000
0!
0'
#196670000
1!
1'
b11001100101 7
#196680000
0!
0'
#196690000
1!
1'
b11001100110 7
#196700000
0!
0'
#196710000
1!
1'
b11001100111 7
#196720000
0!
0'
#196730000
1!
1'
b11001101000 7
#196740000
0!
0'
#196750000
1!
1'
b11001101001 7
#196760000
0!
0'
#196770000
1!
1'
b11001101010 7
#196780000
0!
0'
#196790000
1!
1'
b11001101011 7
#196800000
0!
0'
#196810000
1!
1'
b11001101100 7
#196820000
0!
0'
#196830000
1!
1'
b11001101101 7
#196840000
0!
0'
#196850000
1!
1'
b11001101110 7
#196860000
0!
0'
#196870000
1!
1'
b11001101111 7
#196880000
0!
0'
#196890000
1!
1'
b11001110000 7
#196900000
0!
0'
#196910000
1!
1'
b11001110001 7
#196920000
0!
0'
#196930000
1!
1'
b11001110010 7
#196940000
0!
0'
#196950000
1!
1'
b11001110011 7
#196960000
0!
0'
#196970000
1!
1'
b11001110100 7
#196980000
0!
0'
#196990000
1!
1'
b11001110101 7
#197000000
0!
0'
#197010000
1!
1'
b11001110110 7
#197020000
0!
0'
#197030000
1!
1'
b11001110111 7
#197040000
0!
0'
#197050000
1!
1'
b11001111000 7
#197060000
0!
0'
#197070000
1!
1'
b11001111001 7
#197080000
0!
0'
#197090000
1!
1'
b11001111010 7
#197100000
0!
0'
#197110000
1!
1'
b11001111011 7
#197120000
0!
0'
#197130000
1!
1'
b11001111100 7
#197140000
0!
0'
#197150000
1!
1'
b11001111101 7
#197160000
0!
0'
#197170000
1!
1'
b11001111110 7
#197180000
0!
0'
#197190000
1!
1'
b11001111111 7
#197200000
0!
0'
#197210000
1!
1'
b11010000000 7
#197220000
0!
0'
#197230000
1!
1'
b11010000001 7
#197240000
0!
0'
#197250000
1!
1'
b11010000010 7
#197260000
0!
0'
#197270000
1!
1'
b11010000011 7
#197280000
0!
0'
#197290000
1!
1'
b11010000100 7
#197300000
0!
0'
#197310000
1!
1'
b11010000101 7
#197320000
0!
0'
#197330000
1!
1'
b11010000110 7
#197340000
0!
0'
#197350000
1!
1'
b11010000111 7
#197360000
0!
0'
#197370000
1!
1'
b11010001000 7
#197380000
0!
0'
#197390000
1!
1'
b11010001001 7
#197400000
0!
0'
#197410000
1!
1'
b11010001010 7
#197420000
0!
0'
#197430000
1!
1'
b11010001011 7
#197440000
0!
0'
#197450000
1!
1'
b11010001100 7
#197460000
0!
0'
#197470000
1!
1'
b11010001101 7
#197480000
0!
0'
#197490000
1!
1'
b11010001110 7
#197500000
0!
0'
#197510000
1!
1'
b11010001111 7
#197520000
0!
0'
#197530000
1!
1'
b11010010000 7
#197540000
0!
0'
#197550000
1!
1'
b11010010001 7
#197560000
0!
0'
#197570000
1!
1'
b11010010010 7
#197580000
0!
0'
#197590000
1!
1'
b11010010011 7
#197600000
0!
0'
#197610000
1!
1'
b11010010100 7
#197620000
0!
0'
#197630000
1!
1'
b11010010101 7
#197640000
0!
0'
#197650000
1!
1'
b11010010110 7
#197660000
0!
0'
#197670000
1!
1'
b11010010111 7
#197680000
0!
0'
#197690000
1!
1'
b11010011000 7
#197700000
0!
0'
#197710000
1!
1'
b11010011001 7
#197720000
0!
0'
#197730000
1!
1'
b11010011010 7
#197740000
0!
0'
#197750000
1!
1'
b11010011011 7
#197760000
0!
0'
#197770000
1!
1'
b11010011100 7
#197780000
0!
0'
#197790000
1!
1'
b11010011101 7
#197800000
0!
0'
#197810000
1!
1'
b11010011110 7
#197820000
0!
0'
#197830000
1!
1'
b11010011111 7
#197840000
0!
0'
#197850000
1!
1'
b11010100000 7
#197860000
0!
0'
#197870000
1!
1'
b11010100001 7
#197880000
0!
0'
#197890000
1!
1'
b11010100010 7
#197900000
0!
0'
#197910000
1!
1'
b11010100011 7
#197920000
0!
0'
#197930000
1!
1'
b11010100100 7
#197940000
0!
0'
#197950000
1!
1'
b11010100101 7
#197960000
0!
0'
#197970000
1!
1'
b11010100110 7
#197980000
0!
0'
#197990000
1!
1'
b11010100111 7
#198000000
0!
0'
#198010000
1!
1'
b11010101000 7
#198020000
0!
0'
#198030000
1!
1'
b11010101001 7
#198040000
0!
0'
#198050000
1!
1'
b11010101010 7
#198060000
0!
0'
#198070000
1!
1'
b11010101011 7
#198080000
0!
0'
#198090000
1!
1'
b11010101100 7
#198100000
0!
0'
#198110000
1!
1'
b11010101101 7
#198120000
0!
0'
#198130000
1!
1'
b11010101110 7
#198140000
0!
0'
#198150000
1!
1'
b11010101111 7
#198160000
0!
0'
#198170000
1!
1'
b11010110000 7
#198180000
0!
0'
#198190000
1!
1'
b11010110001 7
#198200000
0!
0'
#198210000
1!
1'
b11010110010 7
#198220000
0!
0'
#198230000
1!
1'
b11010110011 7
#198240000
0!
0'
#198250000
1!
1'
b11010110100 7
#198260000
0!
0'
#198270000
1!
1'
b11010110101 7
#198280000
0!
0'
#198290000
1!
1'
b11010110110 7
#198300000
0!
0'
#198310000
1!
1'
b11010110111 7
#198320000
0!
0'
#198330000
1!
1'
b11010111000 7
#198340000
0!
0'
#198350000
1!
1'
b11010111001 7
#198360000
0!
0'
#198370000
1!
1'
b11010111010 7
#198380000
0!
0'
#198390000
1!
1'
b11010111011 7
#198400000
0!
0'
#198410000
1!
1'
b11010111100 7
#198420000
0!
0'
#198430000
1!
1'
b11010111101 7
#198440000
0!
0'
#198450000
1!
1'
b11010111110 7
#198460000
0!
0'
#198470000
1!
1'
b11010111111 7
#198480000
0!
0'
#198490000
1!
1'
b11011000000 7
#198500000
0!
0'
#198510000
1!
1'
b11011000001 7
#198520000
0!
0'
#198530000
1!
1'
b11011000010 7
#198540000
0!
0'
#198550000
1!
1'
b11011000011 7
#198560000
0!
0'
#198570000
1!
1'
b11011000100 7
#198580000
0!
0'
#198590000
1!
1'
b11011000101 7
#198600000
0!
0'
#198610000
1!
1'
b11011000110 7
#198620000
0!
0'
#198630000
1!
1'
b11011000111 7
#198640000
0!
0'
#198650000
1!
1'
b11011001000 7
#198660000
0!
0'
#198670000
1!
1'
b11011001001 7
#198680000
0!
0'
#198690000
1!
1'
b11011001010 7
#198700000
0!
0'
#198710000
1!
1'
b11011001011 7
#198720000
0!
0'
#198730000
1!
1'
b11011001100 7
#198740000
0!
0'
#198750000
1!
1'
b11011001101 7
#198760000
0!
0'
#198770000
1!
1'
b11011001110 7
#198780000
0!
0'
#198790000
1!
1'
b11011001111 7
#198800000
0!
0'
#198810000
1!
1'
b11011010000 7
#198820000
0!
0'
#198830000
1!
1'
b11011010001 7
#198840000
0!
0'
#198850000
1!
1'
b11011010010 7
#198860000
0!
0'
#198870000
1!
1'
b11011010011 7
#198880000
0!
0'
#198890000
1!
1'
b11011010100 7
#198900000
0!
0'
#198910000
1!
1'
b11011010101 7
#198920000
0!
0'
#198930000
1!
1'
b11011010110 7
#198940000
0!
0'
#198950000
1!
1'
b11011010111 7
#198960000
0!
0'
#198970000
1!
1'
b11011011000 7
#198980000
0!
0'
#198990000
1!
1'
b11011011001 7
#199000000
0!
0'
#199010000
1!
1'
b11011011010 7
#199020000
0!
0'
#199030000
1!
1'
b11011011011 7
#199040000
0!
0'
#199050000
1!
1'
b11011011100 7
#199060000
0!
0'
#199070000
1!
1'
b11011011101 7
#199080000
0!
0'
#199090000
1!
1'
b11011011110 7
#199100000
0!
0'
#199110000
1!
1'
b11011011111 7
#199120000
0!
0'
#199130000
1!
1'
b11011100000 7
#199140000
0!
0'
#199150000
1!
1'
b11011100001 7
#199160000
0!
0'
#199170000
1!
1'
b11011100010 7
#199180000
0!
0'
#199190000
1!
1'
b11011100011 7
#199200000
0!
0'
#199210000
1!
1'
b11011100100 7
#199220000
0!
0'
#199230000
1!
1'
b11011100101 7
#199240000
0!
0'
#199250000
1!
1'
b11011100110 7
#199260000
0!
0'
#199270000
1!
1'
b11011100111 7
#199280000
0!
0'
#199290000
1!
1'
b11011101000 7
#199300000
0!
0'
#199310000
1!
1'
b11011101001 7
#199320000
0!
0'
#199330000
1!
1'
b11011101010 7
#199340000
0!
0'
#199350000
1!
1'
b11011101011 7
#199360000
0!
0'
#199370000
1!
1'
b11011101100 7
#199380000
0!
0'
#199390000
1!
1'
b11011101101 7
#199400000
0!
0'
#199410000
1!
1'
b11011101110 7
#199420000
0!
0'
#199430000
1!
1'
b11011101111 7
#199440000
0!
0'
#199450000
1!
1'
b11011110000 7
#199460000
0!
0'
#199470000
1!
1'
b11011110001 7
#199480000
0!
0'
#199490000
1!
1'
b11011110010 7
#199500000
0!
0'
#199510000
1!
1'
b11011110011 7
#199520000
0!
0'
#199530000
1!
1'
b11011110100 7
#199540000
0!
0'
#199550000
1!
1'
b11011110101 7
#199560000
0!
0'
#199570000
1!
1'
b11011110110 7
#199580000
0!
0'
#199590000
1!
1'
b11011110111 7
#199600000
0!
0'
#199610000
1!
1'
b11011111000 7
#199620000
0!
0'
#199630000
1!
1'
b11011111001 7
#199640000
0!
0'
#199650000
1!
1'
b11011111010 7
#199660000
0!
0'
#199670000
1!
1'
b11011111011 7
#199680000
0!
0'
#199690000
1!
1'
b11011111100 7
#199700000
0!
0'
#199710000
1!
1'
b11011111101 7
#199720000
0!
0'
#199730000
1!
1'
b11011111110 7
#199740000
0!
0'
#199750000
1!
1'
b11011111111 7
#199760000
0!
0'
#199770000
1!
1'
b11100000000 7
#199780000
0!
0'
#199790000
1!
1'
b11100000001 7
#199800000
0!
0'
#199810000
1!
1'
b11100000010 7
#199820000
0!
0'
#199830000
1!
1'
b11100000011 7
#199840000
0!
0'
#199850000
1!
1'
b11100000100 7
#199860000
0!
0'
#199870000
1!
1'
b11100000101 7
#199880000
0!
0'
#199890000
1!
1'
b11100000110 7
#199900000
0!
0'
#199910000
1!
1'
b11100000111 7
#199920000
0!
0'
#199930000
1!
1'
b11100001000 7
#199940000
0!
0'
#199950000
1!
1'
b11100001001 7
#199960000
0!
0'
#199970000
1!
1'
b11100001010 7
#199980000
0!
0'
#199990000
1!
1'
b11100001011 7
#200000000
0!
0'
#200010000
1!
1'
b11100001100 7
#200020000
0!
0'
#200030000
1!
1'
b11100001101 7
#200040000
0!
0'
#200050000
1!
1'
b11100001110 7
#200060000
0!
0'
#200070000
1!
1'
b11100001111 7
#200080000
0!
0'
#200090000
1!
1'
b111100000000 #
1,
1+
1*
b111100101100 <
b11100010000 7
#200100000
0!
0'
#200110000
1!
1'
b11100010001 7
#200120000
0!
0'
#200130000
1!
1'
b11100010010 7
#200140000
0!
0'
#200150000
1!
1'
b11100010011 7
#200160000
0!
0'
#200170000
1!
1'
b11100010100 7
#200180000
0!
0'
#200190000
1!
1'
b11100010101 7
#200200000
0!
0'
#200210000
1!
1'
b11100010110 7
#200220000
0!
0'
#200230000
1!
1'
b11100010111 7
#200240000
0!
0'
#200250000
1!
1'
b11100011000 7
#200260000
0!
0'
#200270000
1!
1'
b11100011001 7
#200280000
0!
0'
#200290000
1!
1'
b11100011010 7
#200300000
0!
0'
#200310000
1!
1'
b11100011011 7
#200320000
0!
0'
#200330000
1!
1'
b11100011100 7
#200340000
0!
0'
#200350000
1!
1'
b11100011101 7
#200360000
0!
0'
#200370000
1!
1'
b11100011110 7
#200380000
0!
0'
#200390000
1!
1'
b11100011111 7
#200400000
0!
0'
#200410000
1!
1'
b11100100000 7
#200420000
0!
0'
#200430000
1!
1'
b11100100001 7
#200440000
0!
0'
#200450000
1!
1'
b11100100010 7
#200460000
0!
0'
#200470000
1!
1'
b11100100011 7
#200480000
0!
0'
#200490000
1!
1'
b11100100100 7
#200500000
0!
0'
#200510000
1!
1'
b11100100101 7
#200520000
0!
0'
#200530000
1!
1'
b11100100110 7
#200540000
0!
0'
#200550000
1!
1'
b11100100111 7
#200560000
0!
0'
#200570000
1!
1'
b11100101000 7
#200580000
0!
0'
#200590000
1!
1'
b11100101001 7
#200600000
0!
0'
#200610000
1!
1'
b11100101010 7
#200620000
0!
0'
#200630000
1!
1'
b11100101011 7
#200640000
0!
0'
#200650000
1!
1'
b11100101100 7
#200660000
0!
0'
#200670000
1!
1'
b11100101101 7
#200680000
0!
0'
#200690000
1!
1'
b11100101110 7
#200700000
0!
0'
#200710000
1!
1'
b11100101111 7
#200720000
0!
0'
#200730000
1!
1'
b11100110000 7
#200740000
0!
0'
#200750000
1!
1'
b11100110001 7
#200760000
0!
0'
#200770000
1!
1'
b11100110010 7
#200780000
0!
0'
#200790000
1!
1'
b11100110011 7
#200800000
0!
0'
#200810000
1!
1'
b11100110100 7
#200820000
0!
0'
#200830000
1!
1'
b11100110101 7
#200840000
0!
0'
#200850000
1!
1'
b11100110110 7
#200860000
0!
0'
#200870000
1!
1'
b11100110111 7
#200880000
0!
0'
#200890000
1!
1'
b11100111000 7
#200900000
0!
0'
#200910000
1!
1'
b11100111001 7
#200920000
0!
0'
#200930000
1!
1'
b11100111010 7
#200940000
0!
0'
#200950000
1!
1'
b11100111011 7
#200960000
0!
0'
#200970000
1!
1'
b11100111100 7
#200980000
0!
0'
#200990000
1!
1'
b11100111101 7
#201000000
0!
0'
#201010000
1!
1'
b11100111110 7
#201020000
0!
0'
#201030000
1!
1'
b11100111111 7
#201040000
0!
0'
#201050000
1!
1'
b11101000000 7
#201060000
0!
0'
#201070000
1!
1'
b11101000001 7
#201080000
0!
0'
#201090000
1!
1'
b11101000010 7
#201100000
0!
0'
#201110000
1!
1'
b11101000011 7
#201120000
0!
0'
#201130000
1!
1'
b11101000100 7
#201140000
0!
0'
#201150000
1!
1'
b11101000101 7
#201160000
0!
0'
#201170000
1!
1'
b11101000110 7
#201180000
0!
0'
#201190000
1!
1'
b11101000111 7
#201200000
0!
0'
#201210000
1!
1'
b11101001000 7
#201220000
0!
0'
#201230000
1!
1'
b11101001001 7
#201240000
0!
0'
#201250000
1!
1'
b11101001010 7
#201260000
0!
0'
#201270000
1!
1'
b11101001011 7
#201280000
0!
0'
#201290000
1!
1'
b11101001100 7
#201300000
0!
0'
#201310000
1!
1'
b11101001101 7
#201320000
0!
0'
#201330000
1!
1'
b11101001110 7
#201340000
0!
0'
#201350000
1!
1'
b11101001111 7
#201360000
0!
0'
#201370000
1!
1'
b11101010000 7
#201380000
0!
0'
#201390000
1!
1'
b11101010001 7
#201400000
0!
0'
#201410000
1!
1'
b11101010010 7
#201420000
0!
0'
#201430000
1!
1'
b11101010011 7
#201440000
0!
0'
#201450000
1!
1'
b11101010100 7
#201460000
0!
0'
#201470000
1!
1'
b11101010101 7
#201480000
0!
0'
#201490000
1!
1'
b11101010110 7
#201500000
0!
0'
#201510000
1!
1'
b11101010111 7
#201520000
0!
0'
#201530000
1!
1'
b11101011000 7
#201540000
0!
0'
#201550000
1!
1'
b11101011001 7
#201560000
0!
0'
#201570000
1!
1'
b11101011010 7
#201580000
0!
0'
#201590000
1!
1'
b11101011011 7
#201600000
0!
0'
#201610000
1!
1'
b11101011100 7
#201620000
0!
0'
#201630000
1!
1'
b11101011101 7
#201640000
0!
0'
#201650000
1!
1'
b11101011110 7
#201660000
0!
0'
#201670000
1!
1'
b11101011111 7
#201680000
0!
0'
#201690000
1!
1'
b11101100000 7
#201700000
0!
0'
#201710000
1!
1'
b11101100001 7
#201720000
0!
0'
#201730000
1!
1'
b11101100010 7
#201740000
0!
0'
#201750000
1!
1'
b11101100011 7
#201760000
0!
0'
#201770000
1!
1'
b11101100100 7
#201780000
0!
0'
#201790000
1!
1'
b11101100101 7
#201800000
0!
0'
#201810000
1!
1'
b11101100110 7
#201820000
0!
0'
#201830000
1!
1'
b11101100111 7
#201840000
0!
0'
#201850000
1!
1'
b11101101000 7
#201860000
0!
0'
#201870000
1!
1'
b11101101001 7
#201880000
0!
0'
#201890000
1!
1'
b11101101010 7
#201900000
0!
0'
#201910000
1!
1'
b11101101011 7
#201920000
0!
0'
#201930000
1!
1'
b11101101100 7
#201940000
0!
0'
#201950000
1!
1'
b11101101101 7
#201960000
0!
0'
#201970000
1!
1'
b11101101110 7
#201980000
0!
0'
#201990000
1!
1'
b11101101111 7
#202000000
0!
0'
#202010000
1!
1'
b11101110000 7
#202020000
0!
0'
#202030000
1!
1'
b11101110001 7
#202040000
0!
0'
#202050000
1!
1'
b11101110010 7
#202060000
0!
0'
#202070000
1!
1'
b11101110011 7
#202080000
0!
0'
#202090000
1!
1'
b11101110100 7
#202100000
0!
0'
#202110000
1!
1'
b11101110101 7
#202120000
0!
0'
#202130000
1!
1'
b11101110110 7
#202140000
0!
0'
#202150000
1!
1'
b11101110111 7
#202160000
0!
0'
#202170000
1!
1'
b11101111000 7
#202180000
0!
0'
#202190000
1!
1'
b11101111001 7
#202200000
0!
0'
#202210000
1!
1'
b11101111010 7
#202220000
0!
0'
#202230000
1!
1'
b11101111011 7
#202240000
0!
0'
#202250000
1!
1'
b11101111100 7
#202260000
0!
0'
#202270000
1!
1'
b11101111101 7
#202280000
0!
0'
#202290000
1!
1'
b11101111110 7
#202300000
0!
0'
#202310000
1!
1'
b11101111111 7
#202320000
0!
0'
#202330000
1!
1'
b11110000000 7
#202340000
0!
0'
#202350000
1!
1'
b11110000001 7
#202360000
0!
0'
#202370000
1!
1'
b11110000010 7
#202380000
0!
0'
#202390000
1!
1'
b11110000011 7
#202400000
0!
0'
#202410000
1!
1'
b11110000100 7
#202420000
0!
0'
#202430000
1!
1'
b11110000101 7
#202440000
0!
0'
#202450000
1!
1'
b11110000110 7
#202460000
0!
0'
#202470000
1!
1'
b11110000111 7
#202480000
0!
0'
#202490000
1!
1'
b11110001000 7
#202500000
0!
0'
#202510000
1!
1'
b11110001001 7
#202520000
0!
0'
#202530000
1!
1'
b11110001010 7
#202540000
0!
0'
#202550000
1!
1'
b11110001011 7
#202560000
0!
0'
#202570000
1!
1'
b11110001100 7
#202580000
0!
0'
#202590000
1!
1'
b11110001101 7
#202600000
0!
0'
#202610000
1!
1'
b11110001110 7
#202620000
0!
0'
#202630000
1!
1'
b11110001111 7
#202640000
0!
0'
#202650000
1!
1'
b11110010000 7
#202660000
0!
0'
#202670000
1!
1'
b11110010001 7
#202680000
0!
0'
#202690000
1!
1'
b11110010010 7
#202700000
0!
0'
#202710000
1!
1'
b11110010011 7
#202720000
0!
0'
#202730000
1!
1'
b11110010100 7
#202740000
0!
0'
#202750000
1!
1'
b11110010101 7
#202760000
0!
0'
#202770000
1!
1'
b11110010110 7
#202780000
0!
0'
#202790000
1!
1'
b11110010111 7
#202800000
0!
0'
#202810000
1!
1'
b11110011000 7
#202820000
0!
0'
#202830000
1!
1'
b11110011001 7
#202840000
0!
0'
#202850000
1!
1'
b11110011010 7
#202860000
0!
0'
#202870000
1!
1'
b11110011011 7
#202880000
0!
0'
#202890000
1!
1'
b11110011100 7
#202900000
0!
0'
#202910000
1!
1'
b11110011101 7
#202920000
0!
0'
#202930000
1!
1'
b11110011110 7
#202940000
0!
0'
#202950000
1!
1'
b11110011111 7
#202960000
0!
0'
#202970000
1!
1'
b11110100000 7
#202980000
0!
0'
#202990000
1!
1'
b11110100001 7
#203000000
0!
0'
#203010000
1!
1'
b11110100010 7
#203020000
0!
0'
#203030000
1!
1'
b11110100011 7
#203040000
0!
0'
#203050000
1!
1'
b11110100100 7
#203060000
0!
0'
#203070000
1!
1'
b11110100101 7
#203080000
0!
0'
#203090000
1!
1'
b11110100110 7
#203100000
0!
0'
#203110000
1!
1'
b11110100111 7
#203120000
0!
0'
#203130000
1!
1'
b11110101000 7
#203140000
0!
0'
#203150000
1!
1'
b11110101001 7
#203160000
0!
0'
#203170000
1!
1'
b11110101010 7
#203180000
0!
0'
#203190000
1!
1'
b11110101011 7
#203200000
0!
0'
#203210000
1!
1'
b11110101100 7
#203220000
0!
0'
#203230000
1!
1'
b11110101101 7
#203240000
0!
0'
#203250000
1!
1'
b11110101110 7
#203260000
0!
0'
#203270000
1!
1'
b11110101111 7
#203280000
0!
0'
#203290000
1!
1'
b11110110000 7
#203300000
0!
0'
#203310000
1!
1'
b11110110001 7
#203320000
0!
0'
#203330000
1!
1'
b11110110010 7
#203340000
0!
0'
#203350000
1!
1'
b11110110011 7
#203360000
0!
0'
#203370000
1!
1'
b11110110100 7
#203380000
0!
0'
#203390000
1!
1'
b11110110101 7
#203400000
0!
0'
#203410000
1!
1'
b11110110110 7
#203420000
0!
0'
#203430000
1!
1'
b11110110111 7
#203440000
0!
0'
#203450000
1!
1'
b11110111000 7
#203460000
0!
0'
#203470000
1!
1'
b11110111001 7
#203480000
0!
0'
#203490000
1!
1'
b11110111010 7
#203500000
0!
0'
#203510000
1!
1'
b11110111011 7
#203520000
0!
0'
#203530000
1!
1'
b11110111100 7
#203540000
0!
0'
#203550000
1!
1'
b11110111101 7
#203560000
0!
0'
#203570000
1!
1'
b11110111110 7
#203580000
0!
0'
#203590000
1!
1'
b11110111111 7
#203600000
0!
0'
#203610000
1!
1'
b11111000000 7
#203620000
0!
0'
#203630000
1!
1'
b11111000001 7
#203640000
0!
0'
#203650000
1!
1'
b11111000010 7
#203660000
0!
0'
#203670000
1!
1'
b11111000011 7
#203680000
0!
0'
#203690000
1!
1'
b11111000100 7
#203700000
0!
0'
#203710000
1!
1'
b11111000101 7
#203720000
0!
0'
#203730000
1!
1'
b11111000110 7
#203740000
0!
0'
#203750000
1!
1'
b11111000111 7
#203760000
0!
0'
#203770000
1!
1'
b11111001000 7
#203780000
0!
0'
#203790000
1!
1'
b11111001001 7
#203800000
0!
0'
#203810000
1!
1'
b11111001010 7
#203820000
0!
0'
#203830000
1!
1'
b11111001011 7
#203840000
0!
0'
#203850000
1!
1'
b11111001100 7
#203860000
0!
0'
#203870000
1!
1'
b11111001101 7
#203880000
0!
0'
#203890000
1!
1'
b11111001110 7
#203900000
0!
0'
#203910000
1!
1'
b11111001111 7
#203920000
0!
0'
#203930000
1!
1'
b11111010000 7
#203940000
0!
0'
#203950000
1!
1'
b11111010001 7
#203960000
0!
0'
#203970000
1!
1'
b11111010010 7
#203980000
0!
0'
#203990000
1!
1'
b11111010011 7
#204000000
0!
0'
#204010000
1!
1'
b11111010100 7
#204020000
0!
0'
#204030000
1!
1'
b11111010101 7
#204040000
0!
0'
#204050000
1!
1'
b11111010110 7
#204060000
0!
0'
#204070000
1!
1'
b11111010111 7
#204080000
0!
0'
#204090000
1!
1'
b11111011000 7
#204100000
0!
0'
#204110000
1!
1'
b11111011001 7
#204120000
0!
0'
#204130000
1!
1'
b11111011010 7
#204140000
0!
0'
#204150000
1!
1'
b11111011011 7
#204160000
0!
0'
#204170000
1!
1'
b11111011100 7
#204180000
0!
0'
#204190000
1!
1'
b11111011101 7
#204200000
0!
0'
#204210000
1!
1'
b11111011110 7
#204220000
0!
0'
#204230000
1!
1'
b11111011111 7
#204240000
0!
0'
#204250000
1!
1'
b11111100000 7
#204260000
0!
0'
#204270000
1!
1'
b11111100001 7
#204280000
0!
0'
#204290000
1!
1'
b11111100010 7
#204300000
0!
0'
#204310000
1!
1'
b11111100011 7
#204320000
0!
0'
#204330000
1!
1'
b11111100100 7
#204340000
0!
0'
#204350000
1!
1'
b11111100101 7
#204360000
0!
0'
#204370000
1!
1'
b11111100110 7
#204380000
0!
0'
#204390000
1!
1'
b11111100111 7
#204400000
0!
0'
#204410000
1!
1'
b11111101000 7
#204420000
0!
0'
#204430000
1!
1'
b11111101001 7
#204440000
0!
0'
#204450000
1!
1'
b11111101010 7
#204460000
0!
0'
#204470000
1!
1'
b11111101011 7
#204480000
0!
0'
#204490000
1!
1'
b11111101100 7
#204500000
0!
0'
#204510000
1!
1'
b11111101101 7
#204520000
0!
0'
#204530000
1!
1'
b11111101110 7
#204540000
0!
0'
#204550000
1!
1'
b11111101111 7
#204560000
0!
0'
#204570000
1!
1'
b11111110000 7
#204580000
0!
0'
#204590000
1!
1'
b11111110001 7
#204600000
0!
0'
#204610000
1!
1'
b11111110010 7
#204620000
0!
0'
#204630000
1!
1'
b11111110011 7
#204640000
0!
0'
#204650000
1!
1'
b11111110100 7
#204660000
0!
0'
#204670000
1!
1'
b11111110101 7
#204680000
0!
0'
#204690000
1!
1'
b11111110110 7
#204700000
0!
0'
#204710000
1!
1'
b11111110111 7
#204720000
0!
0'
#204730000
1!
1'
b11111111000 7
#204740000
0!
0'
#204750000
1!
1'
b11111111001 7
#204760000
0!
0'
#204770000
1!
1'
b11111111010 7
#204780000
0!
0'
#204790000
1!
1'
b11111111011 7
#204800000
0!
0'
#204810000
1!
1'
b11111111100 7
#204820000
0!
0'
#204830000
1!
1'
b11111111101 7
#204840000
0!
0'
#204850000
1!
1'
b11111111110 7
#204860000
0!
0'
#204870000
1!
1'
b11111111111 7
#204880000
0!
0'
#204890000
1!
1'
b100000000000 7
#204900000
0!
0'
#204910000
1!
1'
b100000000001 7
#204920000
0!
0'
#204930000
1!
1'
b100000000010 7
#204940000
0!
0'
#204950000
1!
1'
b100000000011 7
#204960000
0!
0'
#204970000
1!
1'
b100000000100 7
#204980000
0!
0'
#204990000
1!
1'
b100000000101 7
#205000000
0!
0'
#205010000
1!
1'
b100000000110 7
#205020000
0!
0'
#205030000
1!
1'
b100000000111 7
#205040000
0!
0'
#205050000
1!
1'
b100000001000 7
#205060000
0!
0'
#205070000
1!
1'
b100000001001 7
#205080000
0!
0'
#205090000
1!
1'
b100000001010 7
#205100000
0!
0'
#205110000
1!
1'
b100000001011 7
#205120000
0!
0'
#205130000
1!
1'
b100000001100 7
#205140000
0!
0'
#205150000
1!
1'
b100000001101 7
#205160000
0!
0'
#205170000
1!
1'
b100000001110 7
#205180000
0!
0'
#205190000
1!
1'
b100000001111 7
#205200000
0!
0'
#205210000
1!
1'
b100000010000 7
#205220000
0!
0'
#205230000
1!
1'
b100000010001 7
#205240000
0!
0'
#205250000
1!
1'
b100000010010 7
#205260000
0!
0'
#205270000
1!
1'
b100000010011 7
#205280000
0!
0'
#205290000
1!
1'
b100000010100 7
#205300000
0!
0'
#205310000
1!
1'
b100000010101 7
#205320000
0!
0'
#205330000
1!
1'
b100000010110 7
#205340000
0!
0'
#205350000
1!
1'
b100000010111 7
#205360000
0!
0'
#205370000
1!
1'
b100000011000 7
#205380000
0!
0'
#205390000
1!
1'
b100000011001 7
#205400000
0!
0'
#205410000
1!
1'
b100000011010 7
#205420000
0!
0'
#205430000
1!
1'
b100000011011 7
#205440000
0!
0'
#205450000
1!
1'
b100000011100 7
#205460000
0!
0'
#205470000
1!
1'
b100000011101 7
#205480000
0!
0'
#205490000
1!
1'
b100000011110 7
#205500000
0!
0'
#205510000
1!
1'
b100000011111 7
#205520000
0!
0'
#205530000
1!
1'
b100000100000 7
#205540000
0!
0'
#205550000
1!
1'
b100000100001 7
#205560000
0!
0'
#205570000
1!
1'
b100000100010 7
#205580000
0!
0'
#205590000
1!
1'
b100000100011 7
#205600000
0!
0'
#205610000
1!
1'
b100000100100 7
#205620000
0!
0'
#205630000
1!
1'
b100000100101 7
#205640000
0!
0'
#205650000
1!
1'
b100000100110 7
#205660000
0!
0'
#205670000
1!
1'
b100000100111 7
#205680000
0!
0'
#205690000
1!
1'
b100000101000 7
#205700000
0!
0'
#205710000
1!
1'
b100000101001 7
#205720000
0!
0'
#205730000
1!
1'
b100000101010 7
#205740000
0!
0'
#205750000
1!
1'
b100000101011 7
#205760000
0!
0'
#205770000
1!
1'
b100000101100 7
#205780000
0!
0'
#205790000
1!
1'
b100000101101 7
#205800000
0!
0'
#205810000
1!
1'
b100000101110 7
#205820000
0!
0'
#205830000
1!
1'
b100000101111 7
#205840000
0!
0'
#205850000
1!
1'
b100000110000 7
#205860000
0!
0'
#205870000
1!
1'
b100000110001 7
#205880000
0!
0'
#205890000
1!
1'
b100000110010 7
#205900000
0!
0'
#205910000
1!
1'
b100000110011 7
#205920000
0!
0'
#205930000
1!
1'
b100000110100 7
#205940000
0!
0'
#205950000
1!
1'
b100000110101 7
#205960000
0!
0'
#205970000
1!
1'
b100000110110 7
#205980000
0!
0'
#205990000
1!
1'
b100000110111 7
#206000000
0!
0'
#206010000
1!
1'
b100000111000 7
#206020000
0!
0'
#206030000
1!
1'
b100000111001 7
#206040000
0!
0'
#206050000
1!
1'
b100000111010 7
#206060000
0!
0'
#206070000
1!
1'
b100000111011 7
#206080000
0!
0'
#206090000
1!
1'
b100000111100 7
#206100000
0!
0'
#206110000
1!
1'
b100000111101 7
#206120000
0!
0'
#206130000
1!
1'
b100000111110 7
#206140000
0!
0'
#206150000
1!
1'
b100000111111 7
#206160000
0!
0'
#206170000
1!
1'
b100001000000 7
#206180000
0!
0'
#206190000
1!
1'
b100001000001 7
#206200000
0!
0'
#206210000
1!
1'
b100001000010 7
#206220000
0!
0'
#206230000
1!
1'
b100001000011 7
#206240000
0!
0'
#206250000
1!
1'
b100001000100 7
#206260000
0!
0'
#206270000
1!
1'
b100001000101 7
#206280000
0!
0'
#206290000
1!
1'
b100001000110 7
#206300000
0!
0'
#206310000
1!
1'
b100001000111 7
#206320000
0!
0'
#206330000
1!
1'
b100001001000 7
#206340000
0!
0'
#206350000
1!
1'
b100001001001 7
#206360000
0!
0'
#206370000
1!
1'
b100001001010 7
#206380000
0!
0'
#206390000
1!
1'
b100001001011 7
#206400000
0!
0'
#206410000
1!
1'
b100001001100 7
#206420000
0!
0'
#206430000
1!
1'
b100001001101 7
#206440000
0!
0'
#206450000
1!
1'
b100001001110 7
#206460000
0!
0'
#206470000
1!
1'
b100001001111 7
#206480000
0!
0'
#206490000
1!
1'
b100001010000 7
#206500000
0!
0'
#206510000
1!
1'
b100001010001 7
#206520000
0!
0'
#206530000
1!
1'
b100001010010 7
#206540000
0!
0'
#206550000
1!
1'
b100001010011 7
#206560000
0!
0'
#206570000
1!
1'
b100001010100 7
#206580000
0!
0'
#206590000
1!
1'
b100001010101 7
#206600000
0!
0'
#206610000
1!
1'
b100001010110 7
#206620000
0!
0'
#206630000
1!
1'
b100001010111 7
#206640000
0!
0'
#206650000
1!
1'
b100001011000 7
#206660000
0!
0'
#206670000
1!
1'
b100001011001 7
#206680000
0!
0'
#206690000
1!
1'
b100001011010 7
#206700000
0!
0'
#206710000
1!
1'
b100001011011 7
#206720000
0!
0'
#206730000
1!
1'
b100001011100 7
#206740000
0!
0'
#206750000
1!
1'
b100001011101 7
#206760000
0!
0'
#206770000
1!
1'
b100001011110 7
#206780000
0!
0'
#206790000
1!
1'
b100001011111 7
#206800000
0!
0'
#206810000
1!
1'
b100001100000 7
#206820000
0!
0'
#206830000
1!
1'
b100001100001 7
#206840000
0!
0'
#206850000
1!
1'
b100001100010 7
#206860000
0!
0'
#206870000
1!
1'
b100001100011 7
#206880000
0!
0'
#206890000
1!
1'
b100001100100 7
#206900000
0!
0'
#206910000
1!
1'
b100001100101 7
#206920000
0!
0'
#206930000
1!
1'
b100001100110 7
#206940000
0!
0'
#206950000
1!
1'
b100001100111 7
#206960000
0!
0'
#206970000
1!
1'
b100001101000 7
#206980000
0!
0'
#206990000
1!
1'
b100001101001 7
#207000000
0!
0'
#207010000
1!
1'
b100001101010 7
#207020000
0!
0'
#207030000
1!
1'
b100001101011 7
#207040000
0!
0'
#207050000
1!
1'
b100001101100 7
#207060000
0!
0'
#207070000
1!
1'
b100001101101 7
#207080000
0!
0'
#207090000
1!
1'
b100001101110 7
#207100000
0!
0'
#207110000
1!
1'
b100001101111 7
#207120000
0!
0'
#207130000
1!
1'
b100001110000 7
#207140000
0!
0'
#207150000
1!
1'
b100001110001 7
#207160000
0!
0'
#207170000
1!
1'
b100001110010 7
#207180000
0!
0'
#207190000
1!
1'
b100001110011 7
#207200000
0!
0'
#207210000
1!
1'
b100001110100 7
#207220000
0!
0'
#207230000
1!
1'
b100001110101 7
#207240000
0!
0'
#207250000
1!
1'
b100001110110 7
#207260000
0!
0'
#207270000
1!
1'
b100001110111 7
#207280000
0!
0'
#207290000
1!
1'
b100001111000 7
#207300000
0!
0'
#207310000
1!
1'
b100001111001 7
#207320000
0!
0'
#207330000
1!
1'
b100001111010 7
#207340000
0!
0'
#207350000
1!
1'
b100001111011 7
#207360000
0!
0'
#207370000
1!
1'
b100001111100 7
#207380000
0!
0'
#207390000
1!
1'
b100001111101 7
#207400000
0!
0'
#207410000
1!
1'
b100001111110 7
#207420000
0!
0'
#207430000
1!
1'
b100001111111 7
#207440000
0!
0'
#207450000
1!
1'
b100010000000 7
#207460000
0!
0'
#207470000
1!
1'
b100010000001 7
#207480000
0!
0'
#207490000
1!
1'
b100010000010 7
#207500000
0!
0'
#207510000
1!
1'
b100010000011 7
#207520000
0!
0'
#207530000
1!
1'
b100010000100 7
#207540000
0!
0'
#207550000
1!
1'
b100010000101 7
#207560000
0!
0'
#207570000
1!
1'
b100010000110 7
#207580000
0!
0'
#207590000
1!
1'
b100010000111 7
#207600000
0!
0'
#207610000
1!
1'
b100010001000 7
#207620000
0!
0'
#207630000
1!
1'
b100010001001 7
#207640000
0!
0'
#207650000
1!
1'
b100010001010 7
#207660000
0!
0'
#207670000
1!
1'
b100010001011 7
#207680000
0!
0'
#207690000
1!
1'
b100010001100 7
#207700000
0!
0'
#207710000
1!
1'
b100010001101 7
#207720000
0!
0'
#207730000
1!
1'
b100010001110 7
#207740000
0!
0'
#207750000
1!
1'
b100010001111 7
#207760000
0!
0'
#207770000
1!
1'
b100010010000 7
#207780000
0!
0'
#207790000
1!
1'
b100010010001 7
#207800000
0!
0'
#207810000
1!
1'
b100010010010 7
#207820000
0!
0'
#207830000
1!
1'
b100010010011 7
#207840000
0!
0'
#207850000
1!
1'
b100010010100 7
#207860000
0!
0'
#207870000
1!
1'
b100010010101 7
#207880000
0!
0'
#207890000
1!
1'
b100010010110 7
#207900000
0!
0'
#207910000
1!
1'
b100010010111 7
#207920000
0!
0'
#207930000
1!
1'
b100010011000 7
#207940000
0!
0'
#207950000
1!
1'
b100010011001 7
#207960000
0!
0'
#207970000
1!
1'
b100010011010 7
#207980000
0!
0'
#207990000
1!
1'
b100010011011 7
#208000000
0!
0'
#208010000
1!
1'
b100010011100 7
#208020000
0!
0'
#208030000
1!
1'
b100010011101 7
#208040000
0!
0'
#208050000
1!
1'
b100010011110 7
#208060000
0!
0'
#208070000
1!
1'
b100010011111 7
#208080000
0!
0'
#208090000
1!
1'
b100010100000 7
#208100000
0!
0'
#208110000
1!
1'
b100010100001 7
#208120000
0!
0'
#208130000
1!
1'
b100010100010 7
#208140000
0!
0'
#208150000
1!
1'
b100010100011 7
#208160000
0!
0'
#208170000
1!
1'
b100010100100 7
#208180000
0!
0'
#208190000
1!
1'
b100010100101 7
#208200000
0!
0'
#208210000
1!
1'
b100010100110 7
#208220000
0!
0'
#208230000
1!
1'
b100010100111 7
#208240000
0!
0'
#208250000
1!
1'
b100010101000 7
#208260000
0!
0'
#208270000
1!
1'
b100010101001 7
#208280000
0!
0'
#208290000
1!
1'
b100010101010 7
#208300000
0!
0'
#208310000
1!
1'
b100010101011 7
#208320000
0!
0'
#208330000
1!
1'
b100010101100 7
#208340000
0!
0'
#208350000
1!
1'
b100010101101 7
#208360000
0!
0'
#208370000
1!
1'
b100010101110 7
#208380000
0!
0'
#208390000
1!
1'
b100010101111 7
#208400000
0!
0'
#208410000
1!
1'
b100010110000 7
#208420000
0!
0'
#208430000
1!
1'
b100010110001 7
#208440000
0!
0'
#208450000
1!
1'
b100010110010 7
#208460000
0!
0'
#208470000
1!
1'
b100010110011 7
#208480000
0!
0'
#208490000
1!
1'
b100010110100 7
#208500000
0!
0'
#208510000
1!
1'
b100010110101 7
#208520000
0!
0'
#208530000
1!
1'
b100010110110 7
#208540000
0!
0'
#208550000
1!
1'
b100010110111 7
#208560000
0!
0'
#208570000
1!
1'
b100010111000 7
#208580000
0!
0'
#208590000
1!
1'
b100010111001 7
#208600000
0!
0'
#208610000
1!
1'
b100010111010 7
#208620000
0!
0'
#208630000
1!
1'
b100010111011 7
#208640000
0!
0'
#208650000
1!
1'
b100010111100 7
#208660000
0!
0'
#208670000
1!
1'
b100010111101 7
#208680000
0!
0'
#208690000
1!
1'
b100010111110 7
#208700000
0!
0'
#208710000
1!
1'
b100010111111 7
#208720000
0!
0'
#208730000
1!
1'
b100011000000 7
#208740000
0!
0'
#208750000
1!
1'
b100011000001 7
#208760000
0!
0'
#208770000
1!
1'
b100011000010 7
#208780000
0!
0'
#208790000
1!
1'
b100011000011 7
#208800000
0!
0'
#208810000
1!
1'
b100011000100 7
#208820000
0!
0'
#208830000
1!
1'
b100011000101 7
#208840000
0!
0'
#208850000
1!
1'
b100011000110 7
#208860000
0!
0'
#208870000
1!
1'
b100011000111 7
#208880000
0!
0'
#208890000
1!
1'
b100011001000 7
#208900000
0!
0'
#208910000
1!
1'
b100011001001 7
#208920000
0!
0'
#208930000
1!
1'
b100011001010 7
#208940000
0!
0'
#208950000
1!
1'
b100011001011 7
#208960000
0!
0'
#208970000
1!
1'
b100011001100 7
#208980000
0!
0'
#208990000
1!
1'
b100011001101 7
#209000000
0!
0'
#209010000
1!
1'
b100011001110 7
#209020000
0!
0'
#209030000
1!
1'
b100011001111 7
#209040000
0!
0'
#209050000
1!
1'
b100011010000 7
#209060000
0!
0'
#209070000
1!
1'
b100011010001 7
#209080000
0!
0'
#209090000
1!
1'
b100011010010 7
#209100000
0!
0'
#209110000
1!
1'
b100011010011 7
#209120000
0!
0'
#209130000
1!
1'
b100011010100 7
#209140000
0!
0'
#209150000
1!
1'
b100011010101 7
#209160000
0!
0'
#209170000
1!
1'
b100011010110 7
#209180000
0!
0'
#209190000
1!
1'
b100011010111 7
#209200000
0!
0'
#209210000
1!
1'
b100011011000 7
#209220000
0!
0'
#209230000
1!
1'
b100011011001 7
#209240000
0!
0'
#209250000
1!
1'
b100011011010 7
#209260000
0!
0'
#209270000
1!
1'
b100011011011 7
#209280000
0!
0'
#209290000
1!
1'
b100011011100 7
#209300000
0!
0'
#209310000
1!
1'
b100011011101 7
#209320000
0!
0'
#209330000
1!
1'
b100011011110 7
#209340000
0!
0'
#209350000
1!
1'
b100011011111 7
#209360000
0!
0'
#209370000
1!
1'
b100011100000 7
#209380000
0!
0'
#209390000
1!
1'
b100011100001 7
#209400000
0!
0'
#209410000
1!
1'
b100011100010 7
#209420000
0!
0'
#209430000
1!
1'
b100011100011 7
#209440000
0!
0'
#209450000
1!
1'
b100011100100 7
#209460000
0!
0'
#209470000
1!
1'
b100011100101 7
#209480000
0!
0'
#209490000
1!
1'
b100011100110 7
#209500000
0!
0'
#209510000
1!
1'
b100011100111 7
#209520000
0!
0'
#209530000
1!
1'
b100011101000 7
#209540000
0!
0'
#209550000
1!
1'
b100011101001 7
#209560000
0!
0'
#209570000
1!
1'
b100011101010 7
#209580000
0!
0'
#209590000
1!
1'
b100011101011 7
#209600000
0!
0'
#209610000
1!
1'
b100011101100 7
#209620000
0!
0'
#209630000
1!
1'
b100011101101 7
#209640000
0!
0'
#209650000
1!
1'
b100011101110 7
#209660000
0!
0'
#209670000
1!
1'
b100011101111 7
#209680000
0!
0'
#209690000
1!
1'
b100011110000 7
#209700000
0!
0'
#209710000
1!
1'
b100011110001 7
#209720000
0!
0'
#209730000
1!
1'
b100011110010 7
#209740000
0!
0'
#209750000
1!
1'
b100011110011 7
#209760000
0!
0'
#209770000
1!
1'
b100011110100 7
#209780000
0!
0'
#209790000
1!
1'
b100011110101 7
#209800000
0!
0'
#209810000
1!
1'
b100011110110 7
#209820000
0!
0'
#209830000
1!
1'
b100011110111 7
#209840000
0!
0'
#209850000
1!
1'
b100011111000 7
#209860000
0!
0'
#209870000
1!
1'
b100011111001 7
#209880000
0!
0'
#209890000
1!
1'
b100011111010 7
#209900000
0!
0'
#209910000
1!
1'
b100011111011 7
#209920000
0!
0'
#209930000
1!
1'
b100011111100 7
#209940000
0!
0'
#209950000
1!
1'
b100011111101 7
#209960000
0!
0'
#209970000
1!
1'
b100011111110 7
#209980000
0!
0'
#209990000
1!
1'
b100011111111 7
#210000000
0!
0'
#210010000
1!
1'
b100100000000 7
#210020000
0!
0'
#210030000
1!
1'
b100100000001 7
#210040000
0!
0'
#210050000
1!
1'
b100100000010 7
#210060000
0!
0'
#210070000
1!
1'
b100100000011 7
#210080000
0!
0'
#210090000
1!
1'
b100100000100 7
#210100000
0!
0'
#210110000
1!
1'
b100100000101 7
#210120000
0!
0'
#210130000
1!
1'
b100100000110 7
#210140000
0!
0'
#210150000
1!
1'
b100100000111 7
#210160000
0!
0'
#210170000
1!
1'
b100100001000 7
#210180000
0!
0'
#210190000
1!
1'
b100100001001 7
#210200000
0!
0'
#210210000
1!
1'
b100100001010 7
#210220000
0!
0'
#210230000
1!
1'
b100100001011 7
#210240000
0!
0'
#210250000
1!
1'
b100100001100 7
#210260000
0!
0'
#210270000
1!
1'
b100100001101 7
#210280000
0!
0'
#210290000
1!
1'
b100100001110 7
#210300000
0!
0'
#210310000
1!
1'
b100100001111 7
#210320000
0!
0'
#210330000
1!
1'
b100100010000 7
#210340000
0!
0'
#210350000
1!
1'
b100100010001 7
#210360000
0!
0'
#210370000
1!
1'
b100100010010 7
#210380000
0!
0'
#210390000
1!
1'
b100100010011 7
#210400000
0!
0'
#210410000
1!
1'
b100100010100 7
#210420000
0!
0'
#210430000
1!
1'
b100100010101 7
#210440000
0!
0'
#210450000
1!
1'
b100100010110 7
#210460000
0!
0'
#210470000
1!
1'
b100100010111 7
#210480000
0!
0'
#210490000
1!
1'
b100100011000 7
#210500000
0!
0'
#210510000
1!
1'
b100100011001 7
#210520000
0!
0'
#210530000
1!
1'
b100100011010 7
#210540000
0!
0'
#210550000
1!
1'
b100100011011 7
#210560000
0!
0'
#210570000
1!
1'
b100100011100 7
#210580000
0!
0'
#210590000
1!
1'
b100100011101 7
#210600000
0!
0'
#210610000
1!
1'
b100100011110 7
#210620000
0!
0'
#210630000
1!
1'
b100100011111 7
#210640000
0!
0'
#210650000
1!
1'
b100100100000 7
#210660000
0!
0'
#210670000
1!
1'
b100100100001 7
#210680000
0!
0'
#210690000
1!
1'
b100100100010 7
#210700000
0!
0'
#210710000
1!
1'
b100100100011 7
#210720000
0!
0'
#210730000
1!
1'
b100100100100 7
#210740000
0!
0'
#210750000
1!
1'
b100100100101 7
#210760000
0!
0'
#210770000
1!
1'
b100100100110 7
#210780000
0!
0'
#210790000
1!
1'
b100100100111 7
#210800000
0!
0'
#210810000
1!
1'
b100100101000 7
#210820000
0!
0'
#210830000
1!
1'
b100100101001 7
#210840000
0!
0'
#210850000
1!
1'
b100100101010 7
#210860000
0!
0'
#210870000
1!
1'
b100100101011 7
#210880000
0!
0'
#210890000
1!
1'
b100100101100 7
#210900000
0!
0'
#210910000
1!
1'
b100100101101 7
#210920000
0!
0'
#210930000
1!
1'
b100100101110 7
#210940000
0!
0'
#210950000
1!
1'
b100100101111 7
#210960000
0!
0'
#210970000
1!
1'
b100100110000 7
#210980000
0!
0'
#210990000
1!
1'
b100100110001 7
#211000000
0!
0'
#211010000
1!
1'
b100100110010 7
#211020000
0!
0'
#211030000
1!
1'
b100100110011 7
#211040000
0!
0'
#211050000
1!
1'
b100100110100 7
#211060000
0!
0'
#211070000
1!
1'
b100100110101 7
#211080000
0!
0'
#211090000
1!
1'
b100100110110 7
#211100000
0!
0'
#211110000
1!
1'
b100100110111 7
#211120000
0!
0'
#211130000
1!
1'
b100100111000 7
#211140000
0!
0'
#211150000
1!
1'
b100100111001 7
#211160000
0!
0'
#211170000
1!
1'
b100100111010 7
#211180000
0!
0'
#211190000
1!
1'
b100100111011 7
#211200000
0!
0'
#211210000
1!
1'
b100100111100 7
#211220000
0!
0'
#211230000
1!
1'
b100100111101 7
#211240000
0!
0'
#211250000
1!
1'
b100100111110 7
#211260000
0!
0'
#211270000
1!
1'
b100100111111 7
#211280000
0!
0'
#211290000
1!
1'
b100101000000 7
#211300000
0!
0'
#211310000
1!
1'
b100101000001 7
#211320000
0!
0'
#211330000
1!
1'
b100101000010 7
#211340000
0!
0'
#211350000
1!
1'
b100101000011 7
#211360000
0!
0'
#211370000
1!
1'
b100101000100 7
#211380000
0!
0'
#211390000
1!
1'
b100101000101 7
#211400000
0!
0'
#211410000
1!
1'
b100101000110 7
#211420000
0!
0'
#211430000
1!
1'
b100101000111 7
#211440000
0!
0'
#211450000
1!
1'
b100101001000 7
#211460000
0!
0'
#211470000
1!
1'
b100101001001 7
#211480000
0!
0'
#211490000
1!
1'
b100101001010 7
#211500000
0!
0'
#211510000
1!
1'
b100101001011 7
#211520000
0!
0'
#211530000
1!
1'
b100101001100 7
#211540000
0!
0'
#211550000
1!
1'
b100101001101 7
#211560000
0!
0'
#211570000
1!
1'
b100101001110 7
#211580000
0!
0'
#211590000
1!
1'
b100101001111 7
#211600000
0!
0'
#211610000
1!
1'
b100101010000 7
#211620000
0!
0'
#211630000
1!
1'
b100101010001 7
#211640000
0!
0'
#211650000
1!
1'
b100101010010 7
#211660000
0!
0'
#211670000
1!
1'
b100101010011 7
#211680000
0!
0'
#211690000
1!
1'
b100101010100 7
#211700000
0!
0'
#211710000
1!
1'
b100101010101 7
#211720000
0!
0'
#211730000
1!
1'
b100101010110 7
#211740000
0!
0'
#211750000
1!
1'
b100101010111 7
#211760000
0!
0'
#211770000
1!
1'
b100101011000 7
#211780000
0!
0'
#211790000
1!
1'
b100101011001 7
#211800000
0!
0'
#211810000
1!
1'
b100101011010 7
#211820000
0!
0'
#211830000
1!
1'
b100101011011 7
#211840000
0!
0'
#211850000
1!
1'
b100101011100 7
#211860000
0!
0'
#211870000
1!
1'
b100101011101 7
#211880000
0!
0'
#211890000
1!
1'
b100101011110 7
#211900000
0!
0'
#211910000
1!
1'
b100101011111 7
#211920000
0!
0'
#211930000
1!
1'
b100101100000 7
#211940000
0!
0'
#211950000
1!
1'
b100101100001 7
#211960000
0!
0'
#211970000
1!
1'
b100101100010 7
#211980000
0!
0'
#211990000
1!
1'
b100101100011 7
#212000000
0!
0'
#212010000
1!
1'
b100101100100 7
#212020000
0!
0'
#212030000
1!
1'
b100101100101 7
#212040000
0!
0'
#212050000
1!
1'
b100101100110 7
#212060000
0!
0'
#212070000
1!
1'
b100101100111 7
#212080000
0!
0'
#212090000
1!
1'
b100101101000 7
#212100000
0!
0'
#212110000
1!
1'
b100101101001 7
#212120000
0!
0'
#212130000
1!
1'
b100101101010 7
#212140000
0!
0'
#212150000
1!
1'
b100101101011 7
#212160000
0!
0'
#212170000
1!
1'
b100101101100 7
#212180000
0!
0'
#212190000
1!
1'
b100101101101 7
#212200000
0!
0'
#212210000
1!
1'
b100101101110 7
#212220000
0!
0'
#212230000
1!
1'
b100101101111 7
#212240000
0!
0'
#212250000
1!
1'
b100101110000 7
#212260000
0!
0'
#212270000
1!
1'
b100101110001 7
#212280000
0!
0'
#212290000
1!
1'
b100101110010 7
#212300000
0!
0'
#212310000
1!
1'
b100101110011 7
#212320000
0!
0'
#212330000
1!
1'
b100101110100 7
#212340000
0!
0'
#212350000
1!
1'
b100101110101 7
#212360000
0!
0'
#212370000
1!
1'
b100101110110 7
#212380000
0!
0'
#212390000
1!
1'
b100101110111 7
#212400000
0!
0'
#212410000
1!
1'
b100101111000 7
#212420000
0!
0'
#212430000
1!
1'
b100101111001 7
#212440000
0!
0'
#212450000
1!
1'
b100101111010 7
#212460000
0!
0'
#212470000
1!
1'
b100101111011 7
#212480000
0!
0'
#212490000
1!
1'
b100101111100 7
#212500000
0!
0'
#212510000
1!
1'
b100101111101 7
#212520000
0!
0'
#212530000
1!
1'
b100101111110 7
#212540000
0!
0'
#212550000
1!
1'
b100101111111 7
#212560000
0!
0'
#212570000
1!
1'
b100110000000 7
#212580000
0!
0'
#212590000
1!
1'
b100110000001 7
#212600000
0!
0'
#212610000
1!
1'
b100110000010 7
#212620000
0!
0'
#212630000
1!
1'
b100110000011 7
#212640000
0!
0'
#212650000
1!
1'
b100110000100 7
#212660000
0!
0'
#212670000
1!
1'
b100110000101 7
#212680000
0!
0'
#212690000
1!
1'
b100110000110 7
#212700000
0!
0'
#212710000
1!
1'
b100110000111 7
#212720000
0!
0'
#212730000
1!
1'
b100110001000 7
#212740000
0!
0'
#212750000
1!
1'
b100110001001 7
#212760000
0!
0'
#212770000
1!
1'
b100110001010 7
#212780000
0!
0'
#212790000
1!
1'
b100110001011 7
#212800000
0!
0'
#212810000
1!
1'
b100110001100 7
#212820000
0!
0'
#212830000
1!
1'
b100110001101 7
#212840000
0!
0'
#212850000
1!
1'
b100110001110 7
#212860000
0!
0'
#212870000
1!
1'
b100110001111 7
#212880000
0!
0'
#212890000
1!
1'
b100110010000 7
#212900000
0!
0'
#212910000
1!
1'
b100110010001 7
#212920000
0!
0'
#212930000
1!
1'
b100110010010 7
#212940000
0!
0'
#212950000
1!
1'
b100110010011 7
#212960000
0!
0'
#212970000
1!
1'
b100110010100 7
#212980000
0!
0'
#212990000
1!
1'
b100110010101 7
#213000000
0!
0'
#213010000
1!
1'
b100110010110 7
#213020000
0!
0'
#213030000
1!
1'
b100110010111 7
#213040000
0!
0'
#213050000
1!
1'
b100110011000 7
#213060000
0!
0'
#213070000
1!
1'
b100110011001 7
#213080000
0!
0'
#213090000
1!
1'
b100110011010 7
#213100000
0!
0'
#213110000
1!
1'
b100110011011 7
#213120000
0!
0'
#213130000
1!
1'
b100110011100 7
#213140000
0!
0'
#213150000
1!
1'
b100110011101 7
#213160000
0!
0'
#213170000
1!
1'
b100110011110 7
#213180000
0!
0'
#213190000
1!
1'
b100110011111 7
#213200000
0!
0'
#213210000
1!
1'
b100110100000 7
#213220000
0!
0'
#213230000
1!
1'
b100110100001 7
#213240000
0!
0'
#213250000
1!
1'
b100110100010 7
#213260000
0!
0'
#213270000
1!
1'
b100110100011 7
#213280000
0!
0'
#213290000
1!
1'
b100110100100 7
#213300000
0!
0'
#213310000
1!
1'
b100110100101 7
#213320000
0!
0'
#213330000
1!
1'
b100110100110 7
#213340000
0!
0'
#213350000
1!
1'
b100110100111 7
#213360000
0!
0'
#213370000
1!
1'
b100110101000 7
#213380000
0!
0'
#213390000
1!
1'
b100110101001 7
#213400000
0!
0'
#213410000
1!
1'
b100110101010 7
#213420000
0!
0'
#213430000
1!
1'
b100110101011 7
#213440000
0!
0'
#213450000
1!
1'
b100110101100 7
#213460000
0!
0'
#213470000
1!
1'
b100110101101 7
#213480000
0!
0'
#213490000
1!
1'
b100110101110 7
#213500000
0!
0'
#213510000
1!
1'
b100110101111 7
#213520000
0!
0'
#213530000
1!
1'
b100110110000 7
#213540000
0!
0'
#213550000
1!
1'
b100110110001 7
#213560000
0!
0'
#213570000
1!
1'
b100110110010 7
#213580000
0!
0'
#213590000
1!
1'
b100110110011 7
#213600000
0!
0'
#213610000
1!
1'
b100110110100 7
#213620000
0!
0'
#213630000
1!
1'
b100110110101 7
#213640000
0!
0'
#213650000
1!
1'
b100110110110 7
#213660000
0!
0'
#213670000
1!
1'
b100110110111 7
#213680000
0!
0'
#213690000
1!
1'
b100110111000 7
#213700000
0!
0'
#213710000
1!
1'
b100110111001 7
#213720000
0!
0'
#213730000
1!
1'
b100110111010 7
#213740000
0!
0'
#213750000
1!
1'
b100110111011 7
#213760000
0!
0'
#213770000
1!
1'
b100110111100 7
#213780000
0!
0'
#213790000
1!
1'
b100110111101 7
#213800000
0!
0'
#213810000
1!
1'
b100110111110 7
#213820000
0!
0'
#213830000
1!
1'
b100110111111 7
#213840000
0!
0'
#213850000
1!
1'
b100111000000 7
#213860000
0!
0'
#213870000
1!
1'
b100111000001 7
#213880000
0!
0'
#213890000
1!
1'
b100111000010 7
#213900000
0!
0'
#213910000
1!
1'
b100111000011 7
#213920000
0!
0'
#213930000
1!
1'
b100111000100 7
#213940000
0!
0'
#213950000
1!
1'
b100111000101 7
#213960000
0!
0'
#213970000
1!
1'
b100111000110 7
#213980000
0!
0'
#213990000
1!
1'
b100111000111 7
#214000000
0!
0'
#214010000
1!
1'
b100111001000 7
#214020000
0!
0'
#214030000
1!
1'
b100111001001 7
#214040000
0!
0'
#214050000
1!
1'
b100111001010 7
#214060000
0!
0'
#214070000
1!
1'
b100111001011 7
#214080000
0!
0'
#214090000
1!
1'
b100111001100 7
#214100000
0!
0'
#214110000
1!
1'
b100111001101 7
#214120000
0!
0'
#214130000
1!
1'
b100111001110 7
#214140000
0!
0'
#214150000
1!
1'
b100111001111 7
#214160000
0!
0'
#214170000
1!
1'
b100111010000 7
#214180000
0!
0'
#214190000
1!
1'
b100111010001 7
#214200000
0!
0'
#214210000
1!
1'
b100111010010 7
#214220000
0!
0'
#214230000
1!
1'
b100111010011 7
#214240000
0!
0'
#214250000
1!
1'
b100111010100 7
#214260000
0!
0'
#214270000
1!
1'
b100111010101 7
#214280000
0!
0'
#214290000
1!
1'
b100111010110 7
#214300000
0!
0'
#214310000
1!
1'
b100111010111 7
#214320000
0!
0'
#214330000
1!
1'
b100111011000 7
#214340000
0!
0'
#214350000
1!
1'
b100111011001 7
#214360000
0!
0'
#214370000
1!
1'
b100111011010 7
#214380000
0!
0'
#214390000
1!
1'
b100111011011 7
#214400000
0!
0'
#214410000
1!
1'
b100111011100 7
#214420000
0!
0'
#214430000
1!
1'
b100111011101 7
#214440000
0!
0'
#214450000
1!
1'
b100111011110 7
#214460000
0!
0'
#214470000
1!
1'
b100111011111 7
#214480000
0!
0'
#214490000
1!
1'
b100111100000 7
#214500000
0!
0'
#214510000
1!
1'
b100111100001 7
#214520000
0!
0'
#214530000
1!
1'
b100111100010 7
#214540000
0!
0'
#214550000
1!
1'
b100111100011 7
#214560000
0!
0'
#214570000
1!
1'
b100111100100 7
#214580000
0!
0'
#214590000
1!
1'
b100111100101 7
#214600000
0!
0'
#214610000
1!
1'
b100111100110 7
#214620000
0!
0'
#214630000
1!
1'
b100111100111 7
#214640000
0!
0'
#214650000
1!
1'
b100111101000 7
#214660000
0!
0'
#214670000
1!
1'
b100111101001 7
#214680000
0!
0'
#214690000
1!
1'
b100111101010 7
#214700000
0!
0'
#214710000
1!
1'
b100111101011 7
#214720000
0!
0'
#214730000
1!
1'
b100111101100 7
#214740000
0!
0'
#214750000
1!
1'
b100111101101 7
#214760000
0!
0'
#214770000
1!
1'
b100111101110 7
#214780000
0!
0'
#214790000
1!
1'
b100111101111 7
#214800000
0!
0'
#214810000
1!
1'
b100111110000 7
#214820000
0!
0'
#214830000
1!
1'
b100111110001 7
#214840000
0!
0'
#214850000
1!
1'
b100111110010 7
#214860000
0!
0'
#214870000
1!
1'
b100111110011 7
#214880000
0!
0'
#214890000
1!
1'
b100111110100 7
#214900000
0!
0'
#214910000
1!
1'
b100111110101 7
#214920000
0!
0'
#214930000
1!
1'
b100111110110 7
#214940000
0!
0'
#214950000
1!
1'
b100111110111 7
#214960000
0!
0'
#214970000
1!
1'
b100111111000 7
#214980000
0!
0'
#214990000
1!
1'
b100111111001 7
#215000000
0!
0'
#215010000
1!
1'
b100111111010 7
#215020000
0!
0'
#215030000
1!
1'
b100111111011 7
#215040000
0!
0'
#215050000
1!
1'
b100111111100 7
#215060000
0!
0'
#215070000
1!
1'
b100111111101 7
#215080000
0!
0'
#215090000
1!
1'
b100111111110 7
#215100000
0!
0'
#215110000
1!
1'
b100111111111 7
#215120000
0!
0'
#215130000
1!
1'
b101000000000 7
#215140000
0!
0'
#215150000
1!
1'
b101000000001 7
#215160000
0!
0'
#215170000
1!
1'
b101000000010 7
#215180000
0!
0'
#215190000
1!
1'
b101000000011 7
#215200000
0!
0'
#215210000
1!
1'
b101000000100 7
#215220000
0!
0'
#215230000
1!
1'
b101000000101 7
#215240000
0!
0'
#215250000
1!
1'
b101000000110 7
#215260000
0!
0'
#215270000
1!
1'
b101000000111 7
#215280000
0!
0'
#215290000
1!
1'
b101000001000 7
#215300000
0!
0'
#215310000
1!
1'
b101000001001 7
#215320000
0!
0'
#215330000
1!
1'
b101000001010 7
#215340000
0!
0'
#215350000
1!
1'
b101000001011 7
#215360000
0!
0'
#215370000
1!
1'
b101000001100 7
#215380000
0!
0'
#215390000
1!
1'
b101000001101 7
#215400000
0!
0'
#215410000
1!
1'
b101000001110 7
#215420000
0!
0'
#215430000
1!
1'
b101000001111 7
#215440000
0!
0'
#215450000
1!
1'
b101000010000 7
#215460000
0!
0'
#215470000
1!
1'
b101000010001 7
#215480000
0!
0'
#215490000
1!
1'
b101000010010 7
#215500000
0!
0'
#215510000
1!
1'
b101000010011 7
#215520000
0!
0'
#215530000
1!
1'
b101000010100 7
#215540000
0!
0'
#215550000
1!
1'
b101000010101 7
#215560000
0!
0'
#215570000
1!
1'
b101000010110 7
#215580000
0!
0'
#215590000
1!
1'
b101000010111 7
#215600000
0!
0'
#215610000
1!
1'
b101000011000 7
#215620000
0!
0'
#215630000
1!
1'
b101000011001 7
#215640000
0!
0'
#215650000
1!
1'
b101000011010 7
#215660000
0!
0'
#215670000
1!
1'
b101000011011 7
#215680000
0!
0'
#215690000
1!
1'
b101000011100 7
#215700000
0!
0'
#215710000
1!
1'
b101000011101 7
#215720000
0!
0'
#215730000
1!
1'
b101000011110 7
#215740000
0!
0'
#215750000
1!
1'
b101000011111 7
#215760000
0!
0'
#215770000
1!
1'
b101000100000 7
#215780000
0!
0'
#215790000
1!
1'
b101000100001 7
#215800000
0!
0'
#215810000
1!
1'
b101000100010 7
#215820000
0!
0'
#215830000
1!
1'
b101000100011 7
#215840000
0!
0'
#215850000
1!
1'
b101000100100 7
#215860000
0!
0'
#215870000
1!
1'
b101000100101 7
#215880000
0!
0'
#215890000
1!
1'
b101000100110 7
#215900000
0!
0'
#215910000
1!
1'
b101000100111 7
#215920000
0!
0'
#215930000
1!
1'
b101000101000 7
#215940000
0!
0'
#215950000
1!
1'
b101000101001 7
#215960000
0!
0'
#215970000
1!
1'
b101000101010 7
#215980000
0!
0'
#215990000
1!
1'
b101000101011 7
#216000000
0!
0'
#216010000
1!
1'
b101000101100 7
#216020000
0!
0'
#216030000
1!
1'
b101000101101 7
#216040000
0!
0'
#216050000
1!
1'
b101000101110 7
#216060000
0!
0'
#216070000
1!
1'
b101000101111 7
#216080000
0!
0'
#216090000
1!
1'
b101000110000 7
#216100000
0!
0'
#216110000
1!
1'
b101000110001 7
#216120000
0!
0'
#216130000
1!
1'
b101000110010 7
#216140000
0!
0'
#216150000
1!
1'
b101000110011 7
#216160000
0!
0'
#216170000
1!
1'
b101000110100 7
#216180000
0!
0'
#216190000
1!
1'
b101000110101 7
#216200000
0!
0'
#216210000
1!
1'
b101000110110 7
#216220000
0!
0'
#216230000
1!
1'
b101000110111 7
#216240000
0!
0'
#216250000
1!
1'
b101000111000 7
#216260000
0!
0'
#216270000
1!
1'
b101000111001 7
#216280000
0!
0'
#216290000
1!
1'
b101000111010 7
#216300000
0!
0'
#216310000
1!
1'
b101000111011 7
#216320000
0!
0'
#216330000
1!
1'
b101000111100 7
#216340000
0!
0'
#216350000
1!
1'
b101000111101 7
#216360000
0!
0'
#216370000
1!
1'
b101000111110 7
#216380000
0!
0'
#216390000
1!
1'
b101000111111 7
#216400000
0!
0'
#216410000
1!
1'
b101001000000 7
#216420000
0!
0'
#216430000
1!
1'
b101001000001 7
#216440000
0!
0'
#216450000
1!
1'
b101001000010 7
#216460000
0!
0'
#216470000
1!
1'
b101001000011 7
#216480000
0!
0'
#216490000
1!
1'
b101001000100 7
#216500000
0!
0'
#216510000
1!
1'
b101001000101 7
#216520000
0!
0'
#216530000
1!
1'
b101001000110 7
#216540000
0!
0'
#216550000
1!
1'
b101001000111 7
#216560000
0!
0'
#216570000
1!
1'
b101001001000 7
#216580000
0!
0'
#216590000
1!
1'
b101001001001 7
#216600000
0!
0'
#216610000
1!
1'
b101001001010 7
#216620000
0!
0'
#216630000
1!
1'
b101001001011 7
#216640000
0!
0'
#216650000
1!
1'
b101001001100 7
#216660000
0!
0'
#216670000
1!
1'
b101001001101 7
#216680000
0!
0'
#216690000
1!
1'
b101001001110 7
#216700000
0!
0'
#216710000
1!
1'
b101001001111 7
#216720000
0!
0'
#216730000
1!
1'
b101001010000 7
#216740000
0!
0'
#216750000
1!
1'
b101001010001 7
#216760000
0!
0'
#216770000
1!
1'
b101001010010 7
#216780000
0!
0'
#216790000
1!
1'
b101001010011 7
#216800000
0!
0'
#216810000
1!
1'
b101001010100 7
#216820000
0!
0'
#216830000
1!
1'
b101001010101 7
#216840000
0!
0'
#216850000
1!
1'
b101001010110 7
#216860000
0!
0'
#216870000
1!
1'
b101001010111 7
#216880000
0!
0'
#216890000
1!
1'
b101001011000 7
#216900000
0!
0'
#216910000
1!
1'
b101001011001 7
#216920000
0!
0'
#216930000
1!
1'
b101001011010 7
#216940000
0!
0'
#216950000
1!
1'
b101001011011 7
#216960000
0!
0'
#216970000
1!
1'
b101001011100 7
#216980000
0!
0'
#216990000
1!
1'
b101001011101 7
#217000000
0!
0'
#217010000
1!
1'
b101001011110 7
#217020000
0!
0'
#217030000
1!
1'
b101001011111 7
#217040000
0!
0'
#217050000
1!
1'
b101001100000 7
#217060000
0!
0'
#217070000
1!
1'
b101001100001 7
#217080000
0!
0'
#217090000
1!
1'
b101001100010 7
#217100000
0!
0'
#217110000
1!
1'
b101001100011 7
#217120000
0!
0'
#217130000
1!
1'
b101001100100 7
#217140000
0!
0'
#217150000
1!
1'
b101001100101 7
#217160000
0!
0'
#217170000
1!
1'
b101001100110 7
#217180000
0!
0'
#217190000
1!
1'
b101001100111 7
#217200000
0!
0'
#217210000
1!
1'
b101001101000 7
#217220000
0!
0'
#217230000
1!
1'
b101001101001 7
#217240000
0!
0'
#217250000
1!
1'
b101001101010 7
#217260000
0!
0'
#217270000
1!
1'
b101001101011 7
#217280000
0!
0'
#217290000
1!
1'
b101001101100 7
#217300000
0!
0'
#217310000
1!
1'
b101001101101 7
#217320000
0!
0'
#217330000
1!
1'
b101001101110 7
#217340000
0!
0'
#217350000
1!
1'
b101001101111 7
#217360000
0!
0'
#217370000
1!
1'
b101001110000 7
#217380000
0!
0'
#217390000
1!
1'
b101001110001 7
#217400000
0!
0'
#217410000
1!
1'
b101001110010 7
#217420000
0!
0'
#217430000
1!
1'
b101001110011 7
#217440000
0!
0'
#217450000
1!
1'
b101001110100 7
#217460000
0!
0'
#217470000
1!
1'
b101001110101 7
#217480000
0!
0'
#217490000
1!
1'
b101001110110 7
#217500000
0!
0'
#217510000
1!
1'
b101001110111 7
#217520000
0!
0'
#217530000
1!
1'
b101001111000 7
#217540000
0!
0'
#217550000
1!
1'
b101001111001 7
#217560000
0!
0'
#217570000
1!
1'
b101001111010 7
#217580000
0!
0'
#217590000
1!
1'
b101001111011 7
#217600000
0!
0'
#217610000
1!
1'
b101001111100 7
#217620000
0!
0'
#217630000
1!
1'
b101001111101 7
#217640000
0!
0'
#217650000
1!
1'
b101001111110 7
#217660000
0!
0'
#217670000
1!
1'
b101001111111 7
#217680000
0!
0'
#217690000
1!
1'
b101010000000 7
#217700000
0!
0'
#217710000
1!
1'
b101010000001 7
#217720000
0!
0'
#217730000
1!
1'
b101010000010 7
#217740000
0!
0'
#217750000
1!
1'
b101010000011 7
#217760000
0!
0'
#217770000
1!
1'
b101010000100 7
#217780000
0!
0'
#217790000
1!
1'
b101010000101 7
#217800000
0!
0'
#217810000
1!
1'
b101010000110 7
#217820000
0!
0'
#217830000
1!
1'
b101010000111 7
#217840000
0!
0'
#217850000
1!
1'
b101010001000 7
#217860000
0!
0'
#217870000
1!
1'
b101010001001 7
#217880000
0!
0'
#217890000
1!
1'
b101010001010 7
#217900000
0!
0'
#217910000
1!
1'
b101010001011 7
#217920000
0!
0'
#217930000
1!
1'
b101010001100 7
#217940000
0!
0'
#217950000
1!
1'
b101010001101 7
#217960000
0!
0'
#217970000
1!
1'
b101010001110 7
#217980000
0!
0'
#217990000
1!
1'
b101010001111 7
#218000000
0!
0'
#218010000
1!
1'
b101010010000 7
#218020000
0!
0'
#218030000
1!
1'
b101010010001 7
#218040000
0!
0'
#218050000
1!
1'
b101010010010 7
#218060000
0!
0'
#218070000
1!
1'
b101010010011 7
#218080000
0!
0'
#218090000
1!
1'
b101010010100 7
#218100000
0!
0'
#218110000
1!
1'
b101010010101 7
#218120000
0!
0'
#218130000
1!
1'
b101010010110 7
#218140000
0!
0'
#218150000
1!
1'
b101010010111 7
#218160000
0!
0'
#218170000
1!
1'
b101010011000 7
#218180000
0!
0'
#218190000
1!
1'
b101010011001 7
#218200000
0!
0'
#218210000
1!
1'
b101010011010 7
#218220000
0!
0'
#218230000
1!
1'
b101010011011 7
#218240000
0!
0'
#218250000
1!
1'
b101010011100 7
#218260000
0!
0'
#218270000
1!
1'
b101010011101 7
#218280000
0!
0'
#218290000
1!
1'
b101010011110 7
#218300000
0!
0'
#218310000
1!
1'
b101010011111 7
#218320000
0!
0'
#218330000
1!
1'
b101010100000 7
#218340000
0!
0'
#218350000
1!
1'
b101010100001 7
#218360000
0!
0'
#218370000
1!
1'
b101010100010 7
#218380000
0!
0'
#218390000
1!
1'
b101010100011 7
#218400000
0!
0'
#218410000
1!
1'
b101010100100 7
#218420000
0!
0'
#218430000
1!
1'
b101010100101 7
#218440000
0!
0'
#218450000
1!
1'
b101010100110 7
#218460000
0!
0'
#218470000
1!
1'
b101010100111 7
#218480000
0!
0'
#218490000
1!
1'
b101010101000 7
#218500000
0!
0'
#218510000
1!
1'
b101010101001 7
#218520000
0!
0'
#218530000
1!
1'
b101010101010 7
#218540000
0!
0'
#218550000
1!
1'
b101010101011 7
#218560000
0!
0'
#218570000
1!
1'
b101010101100 7
#218580000
0!
0'
#218590000
1!
1'
b101010101101 7
#218600000
0!
0'
#218610000
1!
1'
b101010101110 7
#218620000
0!
0'
#218630000
1!
1'
b101010101111 7
#218640000
0!
0'
#218650000
1!
1'
b101010110000 7
#218660000
0!
0'
#218670000
1!
1'
b101010110001 7
#218680000
0!
0'
#218690000
1!
1'
b101010110010 7
#218700000
0!
0'
#218710000
1!
1'
b101010110011 7
#218720000
0!
0'
#218730000
1!
1'
b101010110100 7
#218740000
0!
0'
#218750000
1!
1'
b101010110101 7
#218760000
0!
0'
#218770000
1!
1'
b101010110110 7
#218780000
0!
0'
#218790000
1!
1'
b101010110111 7
#218800000
0!
0'
#218810000
1!
1'
b101010111000 7
#218820000
0!
0'
#218830000
1!
1'
b101010111001 7
#218840000
0!
0'
#218850000
1!
1'
b101010111010 7
#218860000
0!
0'
#218870000
1!
1'
b101010111011 7
#218880000
0!
0'
#218890000
1!
1'
b101010111100 7
#218900000
0!
0'
#218910000
1!
1'
b101010111101 7
#218920000
0!
0'
#218930000
1!
1'
b101010111110 7
#218940000
0!
0'
#218950000
1!
1'
b101010111111 7
#218960000
0!
0'
#218970000
1!
1'
b101011000000 7
#218980000
0!
0'
#218990000
1!
1'
b101011000001 7
#219000000
0!
0'
#219010000
1!
1'
b101011000010 7
#219020000
0!
0'
#219030000
1!
1'
b101011000011 7
#219040000
0!
0'
#219050000
1!
1'
b101011000100 7
#219060000
0!
0'
#219070000
1!
1'
b101011000101 7
#219080000
0!
0'
#219090000
1!
1'
b101011000110 7
#219100000
0!
0'
#219110000
1!
1'
b101011000111 7
#219120000
0!
0'
#219130000
1!
1'
b101011001000 7
#219140000
0!
0'
#219150000
1!
1'
b101011001001 7
#219160000
0!
0'
#219170000
1!
1'
b101011001010 7
#219180000
0!
0'
#219190000
1!
1'
b101011001011 7
#219200000
0!
0'
#219210000
1!
1'
b101011001100 7
#219220000
0!
0'
#219230000
1!
1'
b101011001101 7
#219240000
0!
0'
#219250000
1!
1'
b101011001110 7
#219260000
0!
0'
#219270000
1!
1'
b101011001111 7
#219280000
0!
0'
#219290000
1!
1'
b101011010000 7
#219300000
0!
0'
#219310000
1!
1'
b101011010001 7
#219320000
0!
0'
#219330000
1!
1'
b101011010010 7
#219340000
0!
0'
#219350000
1!
1'
b101011010011 7
#219360000
0!
0'
#219370000
1!
1'
b101011010100 7
#219380000
0!
0'
#219390000
1!
1'
b101011010101 7
#219400000
0!
0'
#219410000
1!
1'
b101011010110 7
#219420000
0!
0'
#219430000
1!
1'
b101011010111 7
#219440000
0!
0'
#219450000
1!
1'
b101011011000 7
#219460000
0!
0'
#219470000
1!
1'
b101011011001 7
#219480000
0!
0'
#219490000
1!
1'
b101011011010 7
#219500000
0!
0'
#219510000
1!
1'
b101011011011 7
#219520000
0!
0'
#219530000
1!
1'
b101011011100 7
#219540000
0!
0'
#219550000
1!
1'
b101011011101 7
#219560000
0!
0'
#219570000
1!
1'
b101011011110 7
#219580000
0!
0'
#219590000
1!
1'
b101011011111 7
#219600000
0!
0'
#219610000
1!
1'
b101011100000 7
#219620000
0!
0'
#219630000
1!
1'
b101011100001 7
#219640000
0!
0'
#219650000
1!
1'
b101011100010 7
#219660000
0!
0'
#219670000
1!
1'
b101011100011 7
#219680000
0!
0'
#219690000
1!
1'
b101011100100 7
#219700000
0!
0'
#219710000
1!
1'
b101011100101 7
#219720000
0!
0'
#219730000
1!
1'
b101011100110 7
#219740000
0!
0'
#219750000
1!
1'
b101011100111 7
#219760000
0!
0'
#219770000
1!
1'
b101011101000 7
#219780000
0!
0'
#219790000
1!
1'
b101011101001 7
#219800000
0!
0'
#219810000
1!
1'
b101011101010 7
#219820000
0!
0'
#219830000
1!
1'
b101011101011 7
#219840000
0!
0'
#219850000
1!
1'
b101011101100 7
#219860000
0!
0'
#219870000
1!
1'
b101011101101 7
#219880000
0!
0'
#219890000
1!
1'
b101011101110 7
#219900000
0!
0'
#219910000
1!
1'
b101011101111 7
#219920000
0!
0'
#219930000
1!
1'
b101011110000 7
#219940000
0!
0'
#219950000
1!
1'
b101011110001 7
#219960000
0!
0'
#219970000
1!
1'
b101011110010 7
#219980000
0!
0'
#219990000
1!
1'
b101011110011 7
#220000000
0!
0'
#220010000
1!
1'
b101011110100 7
#220020000
0!
0'
#220030000
1!
1'
b101011110101 7
#220040000
0!
0'
#220050000
1!
1'
b101011110110 7
#220060000
0!
0'
#220070000
1!
1'
b101011110111 7
#220080000
0!
0'
#220090000
1!
1'
b101011111000 7
#220100000
0!
0'
#220110000
1!
1'
b101011111001 7
#220120000
0!
0'
#220130000
1!
1'
b101011111010 7
#220140000
0!
0'
#220150000
1!
1'
b101011111011 7
#220160000
0!
0'
#220170000
1!
1'
b101011111100 7
#220180000
0!
0'
#220190000
1!
1'
b101011111101 7
#220200000
0!
0'
#220210000
1!
1'
b101011111110 7
#220220000
0!
0'
#220230000
1!
1'
b101011111111 7
#220240000
0!
0'
#220250000
1!
1'
b101100000000 7
#220260000
0!
0'
#220270000
1!
1'
b101100000001 7
#220280000
0!
0'
#220290000
1!
1'
b101100000010 7
#220300000
0!
0'
#220310000
1!
1'
b101100000011 7
#220320000
0!
0'
#220330000
1!
1'
b101100000100 7
#220340000
0!
0'
#220350000
1!
1'
b101100000101 7
#220360000
0!
0'
#220370000
1!
1'
b101100000110 7
#220380000
0!
0'
#220390000
1!
1'
b101100000111 7
#220400000
0!
0'
#220410000
1!
1'
b101100001000 7
#220420000
0!
0'
#220430000
1!
1'
b101100001001 7
#220440000
0!
0'
#220450000
1!
1'
b101100001010 7
#220460000
0!
0'
#220470000
1!
1'
b101100001011 7
#220480000
0!
0'
#220490000
1!
1'
b101100001100 7
#220500000
0!
0'
#220510000
1!
1'
b101100001101 7
#220520000
0!
0'
#220530000
1!
1'
b101100001110 7
#220540000
0!
0'
#220550000
1!
1'
b101100001111 7
#220560000
0!
0'
#220570000
1!
1'
b101100010000 7
#220580000
0!
0'
#220590000
1!
1'
b101100010001 7
#220600000
0!
0'
#220610000
1!
1'
b101100010010 7
#220620000
0!
0'
#220630000
1!
1'
b101100010011 7
#220640000
0!
0'
#220650000
1!
1'
b101100010100 7
#220660000
0!
0'
#220670000
1!
1'
b101100010101 7
#220680000
0!
0'
#220690000
1!
1'
b101100010110 7
#220700000
0!
0'
#220710000
1!
1'
b101100010111 7
#220720000
0!
0'
#220730000
1!
1'
b101100011000 7
#220740000
0!
0'
#220750000
1!
1'
b101100011001 7
#220760000
0!
0'
#220770000
1!
1'
b101100011010 7
#220780000
0!
0'
#220790000
1!
1'
b101100011011 7
#220800000
0!
0'
#220810000
1!
1'
b101100011100 7
#220820000
0!
0'
#220830000
1!
1'
b101100011101 7
#220840000
0!
0'
#220850000
1!
1'
b101100011110 7
#220860000
0!
0'
#220870000
1!
1'
b101100011111 7
#220880000
0!
0'
#220890000
1!
1'
b101100100000 7
#220900000
0!
0'
#220910000
1!
1'
b101100100001 7
#220920000
0!
0'
#220930000
1!
1'
b101100100010 7
#220940000
0!
0'
#220950000
1!
1'
b101100100011 7
#220960000
0!
0'
#220970000
1!
1'
b101100100100 7
#220980000
0!
0'
#220990000
1!
1'
b101100100101 7
#221000000
0!
0'
#221010000
1!
1'
b101100100110 7
#221020000
0!
0'
#221030000
1!
1'
b101100100111 7
#221040000
0!
0'
#221050000
1!
1'
b101100101000 7
#221060000
0!
0'
#221070000
1!
1'
b101100101001 7
#221080000
0!
0'
#221090000
1!
1'
b101100101010 7
#221100000
0!
0'
#221110000
1!
1'
b101100101011 7
#221120000
0!
0'
#221130000
1!
1'
b101100101100 7
#221140000
0!
0'
#221150000
1!
1'
b101100101101 7
#221160000
0!
0'
#221170000
1!
1'
b101100101110 7
#221180000
0!
0'
#221190000
1!
1'
b101100101111 7
#221200000
0!
0'
#221210000
1!
1'
b101100110000 7
#221220000
0!
0'
#221230000
1!
1'
b101100110001 7
#221240000
0!
0'
#221250000
1!
1'
b101100110010 7
#221260000
0!
0'
#221270000
1!
1'
b101100110011 7
#221280000
0!
0'
#221290000
1!
1'
b101100110100 7
#221300000
0!
0'
#221310000
1!
1'
b101100110101 7
#221320000
0!
0'
#221330000
1!
1'
b101100110110 7
#221340000
0!
0'
#221350000
1!
1'
b101100110111 7
#221360000
0!
0'
#221370000
1!
1'
b101100111000 7
#221380000
0!
0'
#221390000
1!
1'
b101100111001 7
#221400000
0!
0'
#221410000
1!
1'
b101100111010 7
#221420000
0!
0'
#221430000
1!
1'
b101100111011 7
#221440000
0!
0'
#221450000
1!
1'
b101100111100 7
#221460000
0!
0'
#221470000
1!
1'
b101100111101 7
#221480000
0!
0'
#221490000
1!
1'
b101100111110 7
#221500000
0!
0'
#221510000
1!
1'
b101100111111 7
#221520000
0!
0'
#221530000
1!
1'
b101101000000 7
#221540000
0!
0'
#221550000
1!
1'
b101101000001 7
#221560000
0!
0'
#221570000
1!
1'
b101101000010 7
#221580000
0!
0'
#221590000
1!
1'
b101101000011 7
#221600000
0!
0'
#221610000
1!
1'
b101101000100 7
#221620000
0!
0'
#221630000
1!
1'
b101101000101 7
#221640000
0!
0'
#221650000
1!
1'
b101101000110 7
#221660000
0!
0'
#221670000
1!
1'
b101101000111 7
#221680000
0!
0'
#221690000
1!
1'
b101101001000 7
#221700000
0!
0'
#221710000
1!
1'
b101101001001 7
#221720000
0!
0'
#221730000
1!
1'
b101101001010 7
#221740000
0!
0'
#221750000
1!
1'
b101101001011 7
#221760000
0!
0'
#221770000
1!
1'
b101101001100 7
#221780000
0!
0'
#221790000
1!
1'
b101101001101 7
#221800000
0!
0'
#221810000
1!
1'
b101101001110 7
#221820000
0!
0'
#221830000
1!
1'
b101101001111 7
#221840000
0!
0'
#221850000
1!
1'
b101101010000 7
#221860000
0!
0'
#221870000
1!
1'
b101101010001 7
#221880000
0!
0'
#221890000
1!
1'
b101101010010 7
#221900000
0!
0'
#221910000
1!
1'
b101101010011 7
#221920000
0!
0'
#221930000
1!
1'
b101101010100 7
#221940000
0!
0'
#221950000
1!
1'
b101101010101 7
#221960000
0!
0'
#221970000
1!
1'
b101101010110 7
#221980000
0!
0'
#221990000
1!
1'
b101101010111 7
#222000000
0!
0'
#222010000
1!
1'
b101101011000 7
#222020000
0!
0'
#222030000
1!
1'
b101101011001 7
#222040000
0!
0'
#222050000
1!
1'
b101101011010 7
#222060000
0!
0'
#222070000
1!
1'
b101101011011 7
#222080000
0!
0'
#222090000
1!
1'
b101101011100 7
#222100000
0!
0'
#222110000
1!
1'
b101101011101 7
#222120000
0!
0'
#222130000
1!
1'
b101101011110 7
#222140000
0!
0'
#222150000
1!
1'
b101101011111 7
#222160000
0!
0'
#222170000
1!
1'
b101101100000 7
#222180000
0!
0'
#222190000
1!
1'
b101101100001 7
#222200000
0!
0'
#222210000
1!
1'
b101101100010 7
#222220000
0!
0'
#222230000
1!
1'
b101101100011 7
#222240000
0!
0'
#222250000
1!
1'
b101101100100 7
#222260000
0!
0'
#222270000
1!
1'
b101101100101 7
#222280000
0!
0'
#222290000
1!
1'
b101101100110 7
#222300000
0!
0'
#222310000
1!
1'
b101101100111 7
#222320000
0!
0'
#222330000
1!
1'
b101101101000 7
#222340000
0!
0'
#222350000
1!
1'
b101101101001 7
#222360000
0!
0'
#222370000
1!
1'
b101101101010 7
#222380000
0!
0'
#222390000
1!
1'
b101101101011 7
#222400000
0!
0'
#222410000
1!
1'
b101101101100 7
#222420000
0!
0'
#222430000
1!
1'
b101101101101 7
#222440000
0!
0'
#222450000
1!
1'
b101101101110 7
#222460000
0!
0'
#222470000
1!
1'
b101101101111 7
#222480000
0!
0'
#222490000
1!
1'
b101101110000 7
#222500000
0!
0'
#222510000
1!
1'
b101101110001 7
#222520000
0!
0'
#222530000
1!
1'
b101101110010 7
#222540000
0!
0'
#222550000
1!
1'
b101101110011 7
#222560000
0!
0'
#222570000
1!
1'
b101101110100 7
#222580000
0!
0'
#222590000
1!
1'
b101101110101 7
#222600000
0!
0'
#222610000
1!
1'
b101101110110 7
#222620000
0!
0'
#222630000
1!
1'
b101101110111 7
#222640000
0!
0'
#222650000
1!
1'
b101101111000 7
#222660000
0!
0'
#222670000
1!
1'
b101101111001 7
#222680000
0!
0'
#222690000
1!
1'
b101101111010 7
#222700000
0!
0'
#222710000
1!
1'
b101101111011 7
#222720000
0!
0'
#222730000
1!
1'
b101101111100 7
#222740000
0!
0'
#222750000
1!
1'
b101101111101 7
#222760000
0!
0'
#222770000
1!
1'
b101101111110 7
#222780000
0!
0'
#222790000
1!
1'
b101101111111 7
#222800000
0!
0'
#222810000
1!
1'
b101110000000 7
#222820000
0!
0'
#222830000
1!
1'
b101110000001 7
#222840000
0!
0'
#222850000
1!
1'
b101110000010 7
#222860000
0!
0'
#222870000
1!
1'
b101110000011 7
#222880000
0!
0'
#222890000
1!
1'
b101110000100 7
#222900000
0!
0'
#222910000
1!
1'
b101110000101 7
#222920000
0!
0'
#222930000
1!
1'
b101110000110 7
#222940000
0!
0'
#222950000
1!
1'
b101110000111 7
#222960000
0!
0'
#222970000
1!
1'
b101110001000 7
#222980000
0!
0'
#222990000
1!
1'
b101110001001 7
#223000000
0!
0'
#223010000
1!
1'
b101110001010 7
#223020000
0!
0'
#223030000
1!
1'
b101110001011 7
#223040000
0!
0'
#223050000
1!
1'
b101110001100 7
#223060000
0!
0'
#223070000
1!
1'
b101110001101 7
#223080000
0!
0'
#223090000
1!
1'
b101110001110 7
#223100000
0!
0'
#223110000
1!
1'
b101110001111 7
#223120000
0!
0'
#223130000
1!
1'
b101110010000 7
#223140000
0!
0'
#223150000
1!
1'
b101110010001 7
#223160000
0!
0'
#223170000
1!
1'
b101110010010 7
#223180000
0!
0'
#223190000
1!
1'
b101110010011 7
#223200000
0!
0'
#223210000
1!
1'
b101110010100 7
#223220000
0!
0'
#223230000
1!
1'
b101110010101 7
#223240000
0!
0'
#223250000
1!
1'
b101110010110 7
#223260000
0!
0'
#223270000
1!
1'
b101110010111 7
#223280000
0!
0'
#223290000
1!
1'
b101110011000 7
#223300000
0!
0'
#223310000
1!
1'
b101110011001 7
#223320000
0!
0'
#223330000
1!
1'
b101110011010 7
#223340000
0!
0'
#223350000
1!
1'
b101110011011 7
#223360000
0!
0'
#223370000
1!
1'
b101110011100 7
#223380000
0!
0'
#223390000
1!
1'
b101110011101 7
#223400000
0!
0'
#223410000
1!
1'
b101110011110 7
#223420000
0!
0'
#223430000
1!
1'
b101110011111 7
#223440000
0!
0'
#223450000
1!
1'
b101110100000 7
#223460000
0!
0'
#223470000
1!
1'
b101110100001 7
#223480000
0!
0'
#223490000
1!
1'
b101110100010 7
#223500000
0!
0'
#223510000
1!
1'
b101110100011 7
#223520000
0!
0'
#223530000
1!
1'
b101110100100 7
#223540000
0!
0'
#223550000
1!
1'
b101110100101 7
#223560000
0!
0'
#223570000
1!
1'
b101110100110 7
#223580000
0!
0'
#223590000
1!
1'
b101110100111 7
#223600000
0!
0'
#223610000
1!
1'
b101110101000 7
#223620000
0!
0'
#223630000
1!
1'
b101110101001 7
#223640000
0!
0'
#223650000
1!
1'
b101110101010 7
#223660000
0!
0'
#223670000
1!
1'
b101110101011 7
#223680000
0!
0'
#223690000
1!
1'
b101110101100 7
#223700000
0!
0'
#223710000
1!
1'
b101110101101 7
#223720000
0!
0'
#223730000
1!
1'
b101110101110 7
#223740000
0!
0'
#223750000
1!
1'
b101110101111 7
#223760000
0!
0'
#223770000
1!
1'
b101110110000 7
#223780000
0!
0'
#223790000
1!
1'
b101110110001 7
#223800000
0!
0'
#223810000
1!
1'
b101110110010 7
#223820000
0!
0'
#223830000
1!
1'
b101110110011 7
#223840000
0!
0'
#223850000
1!
1'
b101110110100 7
#223860000
0!
0'
#223870000
1!
1'
b101110110101 7
#223880000
0!
0'
#223890000
1!
1'
b101110110110 7
#223900000
0!
0'
#223910000
1!
1'
b101110110111 7
#223920000
0!
0'
#223930000
1!
1'
b101110111000 7
#223940000
0!
0'
#223950000
1!
1'
b101110111001 7
#223960000
0!
0'
#223970000
1!
1'
b101110111010 7
#223980000
0!
0'
#223990000
1!
1'
b101110111011 7
#224000000
0!
0'
#224010000
1!
1'
b101110111100 7
#224020000
0!
0'
#224030000
1!
1'
b101110111101 7
#224040000
0!
0'
#224050000
1!
1'
b101110111110 7
#224060000
0!
0'
#224070000
1!
1'
b101110111111 7
#224080000
0!
0'
#224090000
1!
1'
b101111000000 7
#224100000
0!
0'
#224110000
1!
1'
b101111000001 7
#224120000
0!
0'
#224130000
1!
1'
b101111000010 7
#224140000
0!
0'
#224150000
1!
1'
b101111000011 7
#224160000
0!
0'
#224170000
1!
1'
b101111000100 7
#224180000
0!
0'
#224190000
1!
1'
b101111000101 7
#224200000
0!
0'
#224210000
1!
1'
b101111000110 7
#224220000
0!
0'
#224230000
1!
1'
b101111000111 7
#224240000
0!
0'
#224250000
1!
1'
b101111001000 7
#224260000
0!
0'
#224270000
1!
1'
b101111001001 7
#224280000
0!
0'
#224290000
1!
1'
b101111001010 7
#224300000
0!
0'
#224310000
1!
1'
b101111001011 7
#224320000
0!
0'
#224330000
1!
1'
b101111001100 7
#224340000
0!
0'
#224350000
1!
1'
b101111001101 7
#224360000
0!
0'
#224370000
1!
1'
b101111001110 7
#224380000
0!
0'
#224390000
1!
1'
b101111001111 7
#224400000
0!
0'
#224410000
1!
1'
b101111010000 7
#224420000
0!
0'
#224430000
1!
1'
b101111010001 7
#224440000
0!
0'
#224450000
1!
1'
b101111010010 7
#224460000
0!
0'
#224470000
1!
1'
b101111010011 7
#224480000
0!
0'
#224490000
1!
1'
b101111010100 7
#224500000
0!
0'
#224510000
1!
1'
b101111010101 7
#224520000
0!
0'
#224530000
1!
1'
b101111010110 7
#224540000
0!
0'
#224550000
1!
1'
b101111010111 7
#224560000
0!
0'
#224570000
1!
1'
b101111011000 7
#224580000
0!
0'
#224590000
1!
1'
b101111011001 7
#224600000
0!
0'
#224610000
1!
1'
b101111011010 7
#224620000
0!
0'
#224630000
1!
1'
b101111011011 7
#224640000
0!
0'
#224650000
1!
1'
b101111011100 7
#224660000
0!
0'
#224670000
1!
1'
b101111011101 7
#224680000
0!
0'
#224690000
1!
1'
b101111011110 7
#224700000
0!
0'
#224710000
1!
1'
b101111011111 7
#224720000
0!
0'
#224730000
1!
1'
b101111100000 7
#224740000
0!
0'
#224750000
1!
1'
b101111100001 7
#224760000
0!
0'
#224770000
1!
1'
b101111100010 7
#224780000
0!
0'
#224790000
1!
1'
b101111100011 7
#224800000
0!
0'
#224810000
1!
1'
b101111100100 7
#224820000
0!
0'
#224830000
1!
1'
b101111100101 7
#224840000
0!
0'
#224850000
1!
1'
b101111100110 7
#224860000
0!
0'
#224870000
1!
1'
b101111100111 7
#224880000
0!
0'
#224890000
1!
1'
b101111101000 7
#224900000
0!
0'
#224910000
1!
1'
b101111101001 7
#224920000
0!
0'
#224930000
1!
1'
b101111101010 7
#224940000
0!
0'
#224950000
1!
1'
b101111101011 7
#224960000
0!
0'
#224970000
1!
1'
b101111101100 7
#224980000
0!
0'
#224990000
1!
1'
b101111101101 7
#225000000
0!
0'
#225010000
1!
1'
b101111101110 7
#225020000
0!
0'
#225030000
1!
1'
b101111101111 7
#225040000
0!
0'
#225050000
1!
1'
b101111110000 7
#225060000
0!
0'
#225070000
1!
1'
b101111110001 7
#225080000
0!
0'
#225090000
1!
1'
b101111110010 7
#225100000
0!
0'
#225110000
1!
1'
b101111110011 7
#225120000
0!
0'
#225130000
1!
1'
b101111110100 7
#225140000
0!
0'
#225150000
1!
1'
b101111110101 7
#225160000
0!
0'
#225170000
1!
1'
b101111110110 7
#225180000
0!
0'
#225190000
1!
1'
b101111110111 7
#225200000
0!
0'
#225210000
1!
1'
b101111111000 7
#225220000
0!
0'
#225230000
1!
1'
b101111111001 7
#225240000
0!
0'
#225250000
1!
1'
b101111111010 7
#225260000
0!
0'
#225270000
1!
1'
b101111111011 7
#225280000
0!
0'
#225290000
1!
1'
b101111111100 7
#225300000
0!
0'
#225310000
1!
1'
b101111111101 7
#225320000
0!
0'
#225330000
1!
1'
b101111111110 7
#225340000
0!
0'
#225350000
1!
1'
b101111111111 7
#225360000
0!
0'
#225370000
1!
1'
b110000000000 7
#225380000
0!
0'
#225390000
1!
1'
b110000000001 7
#225400000
0!
0'
#225410000
1!
1'
b110000000010 7
#225420000
0!
0'
#225430000
1!
1'
b110000000011 7
#225440000
0!
0'
#225450000
1!
1'
b110000000100 7
#225460000
0!
0'
#225470000
1!
1'
b110000000101 7
#225480000
0!
0'
#225490000
1!
1'
b110000000110 7
#225500000
0!
0'
#225510000
1!
1'
b110000000111 7
#225520000
0!
0'
#225530000
1!
1'
b110000001000 7
#225540000
0!
0'
#225550000
1!
1'
b110000001001 7
#225560000
0!
0'
#225570000
1!
1'
b110000001010 7
#225580000
0!
0'
#225590000
1!
1'
b110000001011 7
#225600000
0!
0'
#225610000
1!
1'
b110000001100 7
#225620000
0!
0'
#225630000
1!
1'
b110000001101 7
#225640000
0!
0'
#225650000
1!
1'
b110000001110 7
#225660000
0!
0'
#225670000
1!
1'
b110000001111 7
#225680000
0!
0'
#225690000
1!
1'
b110000010000 7
#225700000
0!
0'
#225710000
1!
1'
b110000010001 7
#225720000
0!
0'
#225730000
1!
1'
b110000010010 7
#225740000
0!
0'
#225750000
1!
1'
b110000010011 7
#225760000
0!
0'
#225770000
1!
1'
b110000010100 7
#225780000
0!
0'
#225790000
1!
1'
b110000010101 7
#225800000
0!
0'
#225810000
1!
1'
b110000010110 7
#225820000
0!
0'
#225830000
1!
1'
b110000010111 7
#225840000
0!
0'
#225850000
1!
1'
b110000011000 7
#225860000
0!
0'
#225870000
1!
1'
b110000011001 7
#225880000
0!
0'
#225890000
1!
1'
b110000011010 7
#225900000
0!
0'
#225910000
1!
1'
b110000011011 7
#225920000
0!
0'
#225930000
1!
1'
b110000011100 7
#225940000
0!
0'
#225950000
1!
1'
b110000011101 7
#225960000
0!
0'
#225970000
1!
1'
b110000011110 7
#225980000
0!
0'
#225990000
1!
1'
b110000011111 7
#226000000
0!
0'
#226010000
1!
1'
b110000100000 7
#226020000
0!
0'
#226030000
1!
1'
b110000100001 7
#226040000
0!
0'
#226050000
1!
1'
b110000100010 7
#226060000
0!
0'
#226070000
1!
1'
b110000100011 7
#226080000
0!
0'
#226090000
1!
1'
b110000100100 7
#226100000
0!
0'
#226110000
1!
1'
b110000100101 7
#226120000
0!
0'
#226130000
1!
1'
b110000100110 7
#226140000
0!
0'
#226150000
1!
1'
b110000100111 7
#226160000
0!
0'
#226170000
1!
1'
b110000101000 7
#226180000
0!
0'
#226190000
1!
1'
b110000101001 7
#226200000
0!
0'
#226210000
1!
1'
b110000101010 7
#226220000
0!
0'
#226230000
1!
1'
b110000101011 7
#226240000
0!
0'
#226250000
1!
1'
b110000101100 7
#226260000
0!
0'
#226270000
1!
1'
b110000101101 7
#226280000
0!
0'
#226290000
1!
1'
b110000101110 7
#226300000
0!
0'
#226310000
1!
1'
b110000101111 7
#226320000
0!
0'
#226330000
1!
1'
b110000110000 7
#226340000
0!
0'
#226350000
1!
1'
b110000110001 7
#226360000
0!
0'
#226370000
1!
1'
b110000110010 7
#226380000
0!
0'
#226390000
1!
1'
b110000110011 7
#226400000
0!
0'
#226410000
1!
1'
b110000110100 7
#226420000
0!
0'
#226430000
1!
1'
b110000110101 7
#226440000
0!
0'
#226450000
1!
1'
b110000110110 7
#226460000
0!
0'
#226470000
1!
1'
b110000110111 7
#226480000
0!
0'
#226490000
1!
1'
b110000111000 7
#226500000
0!
0'
#226510000
1!
1'
b110000111001 7
#226520000
0!
0'
#226530000
1!
1'
b110000111010 7
#226540000
0!
0'
#226550000
1!
1'
b110000111011 7
#226560000
0!
0'
#226570000
1!
1'
b110000111100 7
#226580000
0!
0'
#226590000
1!
1'
b110000111101 7
#226600000
0!
0'
#226610000
1!
1'
b110000111110 7
#226620000
0!
0'
#226630000
1!
1'
b110000111111 7
#226640000
0!
0'
#226650000
1!
1'
b110001000000 7
#226660000
0!
0'
#226670000
1!
1'
b110001000001 7
#226680000
0!
0'
#226690000
1!
1'
b110001000010 7
#226700000
0!
0'
#226710000
1!
1'
b110001000011 7
#226720000
0!
0'
#226730000
1!
1'
b110001000100 7
#226740000
0!
0'
#226750000
1!
1'
b110001000101 7
#226760000
0!
0'
#226770000
1!
1'
b110001000110 7
#226780000
0!
0'
#226790000
1!
1'
b110001000111 7
#226800000
0!
0'
#226810000
1!
1'
b110001001000 7
#226820000
0!
0'
#226830000
1!
1'
b110001001001 7
#226840000
0!
0'
#226850000
1!
1'
b110001001010 7
#226860000
0!
0'
#226870000
1!
1'
b110001001011 7
#226880000
0!
0'
#226890000
1!
1'
b110001001100 7
#226900000
0!
0'
#226910000
1!
1'
b110001001101 7
#226920000
0!
0'
#226930000
1!
1'
b110001001110 7
#226940000
0!
0'
#226950000
1!
1'
b110001001111 7
#226960000
0!
0'
#226970000
1!
1'
b110001010000 7
#226980000
0!
0'
#226990000
1!
1'
b110001010001 7
#227000000
0!
0'
#227010000
1!
1'
b110001010010 7
#227020000
0!
0'
#227030000
1!
1'
b110001010011 7
#227040000
0!
0'
#227050000
1!
1'
b110001010100 7
#227060000
0!
0'
#227070000
1!
1'
b110001010101 7
#227080000
0!
0'
#227090000
1!
1'
b110001010110 7
#227100000
0!
0'
#227110000
1!
1'
b110001010111 7
#227120000
0!
0'
#227130000
1!
1'
b110001011000 7
#227140000
0!
0'
#227150000
1!
1'
b110001011001 7
#227160000
0!
0'
#227170000
1!
1'
b110001011010 7
#227180000
0!
0'
#227190000
1!
1'
b110001011011 7
#227200000
0!
0'
#227210000
1!
1'
b110001011100 7
#227220000
0!
0'
#227230000
1!
1'
b110001011101 7
#227240000
0!
0'
#227250000
1!
1'
b110001011110 7
#227260000
0!
0'
#227270000
1!
1'
b110001011111 7
#227280000
0!
0'
#227290000
1!
1'
b110001100000 7
#227300000
0!
0'
#227310000
1!
1'
b110001100001 7
#227320000
0!
0'
#227330000
1!
1'
b110001100010 7
#227340000
0!
0'
#227350000
1!
1'
b110001100011 7
#227360000
0!
0'
#227370000
1!
1'
b110001100100 7
#227380000
0!
0'
#227390000
1!
1'
b110001100101 7
#227400000
0!
0'
#227410000
1!
1'
b110001100110 7
#227420000
0!
0'
#227430000
1!
1'
b110001100111 7
#227440000
0!
0'
#227450000
1!
1'
b110001101000 7
#227460000
0!
0'
#227470000
1!
1'
b110001101001 7
#227480000
0!
0'
#227490000
1!
1'
b110001101010 7
#227500000
0!
0'
#227510000
1!
1'
b110001101011 7
#227520000
0!
0'
#227530000
1!
1'
b110001101100 7
#227540000
0!
0'
#227550000
1!
1'
b110001101101 7
#227560000
0!
0'
#227570000
1!
1'
b110001101110 7
#227580000
0!
0'
#227590000
1!
1'
b110001101111 7
#227600000
0!
0'
#227610000
1!
1'
b110001110000 7
#227620000
0!
0'
#227630000
1!
1'
b110001110001 7
#227640000
0!
0'
#227650000
1!
1'
b110001110010 7
#227660000
0!
0'
#227670000
1!
1'
b110001110011 7
#227680000
0!
0'
#227690000
1!
1'
b110001110100 7
#227700000
0!
0'
#227710000
1!
1'
b110001110101 7
#227720000
0!
0'
#227730000
1!
1'
b110001110110 7
#227740000
0!
0'
#227750000
1!
1'
b110001110111 7
#227760000
0!
0'
#227770000
1!
1'
b110001111000 7
#227780000
0!
0'
#227790000
1!
1'
b110001111001 7
#227800000
0!
0'
#227810000
1!
1'
b110001111010 7
#227820000
0!
0'
#227830000
1!
1'
b110001111011 7
#227840000
0!
0'
#227850000
1!
1'
b110001111100 7
#227860000
0!
0'
#227870000
1!
1'
b110001111101 7
#227880000
0!
0'
#227890000
1!
1'
b110001111110 7
#227900000
0!
0'
#227910000
1!
1'
b110001111111 7
#227920000
0!
0'
#227930000
1!
1'
b110010000000 7
#227940000
0!
0'
#227950000
1!
1'
b110010000001 7
#227960000
0!
0'
#227970000
1!
1'
b110010000010 7
#227980000
0!
0'
#227990000
1!
1'
b110010000011 7
#228000000
0!
0'
#228010000
1!
1'
b110010000100 7
#228020000
0!
0'
#228030000
1!
1'
b110010000101 7
#228040000
0!
0'
#228050000
1!
1'
b110010000110 7
#228060000
0!
0'
#228070000
1!
1'
b110010000111 7
#228080000
0!
0'
#228090000
1!
1'
b110010001000 7
#228100000
0!
0'
#228110000
1!
1'
b110010001001 7
#228120000
0!
0'
#228130000
1!
1'
b110010001010 7
#228140000
0!
0'
#228150000
1!
1'
b110010001011 7
#228160000
0!
0'
#228170000
1!
1'
b110010001100 7
#228180000
0!
0'
#228190000
1!
1'
b110010001101 7
#228200000
0!
0'
#228210000
1!
1'
b110010001110 7
#228220000
0!
0'
#228230000
1!
1'
b110010001111 7
#228240000
0!
0'
#228250000
1!
1'
b110010010000 7
#228260000
0!
0'
#228270000
1!
1'
b110010010001 7
#228280000
0!
0'
#228290000
1!
1'
b110010010010 7
#228300000
0!
0'
#228310000
1!
1'
b110010010011 7
#228320000
0!
0'
#228330000
1!
1'
b110010010100 7
#228340000
0!
0'
#228350000
1!
1'
b110010010101 7
#228360000
0!
0'
#228370000
1!
1'
b110010010110 7
#228380000
0!
0'
#228390000
1!
1'
b110010010111 7
#228400000
0!
0'
#228410000
1!
1'
b110010011000 7
#228420000
0!
0'
#228430000
1!
1'
b110010011001 7
#228440000
0!
0'
#228450000
1!
1'
b110010011010 7
#228460000
0!
0'
#228470000
1!
1'
b110010011011 7
#228480000
0!
0'
#228490000
1!
1'
b110010011100 7
#228500000
0!
0'
#228510000
1!
1'
b110010011101 7
#228520000
0!
0'
#228530000
1!
1'
b110010011110 7
#228540000
0!
0'
#228550000
1!
1'
b110010011111 7
#228560000
0!
0'
#228570000
1!
1'
b110010100000 7
#228580000
0!
0'
#228590000
1!
1'
b110010100001 7
#228600000
0!
0'
#228610000
1!
1'
b110010100010 7
#228620000
0!
0'
#228630000
1!
1'
b110010100011 7
#228640000
0!
0'
#228650000
1!
1'
b110010100100 7
#228660000
0!
0'
#228670000
1!
1'
b110010100101 7
#228680000
0!
0'
#228690000
1!
1'
b110010100110 7
#228700000
0!
0'
#228710000
1!
1'
b110010100111 7
#228720000
0!
0'
#228730000
1!
1'
b110010101000 7
#228740000
0!
0'
#228750000
1!
1'
b110010101001 7
#228760000
0!
0'
#228770000
1!
1'
b110010101010 7
#228780000
0!
0'
#228790000
1!
1'
b110010101011 7
#228800000
0!
0'
#228810000
1!
1'
b110010101100 7
#228820000
0!
0'
#228830000
1!
1'
b110010101101 7
#228840000
0!
0'
#228850000
1!
1'
b110010101110 7
#228860000
0!
0'
#228870000
1!
1'
b110010101111 7
#228880000
0!
0'
#228890000
1!
1'
b110010110000 7
#228900000
0!
0'
#228910000
1!
1'
b110010110001 7
#228920000
0!
0'
#228930000
1!
1'
b110010110010 7
#228940000
0!
0'
#228950000
1!
1'
b110010110011 7
#228960000
0!
0'
#228970000
1!
1'
b110010110100 7
#228980000
0!
0'
#228990000
1!
1'
b110010110101 7
#229000000
0!
0'
#229010000
1!
1'
b110010110110 7
#229020000
0!
0'
#229030000
1!
1'
b110010110111 7
#229040000
0!
0'
#229050000
1!
1'
b110010111000 7
#229060000
0!
0'
#229070000
1!
1'
b110010111001 7
#229080000
0!
0'
#229090000
1!
1'
b110010111010 7
#229100000
0!
0'
#229110000
1!
1'
b110010111011 7
#229120000
0!
0'
#229130000
1!
1'
b110010111100 7
#229140000
0!
0'
#229150000
1!
1'
b110010111101 7
#229160000
0!
0'
#229170000
1!
1'
b110010111110 7
#229180000
0!
0'
#229190000
1!
1'
b110010111111 7
#229200000
0!
0'
#229210000
1!
1'
b110011000000 7
#229220000
0!
0'
#229230000
1!
1'
b110011000001 7
#229240000
0!
0'
#229250000
1!
1'
b110011000010 7
#229260000
0!
0'
#229270000
1!
1'
b110011000011 7
#229280000
0!
0'
#229290000
1!
1'
b110011000100 7
#229300000
0!
0'
#229310000
1!
1'
b110011000101 7
#229320000
0!
0'
#229330000
1!
1'
b110011000110 7
#229340000
0!
0'
#229350000
1!
1'
b110011000111 7
#229360000
0!
0'
#229370000
1!
1'
b110011001000 7
#229380000
0!
0'
#229390000
1!
1'
b110011001001 7
#229400000
0!
0'
#229410000
1!
1'
b110011001010 7
#229420000
0!
0'
#229430000
1!
1'
b110011001011 7
#229440000
0!
0'
#229450000
1!
1'
b110011001100 7
#229460000
0!
0'
#229470000
1!
1'
b110011001101 7
#229480000
0!
0'
#229490000
1!
1'
b110011001110 7
#229500000
0!
0'
#229510000
1!
1'
b110011001111 7
#229520000
0!
0'
#229530000
1!
1'
b110011010000 7
#229540000
0!
0'
#229550000
1!
1'
b110011010001 7
#229560000
0!
0'
#229570000
1!
1'
b110011010010 7
#229580000
0!
0'
#229590000
1!
1'
b110011010011 7
#229600000
0!
0'
#229610000
1!
1'
b110011010100 7
#229620000
0!
0'
#229630000
1!
1'
b110011010101 7
#229640000
0!
0'
#229650000
1!
1'
b110011010110 7
#229660000
0!
0'
#229670000
1!
1'
b110011010111 7
#229680000
0!
0'
#229690000
1!
1'
b110011011000 7
#229700000
0!
0'
#229710000
1!
1'
b110011011001 7
#229720000
0!
0'
#229730000
1!
1'
b110011011010 7
#229740000
0!
0'
#229750000
1!
1'
b110011011011 7
#229760000
0!
0'
#229770000
1!
1'
b110011011100 7
#229780000
0!
0'
#229790000
1!
1'
b110011011101 7
#229800000
0!
0'
#229810000
1!
1'
b110011011110 7
#229820000
0!
0'
#229830000
1!
1'
b110011011111 7
#229840000
0!
0'
#229850000
1!
1'
b110011100000 7
#229860000
0!
0'
#229870000
1!
1'
b110011100001 7
#229880000
0!
0'
#229890000
1!
1'
b110011100010 7
#229900000
0!
0'
#229910000
1!
1'
b110011100011 7
#229920000
0!
0'
#229930000
1!
1'
b110011100100 7
#229940000
0!
0'
#229950000
1!
1'
b110011100101 7
#229960000
0!
0'
#229970000
1!
1'
b110011100110 7
#229980000
0!
0'
#229990000
1!
1'
b110011100111 7
#230000000
0!
0'
#230010000
1!
1'
b110011101000 7
#230020000
0!
0'
#230030000
1!
1'
b110011101001 7
#230040000
0!
0'
#230050000
1!
1'
b110011101010 7
#230060000
0!
0'
#230070000
1!
1'
b110011101011 7
#230080000
0!
0'
#230090000
1!
1'
b110011101100 7
#230100000
0!
0'
#230110000
1!
1'
b110011101101 7
#230120000
0!
0'
#230130000
1!
1'
b110011101110 7
#230140000
0!
0'
#230150000
1!
1'
b110011101111 7
#230160000
0!
0'
#230170000
1!
1'
b110011110000 7
#230180000
0!
0'
#230190000
1!
1'
b110011110001 7
#230200000
0!
0'
#230210000
1!
1'
b110011110010 7
#230220000
0!
0'
#230230000
1!
1'
b110011110011 7
#230240000
0!
0'
#230250000
1!
1'
b110011110100 7
#230260000
0!
0'
#230270000
1!
1'
b110011110101 7
#230280000
0!
0'
#230290000
1!
1'
b110011110110 7
#230300000
0!
0'
#230310000
1!
1'
b110011110111 7
#230320000
0!
0'
#230330000
1!
1'
b110011111000 7
#230340000
0!
0'
#230350000
1!
1'
b110011111001 7
#230360000
0!
0'
#230370000
1!
1'
b110011111010 7
#230380000
0!
0'
#230390000
1!
1'
b110011111011 7
#230400000
0!
0'
#230410000
1!
1'
b110011111100 7
#230420000
0!
0'
#230430000
1!
1'
b110011111101 7
#230440000
0!
0'
#230450000
1!
1'
b110011111110 7
#230460000
0!
0'
#230470000
1!
1'
b110011111111 7
#230480000
0!
0'
#230490000
1!
1'
b110100000000 7
#230500000
0!
0'
#230510000
1!
1'
b110100000001 7
#230520000
0!
0'
#230530000
1!
1'
b110100000010 7
#230540000
0!
0'
#230550000
1!
1'
b110100000011 7
#230560000
0!
0'
#230570000
1!
1'
b110100000100 7
#230580000
0!
0'
#230590000
1!
1'
b110100000101 7
#230600000
0!
0'
#230610000
1!
1'
b110100000110 7
#230620000
0!
0'
#230630000
1!
1'
b110100000111 7
#230640000
0!
0'
#230650000
1!
1'
b110100001000 7
#230660000
0!
0'
#230670000
1!
1'
b110100001001 7
#230680000
0!
0'
#230690000
1!
1'
b110100001010 7
#230700000
0!
0'
#230710000
1!
1'
b110100001011 7
#230720000
0!
0'
#230730000
1!
1'
b110100001100 7
#230740000
0!
0'
#230750000
1!
1'
b110100001101 7
#230760000
0!
0'
#230770000
1!
1'
b110100001110 7
#230780000
0!
0'
#230790000
1!
1'
b110100001111 7
#230800000
0!
0'
#230810000
1!
1'
b110100010000 7
#230820000
0!
0'
#230830000
1!
1'
b110100010001 7
#230840000
0!
0'
#230850000
1!
1'
b110100010010 7
#230860000
0!
0'
#230870000
1!
1'
b110100010011 7
#230880000
0!
0'
#230890000
1!
1'
b110100010100 7
#230900000
0!
0'
#230910000
1!
1'
b110100010101 7
#230920000
0!
0'
#230930000
1!
1'
b110100010110 7
#230940000
0!
0'
#230950000
1!
1'
b110100010111 7
#230960000
0!
0'
#230970000
1!
1'
b110100011000 7
#230980000
0!
0'
#230990000
1!
1'
b110100011001 7
#231000000
0!
0'
#231010000
1!
1'
b110100011010 7
#231020000
0!
0'
#231030000
1!
1'
b110100011011 7
#231040000
0!
0'
#231050000
1!
1'
b110100011100 7
#231060000
0!
0'
#231070000
1!
1'
b110100011101 7
#231080000
0!
0'
#231090000
1!
1'
b110100011110 7
#231100000
0!
0'
#231110000
1!
1'
b110100011111 7
#231120000
0!
0'
#231130000
1!
1'
b110100100000 7
#231140000
0!
0'
#231150000
1!
1'
b110100100001 7
#231160000
0!
0'
#231170000
1!
1'
b110100100010 7
#231180000
0!
0'
#231190000
1!
1'
b110100100011 7
#231200000
0!
0'
#231210000
1!
1'
b110100100100 7
#231220000
0!
0'
#231230000
1!
1'
b110100100101 7
#231240000
0!
0'
#231250000
1!
1'
b110100100110 7
#231260000
0!
0'
#231270000
1!
1'
b110100100111 7
#231280000
0!
0'
#231290000
1!
1'
b110100101000 7
#231300000
0!
0'
#231310000
1!
1'
b110100101001 7
#231320000
0!
0'
#231330000
1!
1'
b110100101010 7
#231340000
0!
0'
#231350000
1!
1'
b110100101011 7
#231360000
0!
0'
#231370000
1!
1'
b110100101100 7
#231380000
0!
0'
#231390000
1!
1'
b110100101101 7
#231400000
0!
0'
#231410000
1!
1'
b110100101110 7
#231420000
0!
0'
#231430000
1!
1'
b110100101111 7
#231440000
0!
0'
#231450000
1!
1'
b110100110000 7
#231460000
0!
0'
#231470000
1!
1'
b110100110001 7
#231480000
0!
0'
#231490000
1!
1'
b110100110010 7
#231500000
0!
0'
#231510000
1!
1'
b110100110011 7
#231520000
0!
0'
#231530000
1!
1'
b110100110100 7
#231540000
0!
0'
#231550000
1!
1'
b110100110101 7
#231560000
0!
0'
#231570000
1!
1'
b110100110110 7
#231580000
0!
0'
#231590000
1!
1'
b110100110111 7
#231600000
0!
0'
#231610000
1!
1'
b110100111000 7
#231620000
0!
0'
#231630000
1!
1'
b110100111001 7
#231640000
0!
0'
#231650000
1!
1'
b110100111010 7
#231660000
0!
0'
#231670000
1!
1'
b110100111011 7
#231680000
0!
0'
#231690000
1!
1'
b110100111100 7
#231700000
0!
0'
#231710000
1!
1'
b110100111101 7
#231720000
0!
0'
#231730000
1!
1'
b110100111110 7
#231740000
0!
0'
#231750000
1!
1'
b110100111111 7
#231760000
0!
0'
#231770000
1!
1'
b110101000000 7
#231780000
0!
0'
#231790000
1!
1'
b110101000001 7
#231800000
0!
0'
#231810000
1!
1'
b110101000010 7
#231820000
0!
0'
#231830000
1!
1'
b110101000011 7
#231840000
0!
0'
#231850000
1!
1'
b110101000100 7
#231860000
0!
0'
#231870000
1!
1'
b110101000101 7
#231880000
0!
0'
#231890000
1!
1'
b110101000110 7
#231900000
0!
0'
#231910000
1!
1'
b110101000111 7
#231920000
0!
0'
#231930000
1!
1'
b110101001000 7
#231940000
0!
0'
#231950000
1!
1'
b110101001001 7
#231960000
0!
0'
#231970000
1!
1'
b110101001010 7
#231980000
0!
0'
#231990000
1!
1'
b110101001011 7
#232000000
0!
0'
#232010000
1!
1'
b110101001100 7
#232020000
0!
0'
#232030000
1!
1'
b110101001101 7
#232040000
0!
0'
#232050000
1!
1'
b110101001110 7
#232060000
0!
0'
#232070000
1!
1'
b110101001111 7
#232080000
0!
0'
#232090000
1!
1'
b110101010000 7
#232100000
0!
0'
#232110000
1!
1'
b110101010001 7
#232120000
0!
0'
#232130000
1!
1'
b110101010010 7
#232140000
0!
0'
#232150000
1!
1'
b110101010011 7
#232160000
0!
0'
#232170000
1!
1'
b110101010100 7
#232180000
0!
0'
#232190000
1!
1'
b110101010101 7
#232200000
0!
0'
#232210000
1!
1'
b110101010110 7
#232220000
0!
0'
#232230000
1!
1'
b110101010111 7
#232240000
0!
0'
#232250000
1!
1'
b110101011000 7
#232260000
0!
0'
#232270000
1!
1'
b110101011001 7
#232280000
0!
0'
#232290000
1!
1'
b110101011010 7
#232300000
0!
0'
#232310000
1!
1'
b110101011011 7
#232320000
0!
0'
#232330000
1!
1'
b110101011100 7
#232340000
0!
0'
#232350000
1!
1'
b110101011101 7
#232360000
0!
0'
#232370000
1!
1'
b110101011110 7
#232380000
0!
0'
#232390000
1!
1'
b110101011111 7
#232400000
0!
0'
#232410000
1!
1'
b110101100000 7
#232420000
0!
0'
#232430000
1!
1'
b110101100001 7
#232440000
0!
0'
#232450000
1!
1'
b110101100010 7
#232460000
0!
0'
#232470000
1!
1'
b110101100011 7
#232480000
0!
0'
#232490000
1!
1'
b110101100100 7
#232500000
0!
0'
#232510000
1!
1'
b110101100101 7
#232520000
0!
0'
#232530000
1!
1'
b110101100110 7
#232540000
0!
0'
#232550000
1!
1'
b110101100111 7
#232560000
0!
0'
#232570000
1!
1'
b110101101000 7
#232580000
0!
0'
#232590000
1!
1'
b110101101001 7
#232600000
0!
0'
#232610000
1!
1'
b110101101010 7
#232620000
0!
0'
#232630000
1!
1'
b110101101011 7
#232640000
0!
0'
#232650000
1!
1'
b110101101100 7
#232660000
0!
0'
#232670000
1!
1'
b110101101101 7
#232680000
0!
0'
#232690000
1!
1'
b110101101110 7
#232700000
0!
0'
#232710000
1!
1'
b110101101111 7
#232720000
0!
0'
#232730000
1!
1'
b110101110000 7
#232740000
0!
0'
#232750000
1!
1'
b110101110001 7
#232760000
0!
0'
#232770000
1!
1'
b110101110010 7
#232780000
0!
0'
#232790000
1!
1'
b110101110011 7
#232800000
0!
0'
#232810000
1!
1'
b110101110100 7
#232820000
0!
0'
#232830000
1!
1'
b110101110101 7
#232840000
0!
0'
#232850000
1!
1'
b110101110110 7
#232860000
0!
0'
#232870000
1!
1'
b110101110111 7
#232880000
0!
0'
#232890000
1!
1'
b110101111000 7
#232900000
0!
0'
#232910000
1!
1'
b110101111001 7
#232920000
0!
0'
#232930000
1!
1'
b110101111010 7
#232940000
0!
0'
#232950000
1!
1'
b110101111011 7
#232960000
0!
0'
#232970000
1!
1'
b110101111100 7
#232980000
0!
0'
#232990000
1!
1'
b110101111101 7
#233000000
0!
0'
#233010000
1!
1'
b110101111110 7
#233020000
0!
0'
#233030000
1!
1'
b110101111111 7
#233040000
0!
0'
#233050000
1!
1'
b110110000000 7
#233060000
0!
0'
#233070000
1!
1'
b110110000001 7
#233080000
0!
0'
#233090000
1!
1'
b110110000010 7
#233100000
0!
0'
#233110000
1!
1'
b110110000011 7
#233120000
0!
0'
#233130000
1!
1'
b110110000100 7
#233140000
0!
0'
#233150000
1!
1'
b110110000101 7
#233160000
0!
0'
#233170000
1!
1'
b110110000110 7
#233180000
0!
0'
#233190000
1!
1'
b110110000111 7
#233200000
0!
0'
#233210000
1!
1'
b110110001000 7
#233220000
0!
0'
#233230000
1!
1'
b110110001001 7
#233240000
0!
0'
#233250000
1!
1'
b110110001010 7
#233260000
0!
0'
#233270000
1!
1'
b110110001011 7
#233280000
0!
0'
#233290000
1!
1'
b110110001100 7
#233300000
0!
0'
#233310000
1!
1'
b110110001101 7
#233320000
0!
0'
#233330000
1!
1'
b110110001110 7
#233340000
0!
0'
#233350000
1!
1'
b110110001111 7
#233360000
0!
0'
#233370000
1!
1'
b110110010000 7
#233380000
0!
0'
#233390000
1!
1'
b110110010001 7
#233400000
0!
0'
#233410000
1!
1'
b110110010010 7
#233420000
0!
0'
#233430000
1!
1'
b110110010011 7
#233440000
0!
0'
#233450000
1!
1'
b110110010100 7
#233460000
0!
0'
#233470000
1!
1'
b110110010101 7
#233480000
0!
0'
#233490000
1!
1'
b110110010110 7
#233500000
0!
0'
#233510000
1!
1'
b110110010111 7
#233520000
0!
0'
#233530000
1!
1'
b110110011000 7
#233540000
0!
0'
#233550000
1!
1'
b110110011001 7
#233560000
0!
0'
#233570000
1!
1'
b110110011010 7
#233580000
0!
0'
#233590000
1!
1'
b110110011011 7
#233600000
0!
0'
#233610000
1!
1'
b110110011100 7
#233620000
0!
0'
#233630000
1!
1'
b110110011101 7
#233640000
0!
0'
#233650000
1!
1'
b110110011110 7
#233660000
0!
0'
#233670000
1!
1'
b110110011111 7
#233680000
0!
0'
#233690000
1!
1'
b110110100000 7
#233700000
0!
0'
#233710000
1!
1'
b110110100001 7
#233720000
0!
0'
#233730000
1!
1'
b110110100010 7
#233740000
0!
0'
#233750000
1!
1'
b110110100011 7
#233760000
0!
0'
#233770000
1!
1'
b110110100100 7
#233780000
0!
0'
#233790000
1!
1'
b110110100101 7
#233800000
0!
0'
#233810000
1!
1'
b110110100110 7
#233820000
0!
0'
#233830000
1!
1'
b110110100111 7
#233840000
0!
0'
#233850000
1!
1'
b110110101000 7
#233860000
0!
0'
#233870000
1!
1'
b110110101001 7
#233880000
0!
0'
#233890000
1!
1'
b110110101010 7
#233900000
0!
0'
#233910000
1!
1'
b110110101011 7
#233920000
0!
0'
#233930000
1!
1'
b110110101100 7
#233940000
0!
0'
#233950000
1!
1'
b110110101101 7
#233960000
0!
0'
#233970000
1!
1'
b110110101110 7
#233980000
0!
0'
#233990000
1!
1'
b110110101111 7
#234000000
0!
0'
#234010000
1!
1'
b110110110000 7
#234020000
0!
0'
#234030000
1!
1'
b110110110001 7
#234040000
0!
0'
#234050000
1!
1'
b110110110010 7
#234060000
0!
0'
#234070000
1!
1'
b110110110011 7
#234080000
0!
0'
#234090000
1!
1'
b110110110100 7
#234100000
0!
0'
#234110000
1!
1'
b110110110101 7
#234120000
0!
0'
#234130000
1!
1'
b110110110110 7
#234140000
0!
0'
#234150000
1!
1'
b110110110111 7
#234160000
0!
0'
#234170000
1!
1'
b110110111000 7
#234180000
0!
0'
#234190000
1!
1'
b110110111001 7
#234200000
0!
0'
#234210000
1!
1'
b110110111010 7
#234220000
0!
0'
#234230000
1!
1'
b110110111011 7
#234240000
0!
0'
#234250000
1!
1'
b110110111100 7
#234260000
0!
0'
#234270000
1!
1'
b110110111101 7
#234280000
0!
0'
#234290000
1!
1'
b110110111110 7
#234300000
0!
0'
#234310000
1!
1'
b110110111111 7
#234320000
0!
0'
#234330000
1!
1'
b110111000000 7
#234340000
0!
0'
#234350000
1!
1'
b110111000001 7
#234360000
0!
0'
#234370000
1!
1'
b110111000010 7
#234380000
0!
0'
#234390000
1!
1'
b110111000011 7
#234400000
0!
0'
#234410000
1!
1'
b110111000100 7
#234420000
0!
0'
#234430000
1!
1'
b110111000101 7
#234440000
0!
0'
#234450000
1!
1'
b110111000110 7
#234460000
0!
0'
#234470000
1!
1'
b110111000111 7
#234480000
0!
0'
#234490000
1!
1'
b110111001000 7
#234500000
0!
0'
#234510000
1!
1'
b110111001001 7
#234520000
0!
0'
#234530000
1!
1'
b110111001010 7
#234540000
0!
0'
#234550000
1!
1'
b110111001011 7
#234560000
0!
0'
#234570000
1!
1'
b110111001100 7
#234580000
0!
0'
#234590000
1!
1'
b110111001101 7
#234600000
0!
0'
#234610000
1!
1'
b110111001110 7
#234620000
0!
0'
#234630000
1!
1'
b110111001111 7
#234640000
0!
0'
#234650000
1!
1'
b110111010000 7
#234660000
0!
0'
#234670000
1!
1'
b110111010001 7
#234680000
0!
0'
#234690000
1!
1'
b110111010010 7
#234700000
0!
0'
#234710000
1!
1'
b110111010011 7
#234720000
0!
0'
#234730000
1!
1'
b110111010100 7
#234740000
0!
0'
#234750000
1!
1'
b110111010101 7
#234760000
0!
0'
#234770000
1!
1'
b110111010110 7
#234780000
0!
0'
#234790000
1!
1'
b110111010111 7
#234800000
0!
0'
#234810000
1!
1'
b110111011000 7
#234820000
0!
0'
#234830000
1!
1'
b110111011001 7
#234840000
0!
0'
#234850000
1!
1'
b110111011010 7
#234860000
0!
0'
#234870000
1!
1'
b110111011011 7
#234880000
0!
0'
#234890000
1!
1'
b110111011100 7
#234900000
0!
0'
#234910000
1!
1'
b110111011101 7
#234920000
0!
0'
#234930000
1!
1'
b110111011110 7
#234940000
0!
0'
#234950000
1!
1'
b110111011111 7
#234960000
0!
0'
#234970000
1!
1'
b110111100000 7
#234980000
0!
0'
#234990000
1!
1'
b110111100001 7
#235000000
0!
0'
#235010000
1!
1'
b110111100010 7
#235020000
0!
0'
#235030000
1!
1'
b110111100011 7
#235040000
0!
0'
#235050000
1!
1'
b110111100100 7
#235060000
0!
0'
#235070000
1!
1'
b110111100101 7
#235080000
0!
0'
#235090000
1!
1'
b110111100110 7
#235100000
0!
0'
#235110000
1!
1'
b110111100111 7
#235120000
0!
0'
#235130000
1!
1'
b110111101000 7
#235140000
0!
0'
#235150000
1!
1'
b110111101001 7
#235160000
0!
0'
#235170000
1!
1'
b110111101010 7
#235180000
0!
0'
#235190000
1!
1'
b110111101011 7
#235200000
0!
0'
#235210000
1!
1'
b110111101100 7
#235220000
0!
0'
#235230000
1!
1'
b110111101101 7
#235240000
0!
0'
#235250000
1!
1'
b110111101110 7
#235260000
0!
0'
#235270000
1!
1'
b110111101111 7
#235280000
0!
0'
#235290000
1!
1'
b110111110000 7
#235300000
0!
0'
#235310000
1!
1'
b110111110001 7
#235320000
0!
0'
#235330000
1!
1'
b110111110010 7
#235340000
0!
0'
#235350000
1!
1'
b110111110011 7
#235360000
0!
0'
#235370000
1!
1'
b110111110100 7
#235380000
0!
0'
#235390000
1!
1'
b110111110101 7
#235400000
0!
0'
#235410000
1!
1'
b110111110110 7
#235420000
0!
0'
#235430000
1!
1'
b110111110111 7
#235440000
0!
0'
#235450000
1!
1'
b110111111000 7
#235460000
0!
0'
#235470000
1!
1'
b110111111001 7
#235480000
0!
0'
#235490000
1!
1'
b110111111010 7
#235500000
0!
0'
#235510000
1!
1'
b110111111011 7
#235520000
0!
0'
#235530000
1!
1'
b110111111100 7
#235540000
0!
0'
#235550000
1!
1'
b110111111101 7
#235560000
0!
0'
#235570000
1!
1'
b110111111110 7
#235580000
0!
0'
#235590000
1!
1'
b110111111111 7
#235600000
0!
0'
#235610000
1!
1'
b111000000000 7
#235620000
0!
0'
#235630000
1!
1'
b111000000001 7
#235640000
0!
0'
#235650000
1!
1'
b111000000010 7
#235660000
0!
0'
#235670000
1!
1'
b111000000011 7
#235680000
0!
0'
#235690000
1!
1'
b111000000100 7
#235700000
0!
0'
#235710000
1!
1'
b111000000101 7
#235720000
0!
0'
#235730000
1!
1'
b111000000110 7
#235740000
0!
0'
#235750000
1!
1'
b111000000111 7
#235760000
0!
0'
#235770000
1!
1'
b111000001000 7
#235780000
0!
0'
#235790000
1!
1'
b111000001001 7
#235800000
0!
0'
#235810000
1!
1'
b111000001010 7
#235820000
0!
0'
#235830000
1!
1'
b111000001011 7
#235840000
0!
0'
#235850000
1!
1'
b111000001100 7
#235860000
0!
0'
#235870000
1!
1'
b111000001101 7
#235880000
0!
0'
#235890000
1!
1'
b111000001110 7
#235900000
0!
0'
#235910000
1!
1'
b111000001111 7
#235920000
0!
0'
#235930000
1!
1'
b111000010000 7
#235940000
0!
0'
#235950000
1!
1'
b111000010001 7
#235960000
0!
0'
#235970000
1!
1'
b111000010010 7
#235980000
0!
0'
#235990000
1!
1'
b111000010011 7
#236000000
0!
0'
#236010000
1!
1'
b111000010100 7
#236020000
0!
0'
#236030000
1!
1'
b111000010101 7
#236040000
0!
0'
#236050000
1!
1'
b111000010110 7
#236060000
0!
0'
#236070000
1!
1'
b111000010111 7
#236080000
0!
0'
#236090000
1!
1'
b111000011000 7
#236100000
0!
0'
#236110000
1!
1'
b111000011001 7
#236120000
0!
0'
#236130000
1!
1'
b111000011010 7
#236140000
0!
0'
#236150000
1!
1'
b111000011011 7
#236160000
0!
0'
#236170000
1!
1'
b111000011100 7
#236180000
0!
0'
#236190000
1!
1'
b111000011101 7
#236200000
0!
0'
#236210000
1!
1'
b111000011110 7
#236220000
0!
0'
#236230000
1!
1'
b111000011111 7
#236240000
0!
0'
#236250000
1!
1'
b111000100000 7
#236260000
0!
0'
#236270000
1!
1'
b111000100001 7
#236280000
0!
0'
#236290000
1!
1'
b111000100010 7
#236300000
0!
0'
#236310000
1!
1'
b111000100011 7
#236320000
0!
0'
#236330000
1!
1'
b111000100100 7
#236340000
0!
0'
#236350000
1!
1'
b111000100101 7
#236360000
0!
0'
#236370000
1!
1'
b111000100110 7
#236380000
0!
0'
#236390000
1!
1'
b111000100111 7
#236400000
0!
0'
#236410000
1!
1'
b111000101000 7
#236420000
0!
0'
#236430000
1!
1'
b111000101001 7
#236440000
0!
0'
#236450000
1!
1'
b111000101010 7
#236460000
0!
0'
#236470000
1!
1'
b111000101011 7
#236480000
0!
0'
#236490000
1!
1'
b111000101100 7
#236500000
0!
0'
#236510000
1!
1'
b111000101101 7
#236520000
0!
0'
#236530000
1!
1'
b111000101110 7
#236540000
0!
0'
#236550000
1!
1'
b111000101111 7
#236560000
0!
0'
#236570000
1!
1'
b111000110000 7
#236580000
0!
0'
#236590000
1!
1'
b111000110001 7
#236600000
0!
0'
#236610000
1!
1'
b111000110010 7
#236620000
0!
0'
#236630000
1!
1'
b111000110011 7
#236640000
0!
0'
#236650000
1!
1'
b111000110100 7
#236660000
0!
0'
#236670000
1!
1'
b111000110101 7
#236680000
0!
0'
#236690000
1!
1'
b111000110110 7
#236700000
0!
0'
#236710000
1!
1'
b111000110111 7
#236720000
0!
0'
#236730000
1!
1'
b111000111000 7
#236740000
0!
0'
#236750000
1!
1'
b111000111001 7
#236760000
0!
0'
#236770000
1!
1'
b111000111010 7
#236780000
0!
0'
#236790000
1!
1'
b111000111011 7
#236800000
0!
0'
#236810000
1!
1'
b111000111100 7
#236820000
0!
0'
#236830000
1!
1'
b111000111101 7
#236840000
0!
0'
#236850000
1!
1'
b111000111110 7
#236860000
0!
0'
#236870000
1!
1'
b111000111111 7
#236880000
0!
0'
#236890000
1!
1'
b111001000000 7
#236900000
0!
0'
#236910000
1!
1'
b111001000001 7
#236920000
0!
0'
#236930000
1!
1'
b111001000010 7
#236940000
0!
0'
#236950000
1!
1'
b111001000011 7
#236960000
0!
0'
#236970000
1!
1'
b111001000100 7
#236980000
0!
0'
#236990000
1!
1'
b111001000101 7
#237000000
0!
0'
#237010000
1!
1'
b111001000110 7
#237020000
0!
0'
#237030000
1!
1'
b111001000111 7
#237040000
0!
0'
#237050000
1!
1'
b111001001000 7
#237060000
0!
0'
#237070000
1!
1'
b111001001001 7
#237080000
0!
0'
#237090000
1!
1'
b111001001010 7
#237100000
0!
0'
#237110000
1!
1'
b111001001011 7
#237120000
0!
0'
#237130000
1!
1'
b111001001100 7
#237140000
0!
0'
#237150000
1!
1'
b111001001101 7
#237160000
0!
0'
#237170000
1!
1'
b111001001110 7
#237180000
0!
0'
#237190000
1!
1'
b111001001111 7
#237200000
0!
0'
#237210000
1!
1'
b111001010000 7
#237220000
0!
0'
#237230000
1!
1'
b111001010001 7
#237240000
0!
0'
#237250000
1!
1'
b111001010010 7
#237260000
0!
0'
#237270000
1!
1'
b111001010011 7
#237280000
0!
0'
#237290000
1!
1'
b111001010100 7
#237300000
0!
0'
#237310000
1!
1'
b111001010101 7
#237320000
0!
0'
#237330000
1!
1'
b111001010110 7
#237340000
0!
0'
#237350000
1!
1'
b111001010111 7
#237360000
0!
0'
#237370000
1!
1'
b111001011000 7
#237380000
0!
0'
#237390000
1!
1'
b111001011001 7
#237400000
0!
0'
#237410000
1!
1'
b111001011010 7
#237420000
0!
0'
#237430000
1!
1'
b111001011011 7
#237440000
0!
0'
#237450000
1!
1'
b111001011100 7
#237460000
0!
0'
#237470000
1!
1'
b111001011101 7
#237480000
0!
0'
#237490000
1!
1'
b111001011110 7
#237500000
0!
0'
#237510000
1!
1'
b111001011111 7
#237520000
0!
0'
#237530000
1!
1'
b111001100000 7
#237540000
0!
0'
#237550000
1!
1'
b111001100001 7
#237560000
0!
0'
#237570000
1!
1'
b111001100010 7
#237580000
0!
0'
#237590000
1!
1'
b111001100011 7
#237600000
0!
0'
#237610000
1!
1'
b111001100100 7
#237620000
0!
0'
#237630000
1!
1'
b111001100101 7
#237640000
0!
0'
#237650000
1!
1'
b111001100110 7
#237660000
0!
0'
#237670000
1!
1'
b111001100111 7
#237680000
0!
0'
#237690000
1!
1'
b111001101000 7
#237700000
0!
0'
#237710000
1!
1'
b111001101001 7
#237720000
0!
0'
#237730000
1!
1'
b111001101010 7
#237740000
0!
0'
#237750000
1!
1'
b111001101011 7
#237760000
0!
0'
#237770000
1!
1'
b111001101100 7
#237780000
0!
0'
#237790000
1!
1'
b111001101101 7
#237800000
0!
0'
#237810000
1!
1'
b111001101110 7
#237820000
0!
0'
#237830000
1!
1'
b111001101111 7
#237840000
0!
0'
#237850000
1!
1'
b111001110000 7
#237860000
0!
0'
#237870000
1!
1'
b111001110001 7
#237880000
0!
0'
#237890000
1!
1'
b111001110010 7
#237900000
0!
0'
#237910000
1!
1'
b111001110011 7
#237920000
0!
0'
#237930000
1!
1'
b111001110100 7
#237940000
0!
0'
#237950000
1!
1'
b111001110101 7
#237960000
0!
0'
#237970000
1!
1'
b111001110110 7
#237980000
0!
0'
#237990000
1!
1'
b111001110111 7
#238000000
0!
0'
#238010000
1!
1'
b111001111000 7
#238020000
0!
0'
#238030000
1!
1'
b111001111001 7
#238040000
0!
0'
#238050000
1!
1'
b111001111010 7
#238060000
0!
0'
#238070000
1!
1'
b111001111011 7
#238080000
0!
0'
#238090000
1!
1'
b111001111100 7
#238100000
0!
0'
#238110000
1!
1'
b111001111101 7
#238120000
0!
0'
#238130000
1!
1'
b111001111110 7
#238140000
0!
0'
#238150000
1!
1'
b111001111111 7
#238160000
0!
0'
#238170000
1!
1'
b111010000000 7
#238180000
0!
0'
#238190000
1!
1'
b111010000001 7
#238200000
0!
0'
#238210000
1!
1'
b111010000010 7
#238220000
0!
0'
#238230000
1!
1'
b111010000011 7
#238240000
0!
0'
#238250000
1!
1'
b111010000100 7
#238260000
0!
0'
#238270000
1!
1'
b111010000101 7
#238280000
0!
0'
#238290000
1!
1'
b111010000110 7
#238300000
0!
0'
#238310000
1!
1'
b111010000111 7
#238320000
0!
0'
#238330000
1!
1'
b111010001000 7
#238340000
0!
0'
#238350000
1!
1'
b111010001001 7
#238360000
0!
0'
#238370000
1!
1'
b111010001010 7
#238380000
0!
0'
#238390000
1!
1'
b111010001011 7
#238400000
0!
0'
#238410000
1!
1'
b111010001100 7
#238420000
0!
0'
#238430000
1!
1'
b111010001101 7
#238440000
0!
0'
#238450000
1!
1'
b111010001110 7
#238460000
0!
0'
#238470000
1!
1'
b111010001111 7
#238480000
0!
0'
#238490000
1!
1'
b111010010000 7
#238500000
0!
0'
#238510000
1!
1'
b111010010001 7
#238520000
0!
0'
#238530000
1!
1'
b111010010010 7
#238540000
0!
0'
#238550000
1!
1'
b111010010011 7
#238560000
0!
0'
#238570000
1!
1'
b111010010100 7
#238580000
0!
0'
#238590000
1!
1'
b111010010101 7
#238600000
0!
0'
#238610000
1!
1'
b111010010110 7
#238620000
0!
0'
#238630000
1!
1'
b111010010111 7
#238640000
0!
0'
#238650000
1!
1'
b111010011000 7
#238660000
0!
0'
#238670000
1!
1'
b111010011001 7
#238680000
0!
0'
#238690000
1!
1'
b111010011010 7
#238700000
0!
0'
#238710000
1!
1'
b111010011011 7
#238720000
0!
0'
#238730000
1!
1'
b111010011100 7
#238740000
0!
0'
#238750000
1!
1'
b111010011101 7
#238760000
0!
0'
#238770000
1!
1'
b111010011110 7
#238780000
0!
0'
#238790000
1!
1'
b111010011111 7
#238800000
0!
0'
#238810000
1!
1'
b111010100000 7
#238820000
0!
0'
#238830000
1!
1'
b111010100001 7
#238840000
0!
0'
#238850000
1!
1'
b111010100010 7
#238860000
0!
0'
#238870000
1!
1'
b111010100011 7
#238880000
0!
0'
#238890000
1!
1'
b111010100100 7
#238900000
0!
0'
#238910000
1!
1'
b111010100101 7
#238920000
0!
0'
#238930000
1!
1'
b111010100110 7
#238940000
0!
0'
#238950000
1!
1'
b111010100111 7
#238960000
0!
0'
#238970000
1!
1'
b111010101000 7
#238980000
0!
0'
#238990000
1!
1'
b111010101001 7
#239000000
0!
0'
#239010000
1!
1'
b111010101010 7
#239020000
0!
0'
#239030000
1!
1'
b111010101011 7
#239040000
0!
0'
#239050000
1!
1'
b111010101100 7
#239060000
0!
0'
#239070000
1!
1'
b111010101101 7
#239080000
0!
0'
#239090000
1!
1'
b111010101110 7
#239100000
0!
0'
#239110000
1!
1'
b111010101111 7
#239120000
0!
0'
#239130000
1!
1'
b111010110000 7
#239140000
0!
0'
#239150000
1!
1'
b111010110001 7
#239160000
0!
0'
#239170000
1!
1'
b111010110010 7
#239180000
0!
0'
#239190000
1!
1'
b111010110011 7
#239200000
0!
0'
#239210000
1!
1'
b111010110100 7
#239220000
0!
0'
#239230000
1!
1'
b111010110101 7
#239240000
0!
0'
#239250000
1!
1'
b111010110110 7
#239260000
0!
0'
#239270000
1!
1'
b111010110111 7
#239280000
0!
0'
#239290000
1!
1'
b111010111000 7
#239300000
0!
0'
#239310000
1!
1'
b111010111001 7
#239320000
0!
0'
#239330000
1!
1'
b111010111010 7
#239340000
0!
0'
#239350000
1!
1'
b111010111011 7
#239360000
0!
0'
#239370000
1!
1'
b111010111100 7
#239380000
0!
0'
#239390000
1!
1'
b111010111101 7
#239400000
0!
0'
#239410000
1!
1'
b111010111110 7
#239420000
0!
0'
#239430000
1!
1'
b111010111111 7
#239440000
0!
0'
#239450000
1!
1'
b111011000000 7
#239460000
0!
0'
#239470000
1!
1'
b111011000001 7
#239480000
0!
0'
#239490000
1!
1'
b111011000010 7
#239500000
0!
0'
#239510000
1!
1'
b111011000011 7
#239520000
0!
0'
#239530000
1!
1'
b111011000100 7
#239540000
0!
0'
#239550000
1!
1'
b111011000101 7
#239560000
0!
0'
#239570000
1!
1'
b111011000110 7
#239580000
0!
0'
#239590000
1!
1'
b111011000111 7
#239600000
0!
0'
#239610000
1!
1'
b111011001000 7
#239620000
0!
0'
#239630000
1!
1'
b111011001001 7
#239640000
0!
0'
#239650000
1!
1'
b111011001010 7
#239660000
0!
0'
#239670000
1!
1'
b111011001011 7
#239680000
0!
0'
#239690000
1!
1'
b111011001100 7
#239700000
0!
0'
#239710000
1!
1'
b111011001101 7
#239720000
0!
0'
#239730000
1!
1'
b111011001110 7
#239740000
0!
0'
#239750000
1!
1'
b111011001111 7
#239760000
0!
0'
#239770000
1!
1'
b111011010000 7
#239780000
0!
0'
#239790000
1!
1'
b111011010001 7
#239800000
0!
0'
#239810000
1!
1'
b111011010010 7
#239820000
0!
0'
#239830000
1!
1'
b111011010011 7
#239840000
0!
0'
#239850000
1!
1'
b111011010100 7
#239860000
0!
0'
#239870000
1!
1'
b111011010101 7
#239880000
0!
0'
#239890000
1!
1'
b111011010110 7
#239900000
0!
0'
#239910000
1!
1'
b111011010111 7
#239920000
0!
0'
#239930000
1!
1'
b111011011000 7
#239940000
0!
0'
#239950000
1!
1'
b111011011001 7
#239960000
0!
0'
#239970000
1!
1'
b111011011010 7
#239980000
0!
0'
#239990000
1!
1'
b111011011011 7
#240000000
0!
0'
#240010000
1!
1'
b111011011100 7
#240020000
0!
0'
#240030000
1!
1'
b111011011101 7
#240040000
0!
0'
#240050000
1!
1'
b111011011110 7
#240060000
0!
0'
#240070000
1!
1'
b111011011111 7
#240080000
0!
0'
#240090000
1!
1'
b111011100000 7
#240100000
0!
0'
#240110000
1!
1'
b111011100001 7
#240120000
0!
0'
#240130000
1!
1'
b111011100010 7
#240140000
0!
0'
#240150000
1!
1'
b111011100011 7
#240160000
0!
0'
#240170000
1!
1'
b111011100100 7
#240180000
0!
0'
#240190000
1!
1'
b111011100101 7
#240200000
0!
0'
#240210000
1!
1'
b111011100110 7
#240220000
0!
0'
#240230000
1!
1'
b111011100111 7
#240240000
0!
0'
#240250000
1!
1'
b111011101000 7
#240260000
0!
0'
#240270000
1!
1'
b111011101001 7
#240280000
0!
0'
#240290000
1!
1'
b111011101010 7
#240300000
0!
0'
#240310000
1!
1'
b111011101011 7
#240320000
0!
0'
#240330000
1!
1'
b111011101100 7
#240340000
0!
0'
#240350000
1!
1'
b111011101101 7
#240360000
0!
0'
#240370000
1!
1'
b111011101110 7
#240380000
0!
0'
#240390000
1!
1'
b111011101111 7
#240400000
0!
0'
#240410000
1!
1'
b111011110000 7
#240420000
0!
0'
#240430000
1!
1'
b111011110001 7
#240440000
0!
0'
#240450000
1!
1'
b111011110010 7
#240460000
0!
0'
#240470000
1!
1'
b111011110011 7
#240480000
0!
0'
#240490000
1!
1'
b111011110100 7
#240500000
0!
0'
#240510000
1!
1'
b111011110101 7
#240520000
0!
0'
#240530000
1!
1'
b111011110110 7
#240540000
0!
0'
#240550000
1!
1'
b111011110111 7
#240560000
0!
0'
#240570000
1!
1'
b111011111000 7
#240580000
0!
0'
#240590000
1!
1'
b111011111001 7
#240600000
0!
0'
#240610000
1!
1'
b111011111010 7
#240620000
0!
0'
#240630000
1!
1'
b111011111011 7
#240640000
0!
0'
#240650000
1!
1'
b111011111100 7
#240660000
0!
0'
#240670000
1!
1'
b111011111101 7
#240680000
0!
0'
#240690000
1!
1'
b111011111110 7
#240700000
0!
0'
#240710000
1!
1'
b111011111111 7
#240720000
0!
0'
#240730000
1!
1'
b111100000000 7
1;
#240740000
0!
0'
#240750000
1!
1'
05
b111100000001 7
0$
#240760000
0!
0'
#240770000
1!
1'
b111100000010 7
#240780000
0!
0'
#240790000
1!
1'
b111100000011 7
#240800000
0!
0'
#240810000
1!
1'
b111100000100 7
#240820000
0!
0'
#240830000
1!
1'
b111100000101 7
#240840000
0!
0'
#240850000
1!
1'
b111100000110 7
#240860000
0!
0'
#240870000
1!
1'
b111100000111 7
#240880000
0!
0'
#240890000
1!
1'
b111100001000 7
#240900000
0!
0'
#240910000
1!
1'
b111100001001 7
#240920000
0!
0'
#240930000
1!
1'
b111100001010 7
#240940000
0!
0'
#240950000
1!
1'
b111100001011 7
#240960000
0!
0'
#240970000
1!
1'
b111100001100 7
#240980000
0!
0'
#240990000
1!
1'
b111100001101 7
#241000000
0!
0'
#241010000
1!
1'
b111100001110 7
#241020000
0!
0'
#241030000
1!
1'
b111100001111 7
#241040000
0!
0'
#241050000
1!
1'
b111100010000 7
#241060000
0!
0'
#241070000
1!
1'
b111100010001 7
#241080000
0!
0'
#241090000
1!
1'
b111100010010 7
#241100000
0!
0'
#241110000
1!
1'
b111100010011 7
#241120000
0!
0'
#241130000
1!
1'
b111100010100 7
#241140000
0!
0'
#241150000
1!
1'
b111100010101 7
#241160000
0!
0'
#241170000
1!
1'
b111100010110 7
#241180000
0!
0'
#241190000
1!
1'
b111100010111 7
#241200000
0!
0'
#241210000
1!
1'
b111100011000 7
#241220000
0!
0'
#241230000
1!
1'
b111100011001 7
#241240000
0!
0'
#241250000
1!
1'
b111100011010 7
#241260000
0!
0'
#241270000
1!
1'
b111100011011 7
#241280000
0!
0'
#241290000
1!
1'
b111100011100 7
#241300000
0!
0'
#241310000
1!
1'
b111100011101 7
#241320000
0!
0'
#241330000
1!
1'
b111100011110 7
#241340000
0!
0'
#241350000
1!
1'
b111100011111 7
#241360000
0!
0'
#241370000
1!
1'
b111100100000 7
#241380000
0!
0'
#241390000
1!
1'
b111100100001 7
#241400000
0!
0'
#241410000
1!
1'
b111100100010 7
#241420000
0!
0'
#241430000
1!
1'
b111100100011 7
#241440000
0!
0'
#241450000
1!
1'
b111100100100 7
#241460000
0!
0'
#241470000
1!
1'
b111100100101 7
#241480000
0!
0'
#241490000
1!
1'
b111100100110 7
#241500000
0!
0'
#241510000
1!
1'
b111100100111 7
#241520000
0!
0'
#241530000
1!
1'
b111100101000 7
#241540000
0!
0'
#241550000
1!
1'
b111100101001 7
#241560000
0!
0'
#241570000
1!
1'
b111100101010 7
#241580000
0!
0'
#241590000
1!
1'
b111100101011 7
#241600000
0!
0'
#241610000
1!
1'
b111100101100 7
18
#241620000
0!
0'
#241630000
1!
1'
16
b111100101101 7
1%
#241640000
0!
0'
#241650000
1!
1'
b111100101110 7
#241660000
0!
0'
#241670000
1!
1'
b111100101111 7
#241680000
0!
0'
#241690000
1!
1'
b111100110000 7
#241700000
0!
0'
#241710000
1!
1'
b111100110001 7
#241720000
0!
0'
#241730000
1!
1'
b111100110010 7
#241740000
0!
0'
#241750000
1!
1'
b111100110011 7
#241760000
0!
0'
#241770000
1!
1'
b111100110100 7
#241780000
0!
0'
#241790000
1!
1'
b111100110101 7
#241800000
0!
0'
#241810000
1!
1'
b111100110110 7
#241820000
0!
0'
#241830000
1!
1'
b111100110111 7
#241840000
0!
0'
#241850000
1!
1'
b111100111000 7
#241860000
0!
0'
#241870000
1!
1'
b111100111001 7
#241880000
0!
0'
#241890000
1!
1'
b111100111010 7
#241900000
0!
0'
#241910000
1!
1'
b111100111011 7
#241920000
0!
0'
#241930000
1!
1'
b111100111100 7
#241940000
0!
0'
#241950000
1!
1'
b111100111101 7
#241960000
0!
0'
#241970000
1!
1'
b111100111110 7
#241980000
0!
0'
#241990000
1!
1'
b111100111111 7
#242000000
0!
0'
#242010000
1!
1'
b111101000000 7
#242020000
0!
0'
#242030000
1!
1'
b111101000001 7
#242040000
0!
0'
#242050000
1!
1'
b111101000010 7
#242060000
0!
0'
#242070000
1!
1'
b111101000011 7
#242080000
0!
0'
#242090000
1!
1'
b111101000100 7
#242100000
0!
0'
#242110000
1!
1'
b111101000101 7
#242120000
0!
0'
#242130000
1!
1'
b111101000110 7
#242140000
0!
0'
#242150000
1!
1'
b111101000111 7
#242160000
0!
0'
#242170000
1!
1'
b111101001000 7
#242180000
0!
0'
#242190000
1!
1'
b111101001001 7
#242200000
0!
0'
#242210000
1!
1'
b111101001010 7
#242220000
0!
0'
#242230000
1!
1'
b111101001011 7
#242240000
0!
0'
#242250000
1!
1'
b111101001100 7
#242260000
0!
0'
#242270000
1!
1'
b111101001101 7
#242280000
0!
0'
#242290000
1!
1'
b111101001110 7
#242300000
0!
0'
#242310000
1!
1'
b111101001111 7
#242320000
0!
0'
#242330000
1!
1'
b111101010000 7
#242340000
0!
0'
#242350000
1!
1'
b111101010001 7
#242360000
0!
0'
#242370000
1!
1'
b111101010010 7
#242380000
0!
0'
#242390000
1!
1'
b111101010011 7
#242400000
0!
0'
#242410000
1!
1'
b111101010100 7
#242420000
0!
0'
#242430000
1!
1'
b111101010101 7
#242440000
0!
0'
#242450000
1!
1'
b111101010110 7
#242460000
0!
0'
#242470000
1!
1'
b111101010111 7
#242480000
0!
0'
#242490000
1!
1'
b111101011000 7
#242500000
0!
0'
#242510000
1!
1'
b111101011001 7
#242520000
0!
0'
#242530000
1!
1'
b111101011010 7
#242540000
0!
0'
#242550000
1!
1'
b111101011011 7
#242560000
0!
0'
#242570000
1!
1'
b111101011100 7
#242580000
0!
0'
#242590000
1!
1'
b111101011101 7
#242600000
0!
0'
#242610000
1!
1'
b111101011110 7
#242620000
0!
0'
#242630000
1!
1'
b111101011111 7
#242640000
0!
0'
#242650000
1!
1'
b111101100000 7
#242660000
0!
0'
#242670000
1!
1'
b111101100001 7
#242680000
0!
0'
#242690000
1!
1'
b111101100010 7
#242700000
0!
0'
#242710000
1!
1'
b111101100011 7
#242720000
0!
0'
#242730000
1!
1'
b111101100100 7
#242740000
0!
0'
#242750000
1!
1'
b111101100101 7
#242760000
0!
0'
#242770000
1!
1'
b111101100110 7
#242780000
0!
0'
#242790000
1!
1'
b111101100111 7
#242800000
0!
0'
#242810000
1!
1'
b111101101000 7
#242820000
0!
0'
#242830000
1!
1'
b111101101001 7
#242840000
0!
0'
#242850000
1!
1'
b111101101010 7
#242860000
0!
0'
#242870000
1!
1'
b111101101011 7
#242880000
0!
0'
#242890000
1!
1'
b111101101100 7
#242900000
0!
0'
#242910000
1!
1'
b111101101101 7
#242920000
0!
0'
#242930000
1!
1'
b111101101110 7
#242940000
0!
0'
#242950000
1!
1'
b111101101111 7
#242960000
0!
0'
#242970000
1!
1'
b111101110000 7
#242980000
0!
0'
#242990000
1!
1'
b111101110001 7
#243000000
0!
0'
#243010000
1!
1'
b111101110010 7
#243020000
0!
0'
#243030000
1!
1'
b111101110011 7
#243040000
0!
0'
#243050000
1!
1'
b111101110100 7
#243060000
0!
0'
#243070000
1!
1'
b111101110101 7
#243080000
0!
0'
#243090000
1!
1'
b111101110110 7
#243100000
0!
0'
#243110000
1!
1'
b111101110111 7
#243120000
0!
0'
#243130000
1!
1'
b111101111000 7
#243140000
0!
0'
#243150000
1!
1'
b111101111001 7
#243160000
0!
0'
#243170000
1!
1'
b111101111010 7
#243180000
0!
0'
#243190000
1!
1'
b111101111011 7
#243200000
0!
0'
#243210000
1!
1'
b111101111100 7
#243220000
0!
0'
#243230000
1!
1'
b111101111101 7
#243240000
0!
0'
#243250000
1!
1'
b111101111110 7
#243260000
0!
0'
#243270000
1!
1'
b111101111111 7
#243280000
0!
0'
#243290000
1!
1'
b111110000000 7
#243300000
0!
0'
#243310000
1!
1'
b111110000001 7
#243320000
0!
0'
#243330000
1!
1'
b111110000010 7
#243340000
0!
0'
#243350000
1!
1'
b111110000011 7
#243360000
0!
0'
#243370000
1!
1'
b111110000100 7
#243380000
0!
0'
#243390000
1!
1'
b111110000101 7
#243400000
0!
0'
#243410000
1!
1'
b111110000110 7
#243420000
0!
0'
#243430000
1!
1'
b111110000111 7
#243440000
0!
0'
#243450000
1!
1'
b111110001000 7
#243460000
0!
0'
#243470000
1!
1'
b111110001001 7
#243480000
0!
0'
#243490000
1!
1'
b111110001010 7
#243500000
0!
0'
#243510000
1!
1'
b111110001011 7
#243520000
0!
0'
#243530000
1!
1'
b111110001100 7
#243540000
0!
0'
#243550000
1!
1'
b111110001101 7
#243560000
0!
0'
#243570000
1!
1'
b111110001110 7
#243580000
0!
0'
#243590000
1!
1'
b111110001111 7
#243600000
0!
0'
#243610000
1!
1'
b111110010000 7
#243620000
0!
0'
#243630000
1!
1'
b111110010001 7
#243640000
0!
0'
#243650000
1!
1'
b111110010010 7
#243660000
0!
0'
#243670000
1!
1'
b111110010011 7
#243680000
0!
0'
#243690000
1!
1'
b111110010100 7
#243700000
0!
0'
#243710000
1!
1'
b111110010101 7
#243720000
0!
0'
#243730000
1!
1'
b111110010110 7
#243740000
0!
0'
#243750000
1!
1'
b111110010111 7
#243760000
0!
0'
#243770000
1!
1'
b111110011000 7
#243780000
0!
0'
#243790000
1!
1'
b111110011001 7
#243800000
0!
0'
#243810000
1!
1'
b111110011010 7
#243820000
0!
0'
#243830000
1!
1'
b111110011011 7
#243840000
0!
0'
#243850000
1!
1'
b111110011100 7
#243860000
0!
0'
#243870000
1!
1'
b111110011101 7
#243880000
0!
0'
#243890000
1!
1'
b111110011110 7
#243900000
0!
0'
#243910000
1!
1'
b111110011111 7
#243920000
0!
0'
#243930000
1!
1'
b111110100000 7
#243940000
0!
0'
#243950000
1!
1'
b111110100001 7
#243960000
0!
0'
#243970000
1!
1'
b111110100010 7
#243980000
0!
0'
#243990000
1!
1'
b111110100011 7
#244000000
0!
0'
#244010000
1!
1'
b111110100100 7
#244020000
0!
0'
#244030000
1!
1'
b111110100101 7
#244040000
0!
0'
#244050000
1!
1'
b111110100110 7
#244060000
0!
0'
#244070000
1!
1'
b111110100111 7
#244080000
0!
0'
#244090000
1!
1'
b111110101000 7
#244100000
0!
0'
#244110000
1!
1'
b111110101001 7
#244120000
0!
0'
#244130000
1!
1'
b111110101010 7
#244140000
0!
0'
#244150000
1!
1'
b111110101011 7
#244160000
0!
0'
#244170000
1!
1'
b111110101100 7
#244180000
0!
0'
#244190000
1!
1'
b111110101101 7
#244200000
0!
0'
#244210000
1!
1'
b111110101110 7
#244220000
0!
0'
#244230000
1!
1'
b111110101111 7
#244240000
0!
0'
#244250000
1!
1'
b111110110000 7
#244260000
0!
0'
#244270000
1!
1'
b111110110001 7
#244280000
0!
0'
#244290000
1!
1'
b111110110010 7
#244300000
0!
0'
#244310000
1!
1'
b111110110011 7
#244320000
0!
0'
#244330000
1!
1'
b111110110100 7
#244340000
0!
0'
#244350000
1!
1'
b111110110101 7
#244360000
0!
0'
#244370000
1!
1'
b111110110110 7
#244380000
0!
0'
#244390000
1!
1'
b111110110111 7
#244400000
0!
0'
#244410000
1!
1'
b111110111000 7
#244420000
0!
0'
#244430000
1!
1'
b111110111001 7
#244440000
0!
0'
#244450000
1!
1'
b111110111010 7
#244460000
0!
0'
#244470000
1!
1'
b111110111011 7
#244480000
0!
0'
#244490000
1!
1'
b111110111100 7
#244500000
0!
0'
#244510000
1!
1'
b111110111101 7
#244520000
0!
0'
#244530000
1!
1'
b111110111110 7
#244540000
0!
0'
#244550000
1!
1'
b111110111111 7
#244560000
0!
0'
#244570000
1!
1'
b111111000000 7
#244580000
0!
0'
#244590000
1!
1'
b111111000001 7
#244600000
0!
0'
#244610000
1!
1'
b111111000010 7
#244620000
0!
0'
#244630000
1!
1'
b111111000011 7
#244640000
0!
0'
#244650000
1!
1'
b111111000100 7
#244660000
0!
0'
#244670000
1!
1'
b111111000101 7
#244680000
0!
0'
#244690000
1!
1'
b111111000110 7
#244700000
0!
0'
#244710000
1!
1'
b111111000111 7
#244720000
0!
0'
#244730000
1!
1'
b111111001000 7
#244740000
0!
0'
#244750000
1!
1'
b111111001001 7
#244760000
0!
0'
#244770000
1!
1'
b111111001010 7
#244780000
0!
0'
#244790000
1!
1'
b111111001011 7
#244800000
0!
0'
#244810000
1!
1'
b111111001100 7
#244820000
0!
0'
#244830000
1!
1'
b111111001101 7
#244840000
0!
0'
#244850000
1!
1'
b111111001110 7
#244860000
0!
0'
#244870000
1!
1'
b111111001111 7
#244880000
0!
0'
#244890000
1!
1'
b111111010000 7
#244900000
0!
0'
#244910000
1!
1'
b111111010001 7
#244920000
0!
0'
#244930000
1!
1'
b111111010010 7
#244940000
0!
0'
#244950000
1!
1'
b111111010011 7
#244960000
0!
0'
#244970000
1!
1'
b111111010100 7
#244980000
0!
0'
#244990000
1!
1'
b111111010101 7
#245000000
0!
0'
#245010000
1!
1'
b111111010110 7
#245020000
0!
0'
#245030000
1!
1'
b111111010111 7
#245040000
0!
0'
#245050000
1!
1'
b111111011000 7
#245060000
0!
0'
#245070000
1!
1'
b111111011001 7
#245080000
0!
0'
#245090000
1!
1'
b111111011010 7
#245100000
0!
0'
#245110000
1!
1'
b111111011011 7
#245120000
0!
0'
#245130000
1!
1'
b111111011100 7
#245140000
0!
0'
#245150000
1!
1'
b111111011101 7
#245160000
0!
0'
#245170000
1!
1'
b111111011110 7
#245180000
0!
0'
#245190000
1!
1'
b111111011111 7
#245200000
0!
0'
#245210000
1!
1'
b111111100000 7
#245220000
0!
0'
#245230000
1!
1'
b111111100001 7
#245240000
0!
0'
#245250000
1!
1'
b111111100010 7
#245260000
0!
0'
#245270000
1!
1'
b111111100011 7
#245280000
0!
0'
#245290000
1!
1'
b111111100100 7
#245300000
0!
0'
#245310000
1!
1'
b111111100101 7
#245320000
0!
0'
#245330000
1!
1'
b111111100110 7
#245340000
0!
0'
#245350000
1!
1'
b111111100111 7
#245360000
0!
0'
#245370000
1!
1'
b111111101000 7
#245380000
0!
0'
#245390000
1!
1'
b111111101001 7
#245400000
0!
0'
#245410000
1!
1'
b111111101010 7
#245420000
0!
0'
#245430000
1!
1'
b111111101011 7
#245440000
0!
0'
#245450000
1!
1'
b111111101100 7
#245460000
0!
0'
#245470000
1!
1'
b111111101101 7
#245480000
0!
0'
#245490000
1!
1'
b111111101110 7
#245500000
0!
0'
#245510000
1!
1'
b111111101111 7
#245520000
0!
0'
#245530000
1!
1'
b111111110000 7
#245540000
0!
0'
#245550000
1!
1'
b111111110001 7
#245560000
0!
0'
#245570000
1!
1'
b111111110010 7
#245580000
0!
0'
#245590000
1!
1'
b111111110011 7
#245600000
0!
0'
#245610000
1!
1'
b111111110100 7
#245620000
0!
0'
#245630000
1!
1'
b111111110101 7
#245640000
0!
0'
#245650000
1!
1'
b111111110110 7
#245660000
0!
0'
#245670000
1!
1'
b111111110111 7
#245680000
0!
0'
#245690000
1!
1'
b111111111000 7
#245700000
0!
0'
#245710000
1!
1'
b111111111001 7
#245720000
0!
0'
#245730000
1!
1'
b111111111010 7
#245740000
0!
0'
#245750000
1!
1'
b111111111011 7
#245760000
0!
0'
#245770000
1!
1'
b111111111100 7
#245780000
0!
0'
#245790000
1!
1'
b111111111101 7
#245800000
0!
0'
#245810000
1!
1'
b111111111110 7
#245820000
0!
0'
#245830000
1!
1'
b111111111111 7
19
#245840000
0!
0'
#245850000
1!
1'
06
b0 7
0%
0:
0;
08
09
#245860000
0!
0'
#245870000
1!
1'
b1 7
#245880000
0!
0'
#245890000
1!
1'
b10 7
#245900000
0!
0'
#245910000
1!
1'
b11 7
#245920000
0!
0'
#245930000
1!
1'
b100 7
#245940000
0!
0'
#245950000
1!
1'
b101 7
#245960000
0!
0'
#245970000
1!
1'
b110 7
#245980000
0!
0'
#245990000
1!
1'
b111 7
#246000000
0!
0'
#246010000
1!
1'
b1000 7
#246020000
0!
0'
#246030000
1!
1'
b1001 7
#246040000
0!
0'
#246050000
1!
1'
b1010 7
#246060000
0!
0'
#246070000
1!
1'
b1011 7
#246080000
0!
0'
#246090000
1!
1'
b1100 7
#246100000
0!
0'
#246110000
1!
1'
b1101 7
#246120000
0!
0'
#246130000
1!
1'
b1110 7
#246140000
0!
0'
#246150000
1!
1'
b1111 7
#246160000
0!
0'
#246170000
1!
1'
b10000 7
#246180000
0!
0'
#246190000
1!
1'
b10001 7
#246200000
0!
0'
#246210000
1!
1'
b10010 7
#246220000
0!
0'
#246230000
1!
1'
b10011 7
#246240000
0!
0'
#246250000
1!
1'
b10100 7
#246260000
0!
0'
#246270000
1!
1'
b10101 7
#246280000
0!
0'
#246290000
1!
1'
b10110 7
#246300000
0!
0'
#246310000
1!
1'
b10111 7
#246320000
0!
0'
#246330000
1!
1'
b11000 7
#246340000
0!
0'
#246350000
1!
1'
b11001 7
#246360000
0!
0'
#246370000
1!
1'
b11010 7
#246380000
0!
0'
#246390000
1!
1'
b11011 7
#246400000
0!
0'
#246410000
1!
1'
b11100 7
#246420000
0!
0'
#246430000
1!
1'
b11101 7
#246440000
0!
0'
#246450000
1!
1'
b11110 7
#246460000
0!
0'
#246470000
1!
1'
b11111 7
#246480000
0!
0'
#246490000
1!
1'
b100000 7
#246500000
0!
0'
#246510000
1!
1'
b100001 7
#246520000
0!
0'
#246530000
1!
1'
b100010 7
#246540000
0!
0'
#246550000
1!
1'
b100011 7
#246560000
0!
0'
#246570000
1!
1'
b100100 7
#246580000
0!
0'
#246590000
1!
1'
b100101 7
#246600000
0!
0'
#246610000
1!
1'
b100110 7
#246620000
0!
0'
#246630000
1!
1'
b100111 7
#246640000
0!
0'
#246650000
1!
1'
b101000 7
#246660000
0!
0'
#246670000
1!
1'
b101001 7
#246680000
0!
0'
#246690000
1!
1'
b101010 7
#246700000
0!
0'
#246710000
1!
1'
b101011 7
#246720000
0!
0'
#246730000
1!
1'
b101100 7
1:
#246740000
0!
0'
#246750000
1!
1'
15
b101101 7
1$
#246760000
0!
0'
#246770000
1!
1'
b101110 7
#246780000
0!
0'
#246790000
1!
1'
b101111 7
#246800000
0!
0'
#246810000
1!
1'
b110000 7
#246820000
0!
0'
#246830000
1!
1'
b110001 7
#246840000
0!
0'
#246850000
1!
1'
b110010 7
#246860000
0!
0'
#246870000
1!
1'
b110011 7
#246880000
0!
0'
#246890000
1!
1'
b110100 7
#246900000
0!
0'
#246910000
1!
1'
b110101 7
#246920000
0!
0'
#246930000
1!
1'
b110110 7
#246940000
0!
0'
#246950000
1!
1'
b110111 7
#246960000
0!
0'
#246970000
1!
1'
b111000 7
#246980000
0!
0'
#246990000
1!
1'
b111001 7
#247000000
0!
0'
#247010000
1!
1'
b111010 7
#247020000
0!
0'
#247030000
1!
1'
b111011 7
#247040000
0!
0'
#247050000
1!
1'
b111100 7
#247060000
0!
0'
#247070000
1!
1'
b111101 7
#247080000
0!
0'
#247090000
1!
1'
b111110 7
#247100000
0!
0'
#247110000
1!
1'
b111111 7
#247120000
0!
0'
#247130000
1!
1'
b1000000 7
#247140000
0!
0'
#247150000
1!
1'
b1000001 7
#247160000
0!
0'
#247170000
1!
1'
b1000010 7
#247180000
0!
0'
#247190000
1!
1'
b1000011 7
#247200000
0!
0'
#247210000
1!
1'
b1000100 7
#247220000
0!
0'
#247230000
1!
1'
b1000101 7
#247240000
0!
0'
#247250000
1!
1'
b1000110 7
#247260000
0!
0'
#247270000
1!
1'
b1000111 7
#247280000
0!
0'
#247290000
1!
1'
b1001000 7
#247300000
0!
0'
#247310000
1!
1'
b1001001 7
#247320000
0!
0'
#247330000
1!
1'
b1001010 7
#247340000
0!
0'
#247350000
1!
1'
b1001011 7
#247360000
0!
0'
#247370000
1!
1'
b1001100 7
#247380000
0!
0'
#247390000
1!
1'
b1001101 7
#247400000
0!
0'
#247410000
1!
1'
b1001110 7
#247420000
0!
0'
#247430000
1!
1'
b1001111 7
#247440000
0!
0'
#247450000
1!
1'
b1010000 7
#247460000
0!
0'
#247470000
1!
1'
b1010001 7
#247480000
0!
0'
#247490000
1!
1'
b1010010 7
#247500000
0!
0'
#247510000
1!
1'
b1010011 7
#247520000
0!
0'
#247530000
1!
1'
b1010100 7
#247540000
0!
0'
#247550000
1!
1'
b1010101 7
#247560000
0!
0'
#247570000
1!
1'
b1010110 7
#247580000
0!
0'
#247590000
1!
1'
b1010111 7
#247600000
0!
0'
#247610000
1!
1'
b1011000 7
#247620000
0!
0'
#247630000
1!
1'
b1011001 7
#247640000
0!
0'
#247650000
1!
1'
b1011010 7
#247660000
0!
0'
#247670000
1!
1'
b1011011 7
#247680000
0!
0'
#247690000
1!
1'
b1011100 7
#247700000
0!
0'
#247710000
1!
1'
b1011101 7
#247720000
0!
0'
#247730000
1!
1'
b1011110 7
#247740000
0!
0'
#247750000
1!
1'
b1011111 7
#247760000
0!
0'
#247770000
1!
1'
b1100000 7
#247780000
0!
0'
#247790000
1!
1'
b1100001 7
#247800000
0!
0'
#247810000
1!
1'
b1100010 7
#247820000
0!
0'
#247830000
1!
1'
b1100011 7
#247840000
0!
0'
#247850000
1!
1'
b1100100 7
#247860000
0!
0'
#247870000
1!
1'
b1100101 7
#247880000
0!
0'
#247890000
1!
1'
b1100110 7
#247900000
0!
0'
#247910000
1!
1'
b1100111 7
#247920000
0!
0'
#247930000
1!
1'
b1101000 7
#247940000
0!
0'
#247950000
1!
1'
b1101001 7
#247960000
0!
0'
#247970000
1!
1'
b1101010 7
#247980000
0!
0'
#247990000
1!
1'
b1101011 7
#248000000
0!
0'
#248010000
1!
1'
b1101100 7
#248020000
0!
0'
#248030000
1!
1'
b1101101 7
#248040000
0!
0'
#248050000
1!
1'
b1101110 7
#248060000
0!
0'
#248070000
1!
1'
b1101111 7
#248080000
0!
0'
#248090000
1!
1'
b1110000 7
#248100000
0!
0'
#248110000
1!
1'
b1110001 7
#248120000
0!
0'
#248130000
1!
1'
b1110010 7
#248140000
0!
0'
#248150000
1!
1'
b1110011 7
#248160000
0!
0'
#248170000
1!
1'
b1110100 7
#248180000
0!
0'
#248190000
1!
1'
b1110101 7
#248200000
0!
0'
#248210000
1!
1'
b1110110 7
#248220000
0!
0'
#248230000
1!
1'
b1110111 7
#248240000
0!
0'
#248250000
1!
1'
b1111000 7
#248260000
0!
0'
#248270000
1!
1'
b1111001 7
#248280000
0!
0'
#248290000
1!
1'
b1111010 7
#248300000
0!
0'
#248310000
1!
1'
b1111011 7
#248320000
0!
0'
#248330000
1!
1'
b1111100 7
#248340000
0!
0'
#248350000
1!
1'
b1111101 7
#248360000
0!
0'
#248370000
1!
1'
b1111110 7
#248380000
0!
0'
#248390000
1!
1'
b1111111 7
#248400000
0!
0'
#248410000
1!
1'
b10000000 7
#248420000
0!
0'
#248430000
1!
1'
b10000001 7
#248440000
0!
0'
#248450000
1!
1'
b10000010 7
#248460000
0!
0'
#248470000
1!
1'
b10000011 7
#248480000
0!
0'
#248490000
1!
1'
b10000100 7
#248500000
0!
0'
#248510000
1!
1'
b10000101 7
#248520000
0!
0'
#248530000
1!
1'
b10000110 7
#248540000
0!
0'
#248550000
1!
1'
b10000111 7
#248560000
0!
0'
#248570000
1!
1'
b10001000 7
#248580000
0!
0'
#248590000
1!
1'
b10001001 7
#248600000
0!
0'
#248610000
1!
1'
b10001010 7
#248620000
0!
0'
#248630000
1!
1'
b10001011 7
#248640000
0!
0'
#248650000
1!
1'
b10001100 7
#248660000
0!
0'
#248670000
1!
1'
b10001101 7
#248680000
0!
0'
#248690000
1!
1'
b10001110 7
#248700000
0!
0'
#248710000
1!
1'
b10001111 7
#248720000
0!
0'
#248730000
1!
1'
b10010000 7
#248740000
0!
0'
#248750000
1!
1'
b10010001 7
#248760000
0!
0'
#248770000
1!
1'
b10010010 7
#248780000
0!
0'
#248790000
1!
1'
b10010011 7
#248800000
0!
0'
#248810000
1!
1'
b10010100 7
#248820000
0!
0'
#248830000
1!
1'
b10010101 7
#248840000
0!
0'
#248850000
1!
1'
b10010110 7
#248860000
0!
0'
#248870000
1!
1'
b10010111 7
#248880000
0!
0'
#248890000
1!
1'
b10011000 7
#248900000
0!
0'
#248910000
1!
1'
b10011001 7
#248920000
0!
0'
#248930000
1!
1'
b10011010 7
#248940000
0!
0'
#248950000
1!
1'
b10011011 7
#248960000
0!
0'
#248970000
1!
1'
b10011100 7
#248980000
0!
0'
#248990000
1!
1'
b10011101 7
#249000000
0!
0'
#249010000
1!
1'
b10011110 7
#249020000
0!
0'
#249030000
1!
1'
b10011111 7
#249040000
0!
0'
#249050000
1!
1'
b10100000 7
#249060000
0!
0'
#249070000
1!
1'
b10100001 7
#249080000
0!
0'
#249090000
1!
1'
b10100010 7
#249100000
0!
0'
#249110000
1!
1'
b10100011 7
#249120000
0!
0'
#249130000
1!
1'
b10100100 7
#249140000
0!
0'
#249150000
1!
1'
b10100101 7
#249160000
0!
0'
#249170000
1!
1'
b10100110 7
#249180000
0!
0'
#249190000
1!
1'
b10100111 7
#249200000
0!
0'
#249210000
1!
1'
b10101000 7
#249220000
0!
0'
#249230000
1!
1'
b10101001 7
#249240000
0!
0'
#249250000
1!
1'
b10101010 7
#249260000
0!
0'
#249270000
1!
1'
b10101011 7
#249280000
0!
0'
#249290000
1!
1'
b10101100 7
#249300000
0!
0'
#249310000
1!
1'
b10101101 7
#249320000
0!
0'
#249330000
1!
1'
b10101110 7
#249340000
0!
0'
#249350000
1!
1'
b10101111 7
#249360000
0!
0'
#249370000
1!
1'
b10110000 7
#249380000
0!
0'
#249390000
1!
1'
b10110001 7
#249400000
0!
0'
#249410000
1!
1'
b10110010 7
#249420000
0!
0'
#249430000
1!
1'
b10110011 7
#249440000
0!
0'
#249450000
1!
1'
b10110100 7
#249460000
0!
0'
#249470000
1!
1'
b10110101 7
#249480000
0!
0'
#249490000
1!
1'
b10110110 7
#249500000
0!
0'
#249510000
1!
1'
b10110111 7
#249520000
0!
0'
#249530000
1!
1'
b10111000 7
#249540000
0!
0'
#249550000
1!
1'
b10111001 7
#249560000
0!
0'
#249570000
1!
1'
b10111010 7
#249580000
0!
0'
#249590000
1!
1'
b10111011 7
#249600000
0!
0'
#249610000
1!
1'
b10111100 7
#249620000
0!
0'
#249630000
1!
1'
b10111101 7
#249640000
0!
0'
#249650000
1!
1'
b10111110 7
#249660000
0!
0'
#249670000
1!
1'
b10111111 7
#249680000
0!
0'
#249690000
1!
1'
b11000000 7
#249700000
0!
0'
#249710000
1!
1'
b11000001 7
#249720000
0!
0'
#249730000
1!
1'
b11000010 7
#249740000
0!
0'
#249750000
1!
1'
b11000011 7
#249760000
0!
0'
#249770000
1!
1'
b11000100 7
#249780000
0!
0'
#249790000
1!
1'
b11000101 7
#249800000
0!
0'
#249810000
1!
1'
b11000110 7
#249820000
0!
0'
#249830000
1!
1'
b11000111 7
#249840000
0!
0'
#249850000
1!
1'
b11001000 7
#249860000
0!
0'
#249870000
1!
1'
b11001001 7
#249880000
0!
0'
#249890000
1!
1'
b11001010 7
#249900000
0!
0'
#249910000
1!
1'
b11001011 7
#249920000
0!
0'
#249930000
1!
1'
b11001100 7
#249940000
0!
0'
#249950000
1!
1'
b11001101 7
#249960000
0!
0'
#249970000
1!
1'
b11001110 7
#249980000
0!
0'
#249990000
1!
1'
b11001111 7
#250000000
0!
0'
#250010000
1!
1'
b11010000 7
#250020000
0!
0'
#250030000
1!
1'
b11010001 7
#250040000
0!
0'
#250050000
1!
1'
b11010010 7
#250060000
0!
0'
#250070000
1!
1'
b11010011 7
#250080000
0!
0'
#250090000
1!
1'
b11010100 7
#250100000
0!
0'
#250110000
1!
1'
b11010101 7
#250120000
0!
0'
#250130000
1!
1'
b11010110 7
#250140000
0!
0'
#250150000
1!
1'
b11010111 7
#250160000
0!
0'
#250170000
1!
1'
b11011000 7
#250180000
0!
0'
#250190000
1!
1'
b11011001 7
#250200000
0!
0'
#250210000
1!
1'
b11011010 7
#250220000
0!
0'
#250230000
1!
1'
b11011011 7
#250240000
0!
0'
#250250000
1!
1'
b11011100 7
#250260000
0!
0'
#250270000
1!
1'
b11011101 7
#250280000
0!
0'
#250290000
1!
1'
b11011110 7
#250300000
0!
0'
#250310000
1!
1'
b11011111 7
#250320000
0!
0'
#250330000
1!
1'
b11100000 7
#250340000
0!
0'
#250350000
1!
1'
b11100001 7
#250360000
0!
0'
#250370000
1!
1'
b11100010 7
#250380000
0!
0'
#250390000
1!
1'
b11100011 7
#250400000
0!
0'
#250410000
1!
1'
b11100100 7
#250420000
0!
0'
#250430000
1!
1'
b11100101 7
#250440000
0!
0'
#250450000
1!
1'
b11100110 7
#250460000
0!
0'
#250470000
1!
1'
b11100111 7
#250480000
0!
0'
#250490000
1!
1'
b11101000 7
#250500000
0!
0'
#250510000
1!
1'
b11101001 7
#250520000
0!
0'
#250530000
1!
1'
b11101010 7
#250540000
0!
0'
#250550000
1!
1'
b11101011 7
#250560000
0!
0'
#250570000
1!
1'
b11101100 7
#250580000
0!
0'
#250590000
1!
1'
b11101101 7
#250600000
0!
0'
#250610000
1!
1'
b11101110 7
#250620000
0!
0'
#250630000
1!
1'
b11101111 7
#250640000
0!
0'
#250650000
1!
1'
b11110000 7
#250660000
0!
0'
#250670000
1!
1'
b11110001 7
#250680000
0!
0'
#250690000
1!
1'
b11110010 7
#250700000
0!
0'
#250710000
1!
1'
b11110011 7
#250720000
0!
0'
#250730000
1!
1'
b11110100 7
#250740000
0!
0'
#250750000
1!
1'
b11110101 7
#250760000
0!
0'
#250770000
1!
1'
b11110110 7
#250780000
0!
0'
#250790000
1!
1'
b11110111 7
#250800000
0!
0'
#250810000
1!
1'
b11111000 7
#250820000
0!
0'
#250830000
1!
1'
b11111001 7
#250840000
0!
0'
#250850000
1!
1'
b11111010 7
#250860000
0!
0'
#250870000
1!
1'
b11111011 7
#250880000
0!
0'
#250890000
1!
1'
b11111100 7
#250900000
0!
0'
#250910000
1!
1'
b11111101 7
#250920000
0!
0'
#250930000
1!
1'
b11111110 7
#250940000
0!
0'
#250950000
1!
1'
b11111111 7
#250960000
0!
0'
#250970000
1!
1'
b100000000 7
#250980000
0!
0'
#250990000
1!
1'
b100000001 7
#251000000
0!
0'
#251010000
1!
1'
b100000010 7
#251020000
0!
0'
#251030000
1!
1'
b100000011 7
#251040000
0!
0'
#251050000
1!
1'
b100000100 7
#251060000
0!
0'
#251070000
1!
1'
b100000101 7
#251080000
0!
0'
#251090000
1!
1'
b100000110 7
#251100000
0!
0'
#251110000
1!
1'
b100000111 7
#251120000
0!
0'
#251130000
1!
1'
b100001000 7
#251140000
0!
0'
#251150000
1!
1'
b100001001 7
#251160000
0!
0'
#251170000
1!
1'
b100001010 7
#251180000
0!
0'
#251190000
1!
1'
b100001011 7
#251200000
0!
0'
#251210000
1!
1'
b100001100 7
#251220000
0!
0'
#251230000
1!
1'
b100001101 7
#251240000
0!
0'
#251250000
1!
1'
b100001110 7
#251260000
0!
0'
#251270000
1!
1'
b100001111 7
#251280000
0!
0'
#251290000
1!
1'
b100010000 7
#251300000
0!
0'
#251310000
1!
1'
b100010001 7
#251320000
0!
0'
#251330000
1!
1'
b100010010 7
#251340000
0!
0'
#251350000
1!
1'
b100010011 7
#251360000
0!
0'
#251370000
1!
1'
b100010100 7
#251380000
0!
0'
#251390000
1!
1'
b100010101 7
#251400000
0!
0'
#251410000
1!
1'
b100010110 7
#251420000
0!
0'
#251430000
1!
1'
b100010111 7
#251440000
0!
0'
#251450000
1!
1'
b100011000 7
#251460000
0!
0'
#251470000
1!
1'
b100011001 7
#251480000
0!
0'
#251490000
1!
1'
b100011010 7
#251500000
0!
0'
#251510000
1!
1'
b100011011 7
#251520000
0!
0'
#251530000
1!
1'
b100011100 7
#251540000
0!
0'
#251550000
1!
1'
b100011101 7
#251560000
0!
0'
#251570000
1!
1'
b100011110 7
#251580000
0!
0'
#251590000
1!
1'
b100011111 7
#251600000
0!
0'
#251610000
1!
1'
b100100000 7
#251620000
0!
0'
#251630000
1!
1'
b100100001 7
#251640000
0!
0'
#251650000
1!
1'
b100100010 7
#251660000
0!
0'
#251670000
1!
1'
b100100011 7
#251680000
0!
0'
#251690000
1!
1'
b100100100 7
#251700000
0!
0'
#251710000
1!
1'
b100100101 7
#251720000
0!
0'
#251730000
1!
1'
b100100110 7
#251740000
0!
0'
#251750000
1!
1'
b100100111 7
#251760000
0!
0'
#251770000
1!
1'
b100101000 7
#251780000
0!
0'
#251790000
1!
1'
b100101001 7
#251800000
0!
0'
#251810000
1!
1'
b100101010 7
#251820000
0!
0'
#251830000
1!
1'
b100101011 7
#251840000
0!
0'
#251850000
1!
1'
b100101100 7
#251860000
0!
0'
#251870000
1!
1'
b100101101 7
#251880000
0!
0'
#251890000
1!
1'
b100101110 7
#251900000
0!
0'
#251910000
1!
1'
b100101111 7
#251920000
0!
0'
#251930000
1!
1'
b100110000 7
#251940000
0!
0'
#251950000
1!
1'
b100110001 7
#251960000
0!
0'
#251970000
1!
1'
b100110010 7
#251980000
0!
0'
#251990000
1!
1'
b100110011 7
#252000000
0!
0'
#252010000
1!
1'
b100110100 7
#252020000
0!
0'
#252030000
1!
1'
b100110101 7
#252040000
0!
0'
#252050000
1!
1'
b100110110 7
#252060000
0!
0'
#252070000
1!
1'
b100110111 7
#252080000
0!
0'
#252090000
1!
1'
b100111000 7
#252100000
0!
0'
#252110000
1!
1'
b100111001 7
#252120000
0!
0'
#252130000
1!
1'
b100111010 7
#252140000
0!
0'
#252150000
1!
1'
b100111011 7
#252160000
0!
0'
#252170000
1!
1'
b100111100 7
#252180000
0!
0'
#252190000
1!
1'
b100111101 7
#252200000
0!
0'
#252210000
1!
1'
b100111110 7
#252220000
0!
0'
#252230000
1!
1'
b100111111 7
#252240000
0!
0'
#252250000
1!
1'
b101000000 7
#252260000
0!
0'
#252270000
1!
1'
b101000001 7
#252280000
0!
0'
#252290000
1!
1'
b101000010 7
#252300000
0!
0'
#252310000
1!
1'
b101000011 7
#252320000
0!
0'
#252330000
1!
1'
b101000100 7
#252340000
0!
0'
#252350000
1!
1'
b101000101 7
#252360000
0!
0'
#252370000
1!
1'
b101000110 7
#252380000
0!
0'
#252390000
1!
1'
b101000111 7
#252400000
0!
0'
#252410000
1!
1'
b101001000 7
#252420000
0!
0'
#252430000
1!
1'
b101001001 7
#252440000
0!
0'
#252450000
1!
1'
b101001010 7
#252460000
0!
0'
#252470000
1!
1'
b101001011 7
#252480000
0!
0'
#252490000
1!
1'
b101001100 7
#252500000
0!
0'
#252510000
1!
1'
b101001101 7
#252520000
0!
0'
#252530000
1!
1'
b101001110 7
#252540000
0!
0'
#252550000
1!
1'
b101001111 7
#252560000
0!
0'
#252570000
1!
1'
b101010000 7
#252580000
0!
0'
#252590000
1!
1'
b101010001 7
#252600000
0!
0'
#252610000
1!
1'
b101010010 7
#252620000
0!
0'
#252630000
1!
1'
b101010011 7
#252640000
0!
0'
#252650000
1!
1'
b101010100 7
#252660000
0!
0'
#252670000
1!
1'
b101010101 7
#252680000
0!
0'
#252690000
1!
1'
b101010110 7
#252700000
0!
0'
#252710000
1!
1'
b101010111 7
#252720000
0!
0'
#252730000
1!
1'
b101011000 7
#252740000
0!
0'
#252750000
1!
1'
b101011001 7
#252760000
0!
0'
#252770000
1!
1'
b101011010 7
#252780000
0!
0'
#252790000
1!
1'
b101011011 7
#252800000
0!
0'
#252810000
1!
1'
b101011100 7
#252820000
0!
0'
#252830000
1!
1'
b101011101 7
#252840000
0!
0'
#252850000
1!
1'
b101011110 7
#252860000
0!
0'
#252870000
1!
1'
b101011111 7
#252880000
0!
0'
#252890000
1!
1'
b101100000 7
#252900000
0!
0'
#252910000
1!
1'
b101100001 7
#252920000
0!
0'
#252930000
1!
1'
b101100010 7
#252940000
0!
0'
#252950000
1!
1'
b101100011 7
#252960000
0!
0'
#252970000
1!
1'
b101100100 7
#252980000
0!
0'
#252990000
1!
1'
b101100101 7
#253000000
0!
0'
#253010000
1!
1'
b101100110 7
#253020000
0!
0'
#253030000
1!
1'
b101100111 7
#253040000
0!
0'
#253050000
1!
1'
b101101000 7
#253060000
0!
0'
#253070000
1!
1'
b101101001 7
#253080000
0!
0'
#253090000
1!
1'
b101101010 7
#253100000
0!
0'
#253110000
1!
1'
b101101011 7
#253120000
0!
0'
#253130000
1!
1'
b101101100 7
#253140000
0!
0'
#253150000
1!
1'
b101101101 7
#253160000
0!
0'
#253170000
1!
1'
b101101110 7
#253180000
0!
0'
#253190000
1!
1'
b101101111 7
#253200000
0!
0'
#253210000
1!
1'
b101110000 7
#253220000
0!
0'
#253230000
1!
1'
b101110001 7
#253240000
0!
0'
#253250000
1!
1'
b101110010 7
#253260000
0!
0'
#253270000
1!
1'
b101110011 7
#253280000
0!
0'
#253290000
1!
1'
b101110100 7
#253300000
0!
0'
#253310000
1!
1'
b101110101 7
#253320000
0!
0'
#253330000
1!
1'
b101110110 7
#253340000
0!
0'
#253350000
1!
1'
b101110111 7
#253360000
0!
0'
#253370000
1!
1'
b101111000 7
#253380000
0!
0'
#253390000
1!
1'
b101111001 7
#253400000
0!
0'
#253410000
1!
1'
b101111010 7
#253420000
0!
0'
#253430000
1!
1'
b101111011 7
#253440000
0!
0'
#253450000
1!
1'
b101111100 7
#253460000
0!
0'
#253470000
1!
1'
b101111101 7
#253480000
0!
0'
#253490000
1!
1'
b101111110 7
#253500000
0!
0'
#253510000
1!
1'
b101111111 7
#253520000
0!
0'
#253530000
1!
1'
b110000000 7
#253540000
0!
0'
#253550000
1!
1'
b110000001 7
#253560000
0!
0'
#253570000
1!
1'
b110000010 7
#253580000
0!
0'
#253590000
1!
1'
b110000011 7
#253600000
0!
0'
#253610000
1!
1'
b110000100 7
#253620000
0!
0'
#253630000
1!
1'
b110000101 7
#253640000
0!
0'
#253650000
1!
1'
b110000110 7
#253660000
0!
0'
#253670000
1!
1'
b110000111 7
#253680000
0!
0'
#253690000
1!
1'
b110001000 7
#253700000
0!
0'
#253710000
1!
1'
b110001001 7
#253720000
0!
0'
#253730000
1!
1'
b110001010 7
#253740000
0!
0'
#253750000
1!
1'
b110001011 7
#253760000
0!
0'
#253770000
1!
1'
b110001100 7
#253780000
0!
0'
#253790000
1!
1'
b110001101 7
#253800000
0!
0'
#253810000
1!
1'
b110001110 7
#253820000
0!
0'
#253830000
1!
1'
b110001111 7
#253840000
0!
0'
#253850000
1!
1'
b110010000 7
#253860000
0!
0'
#253870000
1!
1'
b110010001 7
#253880000
0!
0'
#253890000
1!
1'
b110010010 7
#253900000
0!
0'
#253910000
1!
1'
b110010011 7
#253920000
0!
0'
#253930000
1!
1'
b110010100 7
#253940000
0!
0'
#253950000
1!
1'
b110010101 7
#253960000
0!
0'
#253970000
1!
1'
b110010110 7
#253980000
0!
0'
#253990000
1!
1'
b110010111 7
#254000000
0!
0'
#254010000
1!
1'
b110011000 7
#254020000
0!
0'
#254030000
1!
1'
b110011001 7
#254040000
0!
0'
#254050000
1!
1'
b110011010 7
#254060000
0!
0'
#254070000
1!
1'
b110011011 7
#254080000
0!
0'
#254090000
1!
1'
b110011100 7
#254100000
0!
0'
#254110000
1!
1'
b110011101 7
#254120000
0!
0'
#254130000
1!
1'
b110011110 7
#254140000
0!
0'
#254150000
1!
1'
b110011111 7
#254160000
0!
0'
#254170000
1!
1'
b110100000 7
#254180000
0!
0'
#254190000
1!
1'
b110100001 7
#254200000
0!
0'
#254210000
1!
1'
b110100010 7
#254220000
0!
0'
#254230000
1!
1'
b110100011 7
#254240000
0!
0'
#254250000
1!
1'
b110100100 7
#254260000
0!
0'
#254270000
1!
1'
b110100101 7
#254280000
0!
0'
#254290000
1!
1'
b110100110 7
#254300000
0!
0'
#254310000
1!
1'
b110100111 7
#254320000
0!
0'
#254330000
1!
1'
b110101000 7
#254340000
0!
0'
#254350000
1!
1'
b110101001 7
#254360000
0!
0'
#254370000
1!
1'
b110101010 7
#254380000
0!
0'
#254390000
1!
1'
b110101011 7
#254400000
0!
0'
#254410000
1!
1'
b110101100 7
#254420000
0!
0'
#254430000
1!
1'
b110101101 7
#254440000
0!
0'
#254450000
1!
1'
b110101110 7
#254460000
0!
0'
#254470000
1!
1'
b110101111 7
#254480000
0!
0'
#254490000
1!
1'
b110110000 7
#254500000
0!
0'
#254510000
1!
1'
b110110001 7
#254520000
0!
0'
#254530000
1!
1'
b110110010 7
#254540000
0!
0'
#254550000
1!
1'
b110110011 7
#254560000
0!
0'
#254570000
1!
1'
b110110100 7
#254580000
0!
0'
#254590000
1!
1'
b110110101 7
#254600000
0!
0'
#254610000
1!
1'
b110110110 7
#254620000
0!
0'
#254630000
1!
1'
b110110111 7
#254640000
0!
0'
#254650000
1!
1'
b110111000 7
#254660000
0!
0'
#254670000
1!
1'
b110111001 7
#254680000
0!
0'
#254690000
1!
1'
b110111010 7
#254700000
0!
0'
#254710000
1!
1'
b110111011 7
#254720000
0!
0'
#254730000
1!
1'
b110111100 7
#254740000
0!
0'
#254750000
1!
1'
b110111101 7
#254760000
0!
0'
#254770000
1!
1'
b110111110 7
#254780000
0!
0'
#254790000
1!
1'
b110111111 7
#254800000
0!
0'
#254810000
1!
1'
b111000000 7
#254820000
0!
0'
#254830000
1!
1'
b111000001 7
#254840000
0!
0'
#254850000
1!
1'
b111000010 7
#254860000
0!
0'
#254870000
1!
1'
b111000011 7
#254880000
0!
0'
#254890000
1!
1'
b111000100 7
#254900000
0!
0'
#254910000
1!
1'
b111000101 7
#254920000
0!
0'
#254930000
1!
1'
b111000110 7
#254940000
0!
0'
#254950000
1!
1'
b111000111 7
#254960000
0!
0'
#254970000
1!
1'
b111001000 7
#254980000
0!
0'
#254990000
1!
1'
b111001001 7
#255000000
0!
0'
#255010000
1!
1'
b111001010 7
#255020000
0!
0'
#255030000
1!
1'
b111001011 7
#255040000
0!
0'
#255050000
1!
1'
b111001100 7
#255060000
0!
0'
#255070000
1!
1'
b111001101 7
#255080000
0!
0'
#255090000
1!
1'
b111001110 7
#255100000
0!
0'
#255110000
1!
1'
b111001111 7
#255120000
0!
0'
#255130000
1!
1'
b111010000 7
#255140000
0!
0'
#255150000
1!
1'
b111010001 7
#255160000
0!
0'
#255170000
1!
1'
b111010010 7
#255180000
0!
0'
#255190000
1!
1'
b111010011 7
#255200000
0!
0'
#255210000
1!
1'
b111010100 7
#255220000
0!
0'
#255230000
1!
1'
b111010101 7
#255240000
0!
0'
#255250000
1!
1'
b111010110 7
#255260000
0!
0'
#255270000
1!
1'
b111010111 7
#255280000
0!
0'
#255290000
1!
1'
b111011000 7
#255300000
0!
0'
#255310000
1!
1'
b111011001 7
#255320000
0!
0'
#255330000
1!
1'
b111011010 7
#255340000
0!
0'
#255350000
1!
1'
b111011011 7
#255360000
0!
0'
#255370000
1!
1'
b111011100 7
#255380000
0!
0'
#255390000
1!
1'
b111011101 7
#255400000
0!
0'
#255410000
1!
1'
b111011110 7
#255420000
0!
0'
#255430000
1!
1'
b111011111 7
#255440000
0!
0'
#255450000
1!
1'
b111100000 7
#255460000
0!
0'
#255470000
1!
1'
b111100001 7
#255480000
0!
0'
#255490000
1!
1'
b111100010 7
#255500000
0!
0'
#255510000
1!
1'
b111100011 7
#255520000
0!
0'
#255530000
1!
1'
b111100100 7
#255540000
0!
0'
#255550000
1!
1'
b111100101 7
#255560000
0!
0'
#255570000
1!
1'
b111100110 7
#255580000
0!
0'
#255590000
1!
1'
b111100111 7
#255600000
0!
0'
#255610000
1!
1'
b111101000 7
#255620000
0!
0'
#255630000
1!
1'
b111101001 7
#255640000
0!
0'
#255650000
1!
1'
b111101010 7
#255660000
0!
0'
#255670000
1!
1'
b111101011 7
#255680000
0!
0'
#255690000
1!
1'
b111101100 7
#255700000
0!
0'
#255710000
1!
1'
b111101101 7
#255720000
0!
0'
#255730000
1!
1'
b111101110 7
#255740000
0!
0'
#255750000
1!
1'
b111101111 7
#255760000
0!
0'
#255770000
1!
1'
b111110000 7
#255780000
0!
0'
#255790000
1!
1'
b111110001 7
#255800000
0!
0'
#255810000
1!
1'
b111110010 7
#255820000
0!
0'
#255830000
1!
1'
b111110011 7
#255840000
0!
0'
#255850000
1!
1'
b111110100 7
#255860000
0!
0'
#255870000
1!
1'
b111110101 7
#255880000
0!
0'
#255890000
1!
1'
b111110110 7
#255900000
0!
0'
#255910000
1!
1'
b111110111 7
#255920000
0!
0'
#255930000
1!
1'
b111111000 7
#255940000
0!
0'
#255950000
1!
1'
b111111001 7
#255960000
0!
0'
#255970000
1!
1'
b111111010 7
#255980000
0!
0'
#255990000
1!
1'
b111111011 7
#256000000
0!
0'
#256010000
1!
1'
b111111100 7
#256020000
0!
0'
#256030000
1!
1'
b111111101 7
#256040000
0!
0'
#256050000
1!
1'
b111111110 7
#256060000
0!
0'
#256070000
1!
1'
b111111111 7
#256080000
0!
0'
#256090000
1!
1'
b1000000000 7
#256100000
0!
0'
#256110000
1!
1'
b1000000001 7
#256120000
0!
0'
#256130000
1!
1'
b1000000010 7
#256140000
0!
0'
#256150000
1!
1'
b1000000011 7
#256160000
0!
0'
#256170000
1!
1'
b1000000100 7
#256180000
0!
0'
#256190000
1!
1'
b1000000101 7
#256200000
0!
0'
#256210000
1!
1'
b1000000110 7
#256220000
0!
0'
#256230000
1!
1'
b1000000111 7
#256240000
0!
0'
#256250000
1!
1'
b1000001000 7
#256260000
0!
0'
#256270000
1!
1'
b1000001001 7
#256280000
0!
0'
#256290000
1!
1'
b1000001010 7
#256300000
0!
0'
#256310000
1!
1'
b1000001011 7
#256320000
0!
0'
#256330000
1!
1'
b1000001100 7
#256340000
0!
0'
#256350000
1!
1'
b1000001101 7
#256360000
0!
0'
#256370000
1!
1'
b1000001110 7
#256380000
0!
0'
#256390000
1!
1'
b1000001111 7
#256400000
0!
0'
#256410000
1!
1'
b1000010000 7
#256420000
0!
0'
#256430000
1!
1'
b1000010001 7
#256440000
0!
0'
#256450000
1!
1'
b1000010010 7
#256460000
0!
0'
#256470000
1!
1'
b1000010011 7
#256480000
0!
0'
#256490000
1!
1'
b1000010100 7
#256500000
0!
0'
#256510000
1!
1'
b1000010101 7
#256520000
0!
0'
#256530000
1!
1'
b1000010110 7
#256540000
0!
0'
#256550000
1!
1'
b1000010111 7
#256560000
0!
0'
#256570000
1!
1'
b1000011000 7
#256580000
0!
0'
#256590000
1!
1'
b1000011001 7
#256600000
0!
0'
#256610000
1!
1'
b1000011010 7
#256620000
0!
0'
#256630000
1!
1'
b1000011011 7
#256640000
0!
0'
#256650000
1!
1'
b1000011100 7
#256660000
0!
0'
#256670000
1!
1'
b1000011101 7
#256680000
0!
0'
#256690000
1!
1'
b1000011110 7
#256700000
0!
0'
#256710000
1!
1'
b1000011111 7
#256720000
0!
0'
#256730000
1!
1'
b1000100000 7
#256740000
0!
0'
#256750000
1!
1'
b1000100001 7
#256760000
0!
0'
#256770000
1!
1'
b1000100010 7
#256780000
0!
0'
#256790000
1!
1'
b1000100011 7
#256800000
0!
0'
#256810000
1!
1'
b1000100100 7
#256820000
0!
0'
#256830000
1!
1'
b1000100101 7
#256840000
0!
0'
#256850000
1!
1'
b1000100110 7
#256860000
0!
0'
#256870000
1!
1'
b1000100111 7
#256880000
0!
0'
#256890000
1!
1'
b1000101000 7
#256900000
0!
0'
#256910000
1!
1'
b1000101001 7
#256920000
0!
0'
#256930000
1!
1'
b1000101010 7
#256940000
0!
0'
#256950000
1!
1'
b1000101011 7
#256960000
0!
0'
#256970000
1!
1'
b1000101100 7
#256980000
0!
0'
#256990000
1!
1'
b1000101101 7
#257000000
0!
0'
#257010000
1!
1'
b1000101110 7
#257020000
0!
0'
#257030000
1!
1'
b1000101111 7
#257040000
0!
0'
#257050000
1!
1'
b1000110000 7
#257060000
0!
0'
#257070000
1!
1'
b1000110001 7
#257080000
0!
0'
#257090000
1!
1'
b1000110010 7
#257100000
0!
0'
#257110000
1!
1'
b1000110011 7
#257120000
0!
0'
#257130000
1!
1'
b1000110100 7
#257140000
0!
0'
#257150000
1!
1'
b1000110101 7
#257160000
0!
0'
#257170000
1!
1'
b1000110110 7
#257180000
0!
0'
#257190000
1!
1'
b1000110111 7
#257200000
0!
0'
#257210000
1!
1'
b1000111000 7
#257220000
0!
0'
#257230000
1!
1'
b1000111001 7
#257240000
0!
0'
#257250000
1!
1'
b1000111010 7
#257260000
0!
0'
#257270000
1!
1'
b1000111011 7
#257280000
0!
0'
#257290000
1!
1'
b1000111100 7
#257300000
0!
0'
#257310000
1!
1'
b1000111101 7
#257320000
0!
0'
#257330000
1!
1'
b1000111110 7
#257340000
0!
0'
#257350000
1!
1'
b1000111111 7
#257360000
0!
0'
#257370000
1!
1'
b1001000000 7
#257380000
0!
0'
#257390000
1!
1'
b1001000001 7
#257400000
0!
0'
#257410000
1!
1'
b1001000010 7
#257420000
0!
0'
#257430000
1!
1'
b1001000011 7
#257440000
0!
0'
#257450000
1!
1'
b1001000100 7
#257460000
0!
0'
#257470000
1!
1'
b1001000101 7
#257480000
0!
0'
#257490000
1!
1'
b1001000110 7
#257500000
0!
0'
#257510000
1!
1'
b1001000111 7
#257520000
0!
0'
#257530000
1!
1'
b1001001000 7
#257540000
0!
0'
#257550000
1!
1'
b1001001001 7
#257560000
0!
0'
#257570000
1!
1'
b1001001010 7
#257580000
0!
0'
#257590000
1!
1'
b1001001011 7
#257600000
0!
0'
#257610000
1!
1'
b1001001100 7
#257620000
0!
0'
#257630000
1!
1'
b1001001101 7
#257640000
0!
0'
#257650000
1!
1'
b1001001110 7
#257660000
0!
0'
#257670000
1!
1'
b1001001111 7
#257680000
0!
0'
#257690000
1!
1'
b1001010000 7
#257700000
0!
0'
#257710000
1!
1'
b1001010001 7
#257720000
0!
0'
#257730000
1!
1'
b1001010010 7
#257740000
0!
0'
#257750000
1!
1'
b1001010011 7
#257760000
0!
0'
#257770000
1!
1'
b1001010100 7
#257780000
0!
0'
#257790000
1!
1'
b1001010101 7
#257800000
0!
0'
#257810000
1!
1'
b1001010110 7
#257820000
0!
0'
#257830000
1!
1'
b1001010111 7
#257840000
0!
0'
#257850000
1!
1'
b1001011000 7
#257860000
0!
0'
#257870000
1!
1'
b1001011001 7
#257880000
0!
0'
#257890000
1!
1'
b1001011010 7
#257900000
0!
0'
#257910000
1!
1'
b1001011011 7
#257920000
0!
0'
#257930000
1!
1'
b1001011100 7
#257940000
0!
0'
#257950000
1!
1'
b1001011101 7
#257960000
0!
0'
#257970000
1!
1'
b1001011110 7
#257980000
0!
0'
#257990000
1!
1'
b1001011111 7
#258000000
0!
0'
#258010000
1!
1'
b1001100000 7
#258020000
0!
0'
#258030000
1!
1'
b1001100001 7
#258040000
0!
0'
#258050000
1!
1'
b1001100010 7
#258060000
0!
0'
#258070000
1!
1'
b1001100011 7
#258080000
0!
0'
#258090000
1!
1'
b1001100100 7
#258100000
0!
0'
#258110000
1!
1'
b1001100101 7
#258120000
0!
0'
#258130000
1!
1'
b1001100110 7
#258140000
0!
0'
#258150000
1!
1'
b1001100111 7
#258160000
0!
0'
#258170000
1!
1'
b1001101000 7
#258180000
0!
0'
#258190000
1!
1'
b1001101001 7
#258200000
0!
0'
#258210000
1!
1'
b1001101010 7
#258220000
0!
0'
#258230000
1!
1'
b1001101011 7
#258240000
0!
0'
#258250000
1!
1'
b1001101100 7
#258260000
0!
0'
#258270000
1!
1'
b1001101101 7
#258280000
0!
0'
#258290000
1!
1'
b1001101110 7
#258300000
0!
0'
#258310000
1!
1'
b1001101111 7
#258320000
0!
0'
#258330000
1!
1'
b1001110000 7
#258340000
0!
0'
#258350000
1!
1'
b1001110001 7
#258360000
0!
0'
#258370000
1!
1'
b1001110010 7
#258380000
0!
0'
#258390000
1!
1'
b1001110011 7
#258400000
0!
0'
#258410000
1!
1'
b1001110100 7
#258420000
0!
0'
#258430000
1!
1'
b1001110101 7
#258440000
0!
0'
#258450000
1!
1'
b1001110110 7
#258460000
0!
0'
#258470000
1!
1'
b1001110111 7
#258480000
0!
0'
#258490000
1!
1'
b1001111000 7
#258500000
0!
0'
#258510000
1!
1'
b1001111001 7
#258520000
0!
0'
#258530000
1!
1'
b1001111010 7
#258540000
0!
0'
#258550000
1!
1'
b1001111011 7
#258560000
0!
0'
#258570000
1!
1'
b1001111100 7
#258580000
0!
0'
#258590000
1!
1'
b1001111101 7
#258600000
0!
0'
#258610000
1!
1'
b1001111110 7
#258620000
0!
0'
#258630000
1!
1'
b1001111111 7
#258640000
0!
0'
#258650000
1!
1'
b1010000000 7
#258660000
0!
0'
#258670000
1!
1'
b1010000001 7
#258680000
0!
0'
#258690000
1!
1'
b1010000010 7
#258700000
0!
0'
#258710000
1!
1'
b1010000011 7
#258720000
0!
0'
#258730000
1!
1'
b1010000100 7
#258740000
0!
0'
#258750000
1!
1'
b1010000101 7
#258760000
0!
0'
#258770000
1!
1'
b1010000110 7
#258780000
0!
0'
#258790000
1!
1'
b1010000111 7
#258800000
0!
0'
#258810000
1!
1'
b1010001000 7
#258820000
0!
0'
#258830000
1!
1'
b1010001001 7
#258840000
0!
0'
#258850000
1!
1'
b1010001010 7
#258860000
0!
0'
#258870000
1!
1'
b1010001011 7
#258880000
0!
0'
#258890000
1!
1'
b1010001100 7
#258900000
0!
0'
#258910000
1!
1'
b1010001101 7
#258920000
0!
0'
#258930000
1!
1'
b1010001110 7
#258940000
0!
0'
#258950000
1!
1'
b1010001111 7
#258960000
0!
0'
#258970000
1!
1'
b1010010000 7
#258980000
0!
0'
#258990000
1!
1'
b1010010001 7
#259000000
0!
0'
#259010000
1!
1'
b1010010010 7
#259020000
0!
0'
#259030000
1!
1'
b1010010011 7
#259040000
0!
0'
#259050000
1!
1'
b1010010100 7
#259060000
0!
0'
#259070000
1!
1'
b1010010101 7
#259080000
0!
0'
#259090000
1!
1'
b1010010110 7
#259100000
0!
0'
#259110000
1!
1'
b1010010111 7
#259120000
0!
0'
#259130000
1!
1'
b1010011000 7
#259140000
0!
0'
#259150000
1!
1'
b1010011001 7
#259160000
0!
0'
#259170000
1!
1'
b1010011010 7
#259180000
0!
0'
#259190000
1!
1'
b1010011011 7
#259200000
0!
0'
#259210000
1!
1'
b1010011100 7
#259220000
0!
0'
#259230000
1!
1'
b1010011101 7
#259240000
0!
0'
#259250000
1!
1'
b1010011110 7
#259260000
0!
0'
#259270000
1!
1'
b1010011111 7
#259280000
0!
0'
#259290000
1!
1'
b1010100000 7
#259300000
0!
0'
#259310000
1!
1'
b1010100001 7
#259320000
0!
0'
#259330000
1!
1'
b1010100010 7
#259340000
0!
0'
#259350000
1!
1'
b1010100011 7
#259360000
0!
0'
#259370000
1!
1'
b1010100100 7
#259380000
0!
0'
#259390000
1!
1'
b1010100101 7
#259400000
0!
0'
#259410000
1!
1'
b1010100110 7
#259420000
0!
0'
#259430000
1!
1'
b1010100111 7
#259440000
0!
0'
#259450000
1!
1'
b1010101000 7
#259460000
0!
0'
#259470000
1!
1'
b1010101001 7
#259480000
0!
0'
#259490000
1!
1'
b1010101010 7
#259500000
0!
0'
#259510000
1!
1'
b1010101011 7
#259520000
0!
0'
#259530000
1!
1'
b1010101100 7
#259540000
0!
0'
#259550000
1!
1'
b1010101101 7
#259560000
0!
0'
#259570000
1!
1'
b1010101110 7
#259580000
0!
0'
#259590000
1!
1'
b1010101111 7
#259600000
0!
0'
#259610000
1!
1'
b1010110000 7
#259620000
0!
0'
#259630000
1!
1'
b1010110001 7
#259640000
0!
0'
#259650000
1!
1'
b1010110010 7
#259660000
0!
0'
#259670000
1!
1'
b1010110011 7
#259680000
0!
0'
#259690000
1!
1'
b1010110100 7
#259700000
0!
0'
#259710000
1!
1'
b1010110101 7
#259720000
0!
0'
#259730000
1!
1'
b1010110110 7
#259740000
0!
0'
#259750000
1!
1'
b1010110111 7
#259760000
0!
0'
#259770000
1!
1'
b1010111000 7
#259780000
0!
0'
#259790000
1!
1'
b1010111001 7
#259800000
0!
0'
#259810000
1!
1'
b1010111010 7
#259820000
0!
0'
#259830000
1!
1'
b1010111011 7
#259840000
0!
0'
#259850000
1!
1'
b1010111100 7
#259860000
0!
0'
#259870000
1!
1'
b1010111101 7
#259880000
0!
0'
#259890000
1!
1'
b1010111110 7
#259900000
0!
0'
#259910000
1!
1'
b1010111111 7
#259920000
0!
0'
#259930000
1!
1'
b1011000000 7
#259940000
0!
0'
#259950000
1!
1'
b1011000001 7
#259960000
0!
0'
#259970000
1!
1'
b1011000010 7
#259980000
0!
0'
#259990000
1!
1'
b1011000011 7
#260000000
0!
0'
#260010000
1!
1'
b1011000100 7
#260020000
0!
0'
#260030000
1!
1'
b1011000101 7
#260040000
0!
0'
#260050000
1!
1'
b1011000110 7
#260060000
0!
0'
#260070000
1!
1'
b1011000111 7
#260080000
0!
0'
#260090000
1!
1'
b1011001000 7
#260100000
0!
0'
#260110000
1!
1'
b1011001001 7
#260120000
0!
0'
#260130000
1!
1'
b1011001010 7
#260140000
0!
0'
#260150000
1!
1'
b1011001011 7
#260160000
0!
0'
#260170000
1!
1'
b1011001100 7
#260180000
0!
0'
#260190000
1!
1'
b1011001101 7
#260200000
0!
0'
#260210000
1!
1'
b1011001110 7
#260220000
0!
0'
#260230000
1!
1'
b1011001111 7
#260240000
0!
0'
#260250000
1!
1'
b1011010000 7
#260260000
0!
0'
#260270000
1!
1'
b1011010001 7
#260280000
0!
0'
#260290000
1!
1'
b1011010010 7
#260300000
0!
0'
#260310000
1!
1'
b1011010011 7
#260320000
0!
0'
#260330000
1!
1'
b1011010100 7
#260340000
0!
0'
#260350000
1!
1'
b1011010101 7
#260360000
0!
0'
#260370000
1!
1'
b1011010110 7
#260380000
0!
0'
#260390000
1!
1'
b1011010111 7
#260400000
0!
0'
#260410000
1!
1'
b1011011000 7
#260420000
0!
0'
#260430000
1!
1'
b1011011001 7
#260440000
0!
0'
#260450000
1!
1'
b1011011010 7
#260460000
0!
0'
#260470000
1!
1'
b1011011011 7
#260480000
0!
0'
#260490000
1!
1'
b1011011100 7
#260500000
0!
0'
#260510000
1!
1'
b1011011101 7
#260520000
0!
0'
#260530000
1!
1'
b1011011110 7
#260540000
0!
0'
#260550000
1!
1'
b1011011111 7
#260560000
0!
0'
#260570000
1!
1'
b1011100000 7
#260580000
0!
0'
#260590000
1!
1'
b1011100001 7
#260600000
0!
0'
#260610000
1!
1'
b1011100010 7
#260620000
0!
0'
#260630000
1!
1'
b1011100011 7
#260640000
0!
0'
#260650000
1!
1'
b1011100100 7
#260660000
0!
0'
#260670000
1!
1'
b1011100101 7
#260680000
0!
0'
#260690000
1!
1'
b1011100110 7
#260700000
0!
0'
#260710000
1!
1'
b1011100111 7
#260720000
0!
0'
#260730000
1!
1'
b1011101000 7
#260740000
0!
0'
#260750000
1!
1'
b1011101001 7
#260760000
0!
0'
#260770000
1!
1'
b1011101010 7
#260780000
0!
0'
#260790000
1!
1'
b1011101011 7
#260800000
0!
0'
#260810000
1!
1'
b1011101100 7
#260820000
0!
0'
#260830000
1!
1'
b1011101101 7
#260840000
0!
0'
#260850000
1!
1'
b1011101110 7
#260860000
0!
0'
#260870000
1!
1'
b1011101111 7
#260880000
0!
0'
#260890000
1!
1'
b1011110000 7
#260900000
0!
0'
#260910000
1!
1'
b1011110001 7
#260920000
0!
0'
#260930000
1!
1'
b1011110010 7
#260940000
0!
0'
#260950000
1!
1'
b1011110011 7
#260960000
0!
0'
#260970000
1!
1'
b1011110100 7
#260980000
0!
0'
#260990000
1!
1'
b1011110101 7
#261000000
0!
0'
#261010000
1!
1'
b1011110110 7
#261020000
0!
0'
#261030000
1!
1'
b1011110111 7
#261040000
0!
0'
#261050000
1!
1'
b1011111000 7
#261060000
0!
0'
#261070000
1!
1'
b1011111001 7
#261080000
0!
0'
#261090000
1!
1'
b1011111010 7
#261100000
0!
0'
#261110000
1!
1'
b1011111011 7
#261120000
0!
0'
#261130000
1!
1'
b1011111100 7
#261140000
0!
0'
#261150000
1!
1'
b1011111101 7
#261160000
0!
0'
#261170000
1!
1'
b1011111110 7
#261180000
0!
0'
#261190000
1!
1'
b1011111111 7
#261200000
0!
0'
#261210000
1!
1'
b1100000000 7
#261220000
0!
0'
#261230000
1!
1'
b1100000001 7
#261240000
0!
0'
#261250000
1!
1'
b1100000010 7
#261260000
0!
0'
#261270000
1!
1'
b1100000011 7
#261280000
0!
0'
#261290000
1!
1'
b1100000100 7
#261300000
0!
0'
#261310000
1!
1'
b1100000101 7
#261320000
0!
0'
#261330000
1!
1'
b1100000110 7
#261340000
0!
0'
#261350000
1!
1'
b1100000111 7
#261360000
0!
0'
#261370000
1!
1'
b1100001000 7
#261380000
0!
0'
#261390000
1!
1'
b1100001001 7
#261400000
0!
0'
#261410000
1!
1'
b1100001010 7
#261420000
0!
0'
#261430000
1!
1'
b1100001011 7
#261440000
0!
0'
#261450000
1!
1'
b1100001100 7
#261460000
0!
0'
#261470000
1!
1'
b1100001101 7
#261480000
0!
0'
#261490000
1!
1'
b1100001110 7
#261500000
0!
0'
#261510000
1!
1'
b1100001111 7
#261520000
0!
0'
#261530000
1!
1'
b1100010000 7
#261540000
0!
0'
#261550000
1!
1'
b1100010001 7
#261560000
0!
0'
#261570000
1!
1'
b1100010010 7
#261580000
0!
0'
#261590000
1!
1'
b1100010011 7
#261600000
0!
0'
#261610000
1!
1'
b1100010100 7
#261620000
0!
0'
#261630000
1!
1'
b1100010101 7
#261640000
0!
0'
#261650000
1!
1'
b1100010110 7
#261660000
0!
0'
#261670000
1!
1'
b1100010111 7
#261680000
0!
0'
#261690000
1!
1'
b1100011000 7
#261700000
0!
0'
#261710000
1!
1'
b1100011001 7
#261720000
0!
0'
#261730000
1!
1'
b1100011010 7
#261740000
0!
0'
#261750000
1!
1'
b1100011011 7
#261760000
0!
0'
#261770000
1!
1'
b1100011100 7
#261780000
0!
0'
#261790000
1!
1'
b1100011101 7
#261800000
0!
0'
#261810000
1!
1'
b1100011110 7
#261820000
0!
0'
#261830000
1!
1'
b1100011111 7
#261840000
0!
0'
#261850000
1!
1'
b1100100000 7
#261860000
0!
0'
#261870000
1!
1'
b1100100001 7
#261880000
0!
0'
#261890000
1!
1'
b1100100010 7
#261900000
0!
0'
#261910000
1!
1'
b1100100011 7
#261920000
0!
0'
#261930000
1!
1'
b1100100100 7
#261940000
0!
0'
#261950000
1!
1'
b1100100101 7
#261960000
0!
0'
#261970000
1!
1'
b1100100110 7
#261980000
0!
0'
#261990000
1!
1'
b1100100111 7
#262000000
0!
0'
#262010000
1!
1'
b1100101000 7
#262020000
0!
0'
#262030000
1!
1'
b1100101001 7
#262040000
0!
0'
#262050000
1!
1'
b1100101010 7
#262060000
0!
0'
#262070000
1!
1'
b1100101011 7
#262080000
0!
0'
#262090000
1!
1'
b1100101100 7
#262100000
0!
0'
#262110000
1!
1'
b1100101101 7
#262120000
0!
0'
#262130000
1!
1'
b1100101110 7
#262140000
0!
0'
#262150000
1!
1'
b1100101111 7
#262160000
0!
0'
#262170000
1!
1'
b1100110000 7
#262180000
0!
0'
#262190000
1!
1'
b1100110001 7
#262200000
0!
0'
#262210000
1!
1'
b1100110010 7
#262220000
0!
0'
#262230000
1!
1'
b1100110011 7
#262240000
0!
0'
#262250000
1!
1'
b1100110100 7
#262260000
0!
0'
#262270000
1!
1'
b1100110101 7
#262280000
0!
0'
#262290000
1!
1'
b1100110110 7
#262300000
0!
0'
#262310000
1!
1'
b1100110111 7
#262320000
0!
0'
#262330000
1!
1'
b1100111000 7
#262340000
0!
0'
#262350000
1!
1'
b1100111001 7
#262360000
0!
0'
#262370000
1!
1'
b1100111010 7
#262380000
0!
0'
#262390000
1!
1'
b1100111011 7
#262400000
0!
0'
#262410000
1!
1'
b1100111100 7
#262420000
0!
0'
#262430000
1!
1'
b1100111101 7
#262440000
0!
0'
#262450000
1!
1'
b1100111110 7
#262460000
0!
0'
#262470000
1!
1'
b1100111111 7
#262480000
0!
0'
#262490000
1!
1'
b1101000000 7
#262500000
0!
0'
#262510000
1!
1'
b1101000001 7
#262520000
0!
0'
#262530000
1!
1'
b1101000010 7
#262540000
0!
0'
#262550000
1!
1'
b1101000011 7
#262560000
0!
0'
#262570000
1!
1'
b1101000100 7
#262580000
0!
0'
#262590000
1!
1'
b1101000101 7
#262600000
0!
0'
#262610000
1!
1'
b1101000110 7
#262620000
0!
0'
#262630000
1!
1'
b1101000111 7
#262640000
0!
0'
#262650000
1!
1'
b1101001000 7
#262660000
0!
0'
#262670000
1!
1'
b1101001001 7
#262680000
0!
0'
#262690000
1!
1'
b1101001010 7
#262700000
0!
0'
#262710000
1!
1'
b1101001011 7
#262720000
0!
0'
#262730000
1!
1'
b1101001100 7
#262740000
0!
0'
#262750000
1!
1'
b1101001101 7
#262760000
0!
0'
#262770000
1!
1'
b1101001110 7
#262780000
0!
0'
#262790000
1!
1'
b1101001111 7
#262800000
0!
0'
#262810000
1!
1'
b1101010000 7
#262820000
0!
0'
#262830000
1!
1'
b1101010001 7
#262840000
0!
0'
#262850000
1!
1'
b1101010010 7
#262860000
0!
0'
#262870000
1!
1'
b1101010011 7
#262880000
0!
0'
#262890000
1!
1'
b1101010100 7
#262900000
0!
0'
#262910000
1!
1'
b1101010101 7
#262920000
0!
0'
#262930000
1!
1'
b1101010110 7
#262940000
0!
0'
#262950000
1!
1'
b1101010111 7
#262960000
0!
0'
#262970000
1!
1'
b1101011000 7
#262980000
0!
0'
#262990000
1!
1'
b1101011001 7
#263000000
0!
0'
#263010000
1!
1'
b1101011010 7
#263020000
0!
0'
#263030000
1!
1'
b1101011011 7
#263040000
0!
0'
#263050000
1!
1'
b1101011100 7
#263060000
0!
0'
#263070000
1!
1'
b1101011101 7
#263080000
0!
0'
#263090000
1!
1'
b1101011110 7
#263100000
0!
0'
#263110000
1!
1'
b1101011111 7
#263120000
0!
0'
#263130000
1!
1'
b1101100000 7
#263140000
0!
0'
#263150000
1!
1'
b1101100001 7
#263160000
0!
0'
#263170000
1!
1'
b1101100010 7
#263180000
0!
0'
#263190000
1!
1'
b1101100011 7
#263200000
0!
0'
#263210000
1!
1'
b1101100100 7
#263220000
0!
0'
#263230000
1!
1'
b1101100101 7
#263240000
0!
0'
#263250000
1!
1'
b1101100110 7
#263260000
0!
0'
#263270000
1!
1'
b1101100111 7
#263280000
0!
0'
#263290000
1!
1'
b1101101000 7
#263300000
0!
0'
#263310000
1!
1'
b1101101001 7
#263320000
0!
0'
#263330000
1!
1'
b1101101010 7
#263340000
0!
0'
#263350000
1!
1'
b1101101011 7
#263360000
0!
0'
#263370000
1!
1'
b1101101100 7
#263380000
0!
0'
#263390000
1!
1'
b1101101101 7
#263400000
0!
0'
#263410000
1!
1'
b1101101110 7
#263420000
0!
0'
#263430000
1!
1'
b1101101111 7
#263440000
0!
0'
#263450000
1!
1'
b1101110000 7
#263460000
0!
0'
#263470000
1!
1'
b1101110001 7
#263480000
0!
0'
#263490000
1!
1'
b1101110010 7
#263500000
0!
0'
#263510000
1!
1'
b1101110011 7
#263520000
0!
0'
#263530000
1!
1'
b1101110100 7
#263540000
0!
0'
#263550000
1!
1'
b1101110101 7
#263560000
0!
0'
#263570000
1!
1'
b1101110110 7
#263580000
0!
0'
#263590000
1!
1'
b1101110111 7
#263600000
0!
0'
#263610000
1!
1'
b1101111000 7
#263620000
0!
0'
#263630000
1!
1'
b1101111001 7
#263640000
0!
0'
#263650000
1!
1'
b1101111010 7
#263660000
0!
0'
#263670000
1!
1'
b1101111011 7
#263680000
0!
0'
#263690000
1!
1'
b1101111100 7
#263700000
0!
0'
#263710000
1!
1'
b1101111101 7
#263720000
0!
0'
#263730000
1!
1'
b1101111110 7
#263740000
0!
0'
#263750000
1!
1'
b1101111111 7
#263760000
0!
0'
#263770000
1!
1'
b1110000000 7
#263780000
0!
0'
#263790000
1!
1'
b1110000001 7
#263800000
0!
0'
#263810000
1!
1'
b1110000010 7
#263820000
0!
0'
#263830000
1!
1'
b1110000011 7
#263840000
0!
0'
#263850000
1!
1'
b1110000100 7
#263860000
0!
0'
#263870000
1!
1'
b1110000101 7
#263880000
0!
0'
#263890000
1!
1'
b1110000110 7
#263900000
0!
0'
#263910000
1!
1'
b1110000111 7
#263920000
0!
0'
#263930000
1!
1'
b1110001000 7
#263940000
0!
0'
#263950000
1!
1'
b1110001001 7
#263960000
0!
0'
#263970000
1!
1'
b1110001010 7
#263980000
0!
0'
#263990000
1!
1'
b1110001011 7
#264000000
0!
0'
#264010000
1!
1'
b1110001100 7
#264020000
0!
0'
#264030000
1!
1'
b1110001101 7
#264040000
0!
0'
#264050000
1!
1'
b1110001110 7
#264060000
0!
0'
#264070000
1!
1'
b1110001111 7
#264080000
0!
0'
#264090000
1!
1'
b1110010000 7
#264100000
0!
0'
#264110000
1!
1'
b1110010001 7
#264120000
0!
0'
#264130000
1!
1'
b1110010010 7
#264140000
0!
0'
#264150000
1!
1'
b1110010011 7
#264160000
0!
0'
#264170000
1!
1'
b1110010100 7
#264180000
0!
0'
#264190000
1!
1'
b1110010101 7
#264200000
0!
0'
#264210000
1!
1'
b1110010110 7
#264220000
0!
0'
#264230000
1!
1'
b1110010111 7
#264240000
0!
0'
#264250000
1!
1'
b1110011000 7
#264260000
0!
0'
#264270000
1!
1'
b1110011001 7
#264280000
0!
0'
#264290000
1!
1'
b1110011010 7
#264300000
0!
0'
#264310000
1!
1'
b1110011011 7
#264320000
0!
0'
#264330000
1!
1'
b1110011100 7
#264340000
0!
0'
#264350000
1!
1'
b1110011101 7
#264360000
0!
0'
#264370000
1!
1'
b1110011110 7
#264380000
0!
0'
#264390000
1!
1'
b1110011111 7
#264400000
0!
0'
#264410000
1!
1'
b1110100000 7
#264420000
0!
0'
#264430000
1!
1'
b1110100001 7
#264440000
0!
0'
#264450000
1!
1'
b1110100010 7
#264460000
0!
0'
#264470000
1!
1'
b1110100011 7
#264480000
0!
0'
#264490000
1!
1'
b1110100100 7
#264500000
0!
0'
#264510000
1!
1'
b1110100101 7
#264520000
0!
0'
#264530000
1!
1'
b1110100110 7
#264540000
0!
0'
#264550000
1!
1'
b1110100111 7
#264560000
0!
0'
#264570000
1!
1'
b1110101000 7
#264580000
0!
0'
#264590000
1!
1'
b1110101001 7
#264600000
0!
0'
#264610000
1!
1'
b1110101010 7
#264620000
0!
0'
#264630000
1!
1'
b1110101011 7
#264640000
0!
0'
#264650000
1!
1'
b1110101100 7
#264660000
0!
0'
#264670000
1!
1'
b1110101101 7
#264680000
0!
0'
#264690000
1!
1'
b1110101110 7
#264700000
0!
0'
#264710000
1!
1'
b1110101111 7
#264720000
0!
0'
#264730000
1!
1'
b1110110000 7
#264740000
0!
0'
#264750000
1!
1'
b1110110001 7
#264760000
0!
0'
#264770000
1!
1'
b1110110010 7
#264780000
0!
0'
#264790000
1!
1'
b1110110011 7
#264800000
0!
0'
#264810000
1!
1'
b1110110100 7
#264820000
0!
0'
#264830000
1!
1'
b1110110101 7
#264840000
0!
0'
#264850000
1!
1'
b1110110110 7
#264860000
0!
0'
#264870000
1!
1'
b1110110111 7
#264880000
0!
0'
#264890000
1!
1'
b1110111000 7
#264900000
0!
0'
#264910000
1!
1'
b1110111001 7
#264920000
0!
0'
#264930000
1!
1'
b1110111010 7
#264940000
0!
0'
#264950000
1!
1'
b1110111011 7
#264960000
0!
0'
#264970000
1!
1'
b1110111100 7
#264980000
0!
0'
#264990000
1!
1'
b1110111101 7
#265000000
0!
0'
#265010000
1!
1'
b1110111110 7
#265020000
0!
0'
#265030000
1!
1'
b1110111111 7
#265040000
0!
0'
#265050000
1!
1'
b1111000000 7
#265060000
0!
0'
#265070000
1!
1'
b1111000001 7
#265080000
0!
0'
#265090000
1!
1'
b1111000010 7
#265100000
0!
0'
#265110000
1!
1'
b1111000011 7
#265120000
0!
0'
#265130000
1!
1'
b1111000100 7
#265140000
0!
0'
#265150000
1!
1'
b1111000101 7
#265160000
0!
0'
#265170000
1!
1'
b1111000110 7
#265180000
0!
0'
#265190000
1!
1'
b1111000111 7
#265200000
0!
0'
#265210000
1!
1'
b1111001000 7
#265220000
0!
0'
#265230000
1!
1'
b1111001001 7
#265240000
0!
0'
#265250000
1!
1'
b1111001010 7
#265260000
0!
0'
#265270000
1!
1'
b1111001011 7
#265280000
0!
0'
#265290000
1!
1'
b1111001100 7
#265300000
0!
0'
#265310000
1!
1'
b1111001101 7
#265320000
0!
0'
#265330000
1!
1'
b1111001110 7
#265340000
0!
0'
#265350000
1!
1'
b1111001111 7
#265360000
0!
0'
#265370000
1!
1'
b1111010000 7
#265380000
0!
0'
#265390000
1!
1'
b1111010001 7
#265400000
0!
0'
#265410000
1!
1'
b1111010010 7
#265420000
0!
0'
#265430000
1!
1'
b1111010011 7
#265440000
0!
0'
#265450000
1!
1'
b1111010100 7
#265460000
0!
0'
#265470000
1!
1'
b1111010101 7
#265480000
0!
0'
#265490000
1!
1'
b1111010110 7
#265500000
0!
0'
#265510000
1!
1'
b1111010111 7
#265520000
0!
0'
#265530000
1!
1'
b1111011000 7
#265540000
0!
0'
#265550000
1!
1'
b1111011001 7
#265560000
0!
0'
#265570000
1!
1'
b1111011010 7
#265580000
0!
0'
#265590000
1!
1'
b1111011011 7
#265600000
0!
0'
#265610000
1!
1'
b1111011100 7
#265620000
0!
0'
#265630000
1!
1'
b1111011101 7
#265640000
0!
0'
#265650000
1!
1'
b1111011110 7
#265660000
0!
0'
#265670000
1!
1'
b1111011111 7
#265680000
0!
0'
#265690000
1!
1'
b1111100000 7
#265700000
0!
0'
#265710000
1!
1'
b1111100001 7
#265720000
0!
0'
#265730000
1!
1'
b1111100010 7
#265740000
0!
0'
#265750000
1!
1'
b1111100011 7
#265760000
0!
0'
#265770000
1!
1'
b1111100100 7
#265780000
0!
0'
#265790000
1!
1'
b1111100101 7
#265800000
0!
0'
#265810000
1!
1'
b1111100110 7
#265820000
0!
0'
#265830000
1!
1'
b1111100111 7
#265840000
0!
0'
#265850000
1!
1'
b1111101000 7
#265860000
0!
0'
#265870000
1!
1'
b1111101001 7
#265880000
0!
0'
#265890000
1!
1'
b1111101010 7
#265900000
0!
0'
#265910000
1!
1'
b1111101011 7
#265920000
0!
0'
#265930000
1!
1'
b1111101100 7
#265940000
0!
0'
#265950000
1!
1'
b1111101101 7
#265960000
0!
0'
#265970000
1!
1'
b1111101110 7
#265980000
0!
0'
#265990000
1!
1'
b1111101111 7
#266000000
0!
0'
#266010000
1!
1'
b1111110000 7
#266020000
0!
0'
#266030000
1!
1'
b1111110001 7
#266040000
0!
0'
#266050000
1!
1'
b1111110010 7
#266060000
0!
0'
#266070000
1!
1'
b1111110011 7
#266080000
0!
0'
#266090000
1!
1'
b1111110100 7
#266100000
0!
0'
#266110000
1!
1'
b1111110101 7
#266120000
0!
0'
#266130000
1!
1'
b1111110110 7
#266140000
0!
0'
#266150000
1!
1'
b1111110111 7
#266160000
0!
0'
#266170000
1!
1'
b1111111000 7
#266180000
0!
0'
#266190000
1!
1'
b1111111001 7
#266200000
0!
0'
#266210000
1!
1'
b1111111010 7
#266220000
0!
0'
#266230000
1!
1'
b1111111011 7
#266240000
0!
0'
#266250000
1!
1'
b1111111100 7
#266260000
0!
0'
#266270000
1!
1'
b1111111101 7
#266280000
0!
0'
#266290000
1!
1'
b1111111110 7
#266300000
0!
0'
#266310000
1!
1'
b1111111111 7
#266320000
0!
0'
#266330000
1!
1'
b10000000000 7
#266340000
0!
0'
#266350000
1!
1'
b10000000001 7
#266360000
0!
0'
#266370000
1!
1'
b10000000010 7
#266380000
0!
0'
#266390000
1!
1'
b10000000011 7
#266400000
0!
0'
#266410000
1!
1'
b10000000100 7
#266420000
0!
0'
#266430000
1!
1'
b10000000101 7
#266440000
0!
0'
#266450000
1!
1'
b10000000110 7
#266460000
0!
0'
#266470000
1!
1'
b10000000111 7
#266480000
0!
0'
#266490000
1!
1'
b10000001000 7
#266500000
0!
0'
#266510000
1!
1'
b10000001001 7
#266520000
0!
0'
#266530000
1!
1'
b10000001010 7
#266540000
0!
0'
#266550000
1!
1'
b10000001011 7
#266560000
0!
0'
#266570000
1!
1'
b10000001100 7
#266580000
0!
0'
#266590000
1!
1'
b10000001101 7
#266600000
0!
0'
#266610000
1!
1'
b10000001110 7
#266620000
0!
0'
#266630000
1!
1'
b10000001111 7
#266640000
0!
0'
#266650000
1!
1'
b10000010000 7
#266660000
0!
0'
#266670000
1!
1'
b10000010001 7
#266680000
0!
0'
#266690000
1!
1'
b10000010010 7
#266700000
0!
0'
#266710000
1!
1'
b10000010011 7
#266720000
0!
0'
#266730000
1!
1'
b10000010100 7
#266740000
0!
0'
#266750000
1!
1'
b10000010101 7
#266760000
0!
0'
#266770000
1!
1'
b10000010110 7
#266780000
0!
0'
#266790000
1!
1'
b10000010111 7
#266800000
0!
0'
#266810000
1!
1'
b10000011000 7
#266820000
0!
0'
#266830000
1!
1'
b10000011001 7
#266840000
0!
0'
#266850000
1!
1'
b10000011010 7
#266860000
0!
0'
#266870000
1!
1'
b10000011011 7
#266880000
0!
0'
#266890000
1!
1'
b10000011100 7
#266900000
0!
0'
#266910000
1!
1'
b10000011101 7
#266920000
0!
0'
#266930000
1!
1'
b10000011110 7
#266940000
0!
0'
#266950000
1!
1'
b10000011111 7
#266960000
0!
0'
#266970000
1!
1'
b10000100000 7
#266980000
0!
0'
#266990000
1!
1'
b10000100001 7
#267000000
0!
0'
#267010000
1!
1'
b10000100010 7
#267020000
0!
0'
#267030000
1!
1'
b10000100011 7
#267040000
0!
0'
#267050000
1!
1'
b10000100100 7
#267060000
0!
0'
#267070000
1!
1'
b10000100101 7
#267080000
0!
0'
#267090000
1!
1'
b10000100110 7
#267100000
0!
0'
#267110000
1!
1'
b10000100111 7
#267120000
0!
0'
#267130000
1!
1'
b10000101000 7
#267140000
0!
0'
#267150000
1!
1'
b10000101001 7
#267160000
0!
0'
#267170000
1!
1'
b10000101010 7
#267180000
0!
0'
#267190000
1!
1'
b10000101011 7
#267200000
0!
0'
#267210000
1!
1'
b10000101100 7
#267220000
0!
0'
#267230000
1!
1'
b10000101101 7
#267240000
0!
0'
#267250000
1!
1'
b10000101110 7
#267260000
0!
0'
#267270000
1!
1'
b10000101111 7
#267280000
0!
0'
#267290000
1!
1'
b10000110000 7
#267300000
0!
0'
#267310000
1!
1'
b10000110001 7
#267320000
0!
0'
#267330000
1!
1'
b10000110010 7
#267340000
0!
0'
#267350000
1!
1'
b10000110011 7
#267360000
0!
0'
#267370000
1!
1'
b10000110100 7
#267380000
0!
0'
#267390000
1!
1'
b10000110101 7
#267400000
0!
0'
#267410000
1!
1'
b10000110110 7
#267420000
0!
0'
#267430000
1!
1'
b10000110111 7
#267440000
0!
0'
#267450000
1!
1'
b10000111000 7
#267460000
0!
0'
#267470000
1!
1'
b10000111001 7
#267480000
0!
0'
#267490000
1!
1'
b10000111010 7
#267500000
0!
0'
#267510000
1!
1'
b10000111011 7
#267520000
0!
0'
#267530000
1!
1'
b10000111100 7
#267540000
0!
0'
#267550000
1!
1'
b10000111101 7
#267560000
0!
0'
#267570000
1!
1'
b10000111110 7
#267580000
0!
0'
#267590000
1!
1'
b10000111111 7
#267600000
0!
0'
#267610000
1!
1'
b10001000000 7
#267620000
0!
0'
#267630000
1!
1'
b10001000001 7
#267640000
0!
0'
#267650000
1!
1'
b10001000010 7
#267660000
0!
0'
#267670000
1!
1'
b10001000011 7
#267680000
0!
0'
#267690000
1!
1'
b10001000100 7
#267700000
0!
0'
#267710000
1!
1'
b10001000101 7
#267720000
0!
0'
#267730000
1!
1'
b10001000110 7
#267740000
0!
0'
#267750000
1!
1'
b10001000111 7
#267760000
0!
0'
#267770000
1!
1'
b10001001000 7
#267780000
0!
0'
#267790000
1!
1'
b10001001001 7
#267800000
0!
0'
#267810000
1!
1'
b10001001010 7
#267820000
0!
0'
#267830000
1!
1'
b10001001011 7
#267840000
0!
0'
#267850000
1!
1'
b10001001100 7
#267860000
0!
0'
#267870000
1!
1'
b10001001101 7
#267880000
0!
0'
#267890000
1!
1'
b10001001110 7
#267900000
0!
0'
#267910000
1!
1'
b10001001111 7
#267920000
0!
0'
#267930000
1!
1'
b10001010000 7
#267940000
0!
0'
#267950000
1!
1'
b10001010001 7
#267960000
0!
0'
#267970000
1!
1'
b10001010010 7
#267980000
0!
0'
#267990000
1!
1'
b10001010011 7
#268000000
0!
0'
#268010000
1!
1'
b10001010100 7
#268020000
0!
0'
#268030000
1!
1'
b10001010101 7
#268040000
0!
0'
#268050000
1!
1'
b10001010110 7
#268060000
0!
0'
#268070000
1!
1'
b10001010111 7
#268080000
0!
0'
#268090000
1!
1'
b10001011000 7
#268100000
0!
0'
#268110000
1!
1'
b10001011001 7
#268120000
0!
0'
#268130000
1!
1'
b10001011010 7
#268140000
0!
0'
#268150000
1!
1'
b10001011011 7
#268160000
0!
0'
#268170000
1!
1'
b10001011100 7
#268180000
0!
0'
#268190000
1!
1'
b10001011101 7
#268200000
0!
0'
#268210000
1!
1'
b10001011110 7
#268220000
0!
0'
#268230000
1!
1'
b10001011111 7
#268240000
0!
0'
#268250000
1!
1'
b10001100000 7
#268260000
0!
0'
#268270000
1!
1'
b10001100001 7
#268280000
0!
0'
#268290000
1!
1'
b10001100010 7
#268300000
0!
0'
#268310000
1!
1'
b10001100011 7
#268320000
0!
0'
#268330000
1!
1'
b10001100100 7
#268340000
0!
0'
#268350000
1!
1'
b10001100101 7
#268360000
0!
0'
#268370000
1!
1'
b10001100110 7
#268380000
0!
0'
#268390000
1!
1'
b10001100111 7
#268400000
0!
0'
#268410000
1!
1'
b10001101000 7
#268420000
0!
0'
#268430000
1!
1'
b10001101001 7
#268440000
0!
0'
#268450000
1!
1'
b10001101010 7
#268460000
0!
0'
#268470000
1!
1'
b10001101011 7
#268480000
0!
0'
#268490000
1!
1'
b10001101100 7
#268500000
0!
0'
#268510000
1!
1'
b10001101101 7
#268520000
0!
0'
#268530000
1!
1'
b10001101110 7
#268540000
0!
0'
#268550000
1!
1'
b10001101111 7
#268560000
0!
0'
#268570000
1!
1'
b10001110000 7
#268580000
0!
0'
#268590000
1!
1'
b10001110001 7
#268600000
0!
0'
#268610000
1!
1'
b10001110010 7
#268620000
0!
0'
#268630000
1!
1'
b10001110011 7
#268640000
0!
0'
#268650000
1!
1'
b10001110100 7
#268660000
0!
0'
#268670000
1!
1'
b10001110101 7
#268680000
0!
0'
#268690000
1!
1'
b10001110110 7
#268700000
0!
0'
#268710000
1!
1'
b10001110111 7
#268720000
0!
0'
#268730000
1!
1'
b10001111000 7
#268740000
0!
0'
#268750000
1!
1'
b10001111001 7
#268760000
0!
0'
#268770000
1!
1'
b10001111010 7
#268780000
0!
0'
#268790000
1!
1'
b10001111011 7
#268800000
0!
0'
#268810000
1!
1'
b10001111100 7
#268820000
0!
0'
#268830000
1!
1'
b10001111101 7
#268840000
0!
0'
#268850000
1!
1'
b10001111110 7
#268860000
0!
0'
#268870000
1!
1'
b10001111111 7
#268880000
0!
0'
#268890000
1!
1'
b10010000000 7
#268900000
0!
0'
#268910000
1!
1'
b10010000001 7
#268920000
0!
0'
#268930000
1!
1'
b10010000010 7
#268940000
0!
0'
#268950000
1!
1'
b10010000011 7
#268960000
0!
0'
#268970000
1!
1'
b10010000100 7
#268980000
0!
0'
#268990000
1!
1'
b10010000101 7
#269000000
0!
0'
#269010000
1!
1'
b10010000110 7
#269020000
0!
0'
#269030000
1!
1'
b10010000111 7
#269040000
0!
0'
#269050000
1!
1'
b10010001000 7
#269060000
0!
0'
#269070000
1!
1'
b10010001001 7
#269080000
0!
0'
#269090000
1!
1'
b10010001010 7
#269100000
0!
0'
#269110000
1!
1'
b10010001011 7
#269120000
0!
0'
#269130000
1!
1'
b10010001100 7
#269140000
0!
0'
#269150000
1!
1'
b10010001101 7
#269160000
0!
0'
#269170000
1!
1'
b10010001110 7
#269180000
0!
0'
#269190000
1!
1'
b10010001111 7
#269200000
0!
0'
#269210000
1!
1'
b10010010000 7
#269220000
0!
0'
#269230000
1!
1'
b10010010001 7
#269240000
0!
0'
#269250000
1!
1'
b10010010010 7
#269260000
0!
0'
#269270000
1!
1'
b10010010011 7
#269280000
0!
0'
#269290000
1!
1'
b10010010100 7
#269300000
0!
0'
#269310000
1!
1'
b10010010101 7
#269320000
0!
0'
#269330000
1!
1'
b10010010110 7
#269340000
0!
0'
#269350000
1!
1'
b10010010111 7
#269360000
0!
0'
#269370000
1!
1'
b10010011000 7
#269380000
0!
0'
#269390000
1!
1'
b10010011001 7
#269400000
0!
0'
#269410000
1!
1'
b10010011010 7
#269420000
0!
0'
#269430000
1!
1'
b10010011011 7
#269440000
0!
0'
#269450000
1!
1'
b10010011100 7
#269460000
0!
0'
#269470000
1!
1'
b10010011101 7
#269480000
0!
0'
#269490000
1!
1'
b10010011110 7
#269500000
0!
0'
#269510000
1!
1'
b10010011111 7
#269520000
0!
0'
#269530000
1!
1'
b10010100000 7
#269540000
0!
0'
#269550000
1!
1'
b10010100001 7
#269560000
0!
0'
#269570000
1!
1'
b10010100010 7
#269580000
0!
0'
#269590000
1!
1'
b10010100011 7
#269600000
0!
0'
#269610000
1!
1'
b10010100100 7
#269620000
0!
0'
#269630000
1!
1'
b10010100101 7
#269640000
0!
0'
#269650000
1!
1'
b10010100110 7
#269660000
0!
0'
#269670000
1!
1'
b10010100111 7
#269680000
0!
0'
#269690000
1!
1'
b10010101000 7
#269700000
0!
0'
#269710000
1!
1'
b10010101001 7
#269720000
0!
0'
#269730000
1!
1'
b10010101010 7
#269740000
0!
0'
#269750000
1!
1'
b10010101011 7
#269760000
0!
0'
#269770000
1!
1'
b10010101100 7
#269780000
0!
0'
#269790000
1!
1'
b10010101101 7
#269800000
0!
0'
#269810000
1!
1'
b10010101110 7
#269820000
0!
0'
#269830000
1!
1'
b10010101111 7
#269840000
0!
0'
#269850000
1!
1'
b10010110000 7
#269860000
0!
0'
#269870000
1!
1'
b10010110001 7
#269880000
0!
0'
#269890000
1!
1'
b10010110010 7
#269900000
0!
0'
#269910000
1!
1'
b10010110011 7
#269920000
0!
0'
#269930000
1!
1'
b10010110100 7
#269940000
0!
0'
#269950000
1!
1'
b10010110101 7
#269960000
0!
0'
#269970000
1!
1'
b10010110110 7
#269980000
0!
0'
#269990000
1!
1'
b10010110111 7
#270000000
0!
0'
#270010000
1!
1'
b10010111000 7
#270020000
0!
0'
#270030000
1!
1'
b10010111001 7
#270040000
0!
0'
#270050000
1!
1'
b10010111010 7
#270060000
0!
0'
#270070000
1!
1'
b10010111011 7
#270080000
0!
0'
#270090000
1!
1'
b10010111100 7
#270100000
0!
0'
#270110000
1!
1'
b10010111101 7
#270120000
0!
0'
#270130000
1!
1'
b10010111110 7
#270140000
0!
0'
#270150000
1!
1'
b10010111111 7
#270160000
0!
0'
#270170000
1!
1'
b10011000000 7
#270180000
0!
0'
#270190000
1!
1'
b10011000001 7
#270200000
0!
0'
#270210000
1!
1'
b10011000010 7
#270220000
0!
0'
#270230000
1!
1'
b10011000011 7
#270240000
0!
0'
#270250000
1!
1'
b10011000100 7
#270260000
0!
0'
#270270000
1!
1'
b10011000101 7
#270280000
0!
0'
#270290000
1!
1'
b10011000110 7
#270300000
0!
0'
#270310000
1!
1'
b10011000111 7
#270320000
0!
0'
#270330000
1!
1'
b10011001000 7
#270340000
0!
0'
#270350000
1!
1'
b10011001001 7
#270360000
0!
0'
#270370000
1!
1'
b10011001010 7
#270380000
0!
0'
#270390000
1!
1'
b10011001011 7
#270400000
0!
0'
#270410000
1!
1'
b10011001100 7
#270420000
0!
0'
#270430000
1!
1'
b10011001101 7
#270440000
0!
0'
#270450000
1!
1'
b10011001110 7
#270460000
0!
0'
#270470000
1!
1'
b10011001111 7
#270480000
0!
0'
#270490000
1!
1'
b10011010000 7
#270500000
0!
0'
#270510000
1!
1'
b10011010001 7
#270520000
0!
0'
#270530000
1!
1'
b10011010010 7
#270540000
0!
0'
#270550000
1!
1'
b10011010011 7
#270560000
0!
0'
#270570000
1!
1'
b10011010100 7
#270580000
0!
0'
#270590000
1!
1'
b10011010101 7
#270600000
0!
0'
#270610000
1!
1'
b10011010110 7
#270620000
0!
0'
#270630000
1!
1'
b10011010111 7
#270640000
0!
0'
#270650000
1!
1'
b10011011000 7
#270660000
0!
0'
#270670000
1!
1'
b10011011001 7
#270680000
0!
0'
#270690000
1!
1'
b10011011010 7
#270700000
0!
0'
#270710000
1!
1'
b10011011011 7
#270720000
0!
0'
#270730000
1!
1'
b10011011100 7
#270740000
0!
0'
#270750000
1!
1'
b10011011101 7
#270760000
0!
0'
#270770000
1!
1'
b10011011110 7
#270780000
0!
0'
#270790000
1!
1'
b10011011111 7
#270800000
0!
0'
#270810000
1!
1'
b10011100000 7
#270820000
0!
0'
#270830000
1!
1'
b10011100001 7
#270840000
0!
0'
#270850000
1!
1'
b10011100010 7
#270860000
0!
0'
#270870000
1!
1'
b10011100011 7
#270880000
0!
0'
#270890000
1!
1'
b10011100100 7
#270900000
0!
0'
#270910000
1!
1'
b10011100101 7
#270920000
0!
0'
#270930000
1!
1'
b10011100110 7
#270940000
0!
0'
#270950000
1!
1'
b10011100111 7
#270960000
0!
0'
#270970000
1!
1'
b10011101000 7
#270980000
0!
0'
#270990000
1!
1'
b10011101001 7
#271000000
0!
0'
#271010000
1!
1'
b10011101010 7
#271020000
0!
0'
#271030000
1!
1'
b10011101011 7
#271040000
0!
0'
#271050000
1!
1'
b10011101100 7
#271060000
0!
0'
#271070000
1!
1'
b10011101101 7
#271080000
0!
0'
#271090000
1!
1'
b10011101110 7
#271100000
0!
0'
#271110000
1!
1'
b10011101111 7
#271120000
0!
0'
#271130000
1!
1'
b10011110000 7
#271140000
0!
0'
#271150000
1!
1'
b10011110001 7
#271160000
0!
0'
#271170000
1!
1'
b10011110010 7
#271180000
0!
0'
#271190000
1!
1'
b10011110011 7
#271200000
0!
0'
#271210000
1!
1'
b10011110100 7
#271220000
0!
0'
#271230000
1!
1'
b10011110101 7
#271240000
0!
0'
#271250000
1!
1'
b10011110110 7
#271260000
0!
0'
#271270000
1!
1'
b10011110111 7
#271280000
0!
0'
#271290000
1!
1'
b10011111000 7
#271300000
0!
0'
#271310000
1!
1'
b10011111001 7
#271320000
0!
0'
#271330000
1!
1'
b10011111010 7
#271340000
0!
0'
#271350000
1!
1'
b10011111011 7
#271360000
0!
0'
#271370000
1!
1'
b10011111100 7
#271380000
0!
0'
#271390000
1!
1'
b10011111101 7
#271400000
0!
0'
#271410000
1!
1'
b10011111110 7
#271420000
0!
0'
#271430000
1!
1'
b10011111111 7
#271440000
0!
0'
#271450000
1!
1'
b10100000000 7
#271460000
0!
0'
#271470000
1!
1'
b10100000001 7
#271480000
0!
0'
#271490000
1!
1'
b10100000010 7
#271500000
0!
0'
#271510000
1!
1'
b10100000011 7
#271520000
0!
0'
#271530000
1!
1'
b10100000100 7
#271540000
0!
0'
#271550000
1!
1'
b10100000101 7
#271560000
0!
0'
#271570000
1!
1'
b10100000110 7
#271580000
0!
0'
#271590000
1!
1'
b10100000111 7
#271600000
0!
0'
#271610000
1!
1'
b10100001000 7
#271620000
0!
0'
#271630000
1!
1'
b10100001001 7
#271640000
0!
0'
#271650000
1!
1'
b10100001010 7
#271660000
0!
0'
#271670000
1!
1'
b10100001011 7
#271680000
0!
0'
#271690000
1!
1'
b10100001100 7
#271700000
0!
0'
#271710000
1!
1'
b10100001101 7
#271720000
0!
0'
#271730000
1!
1'
b10100001110 7
#271740000
0!
0'
#271750000
1!
1'
b10100001111 7
#271760000
0!
0'
#271770000
1!
1'
b10100010000 7
#271780000
0!
0'
#271790000
1!
1'
b10100010001 7
#271800000
0!
0'
#271810000
1!
1'
b10100010010 7
#271820000
0!
0'
#271830000
1!
1'
b10100010011 7
#271840000
0!
0'
#271850000
1!
1'
b10100010100 7
#271860000
0!
0'
#271870000
1!
1'
b10100010101 7
#271880000
0!
0'
#271890000
1!
1'
b10100010110 7
#271900000
0!
0'
#271910000
1!
1'
b10100010111 7
#271920000
0!
0'
#271930000
1!
1'
b10100011000 7
#271940000
0!
0'
#271950000
1!
1'
b10100011001 7
#271960000
0!
0'
#271970000
1!
1'
b10100011010 7
#271980000
0!
0'
#271990000
1!
1'
b10100011011 7
#272000000
0!
0'
#272010000
1!
1'
b10100011100 7
#272020000
0!
0'
#272030000
1!
1'
b10100011101 7
#272040000
0!
0'
#272050000
1!
1'
b10100011110 7
#272060000
0!
0'
#272070000
1!
1'
b10100011111 7
#272080000
0!
0'
#272090000
1!
1'
b10100100000 7
#272100000
0!
0'
#272110000
1!
1'
b10100100001 7
#272120000
0!
0'
#272130000
1!
1'
b10100100010 7
#272140000
0!
0'
#272150000
1!
1'
b10100100011 7
#272160000
0!
0'
#272170000
1!
1'
b10100100100 7
#272180000
0!
0'
#272190000
1!
1'
b10100100101 7
#272200000
0!
0'
#272210000
1!
1'
b10100100110 7
#272220000
0!
0'
#272230000
1!
1'
b10100100111 7
#272240000
0!
0'
#272250000
1!
1'
b10100101000 7
#272260000
0!
0'
#272270000
1!
1'
b10100101001 7
#272280000
0!
0'
#272290000
1!
1'
b10100101010 7
#272300000
0!
0'
#272310000
1!
1'
b10100101011 7
#272320000
0!
0'
#272330000
1!
1'
b10100101100 7
#272340000
0!
0'
#272350000
1!
1'
b10100101101 7
#272360000
0!
0'
#272370000
1!
1'
b10100101110 7
#272380000
0!
0'
#272390000
1!
1'
b10100101111 7
#272400000
0!
0'
#272410000
1!
1'
b10100110000 7
#272420000
0!
0'
#272430000
1!
1'
b10100110001 7
#272440000
0!
0'
#272450000
1!
1'
b10100110010 7
#272460000
0!
0'
#272470000
1!
1'
b10100110011 7
#272480000
0!
0'
#272490000
1!
1'
b10100110100 7
#272500000
0!
0'
#272510000
1!
1'
b10100110101 7
#272520000
0!
0'
#272530000
1!
1'
b10100110110 7
#272540000
0!
0'
#272550000
1!
1'
b10100110111 7
#272560000
0!
0'
#272570000
1!
1'
b10100111000 7
#272580000
0!
0'
#272590000
1!
1'
b10100111001 7
#272600000
0!
0'
#272610000
1!
1'
b10100111010 7
#272620000
0!
0'
#272630000
1!
1'
b10100111011 7
#272640000
0!
0'
#272650000
1!
1'
b10100111100 7
#272660000
0!
0'
#272670000
1!
1'
b10100111101 7
#272680000
0!
0'
#272690000
1!
1'
b10100111110 7
#272700000
0!
0'
#272710000
1!
1'
b10100111111 7
#272720000
0!
0'
#272730000
1!
1'
b10101000000 7
#272740000
0!
0'
#272750000
1!
1'
b10101000001 7
#272760000
0!
0'
#272770000
1!
1'
b10101000010 7
#272780000
0!
0'
#272790000
1!
1'
b10101000011 7
#272800000
0!
0'
#272810000
1!
1'
b10101000100 7
#272820000
0!
0'
#272830000
1!
1'
b10101000101 7
#272840000
0!
0'
#272850000
1!
1'
b10101000110 7
#272860000
0!
0'
#272870000
1!
1'
b10101000111 7
#272880000
0!
0'
#272890000
1!
1'
b10101001000 7
#272900000
0!
0'
#272910000
1!
1'
b10101001001 7
#272920000
0!
0'
#272930000
1!
1'
b10101001010 7
#272940000
0!
0'
#272950000
1!
1'
b10101001011 7
#272960000
0!
0'
#272970000
1!
1'
b10101001100 7
#272980000
0!
0'
#272990000
1!
1'
b10101001101 7
#273000000
0!
0'
#273010000
1!
1'
b10101001110 7
#273020000
0!
0'
#273030000
1!
1'
b10101001111 7
#273040000
0!
0'
#273050000
1!
1'
b10101010000 7
#273060000
0!
0'
#273070000
1!
1'
b10101010001 7
#273080000
0!
0'
#273090000
1!
1'
b10101010010 7
#273100000
0!
0'
#273110000
1!
1'
b10101010011 7
#273120000
0!
0'
#273130000
1!
1'
b10101010100 7
#273140000
0!
0'
#273150000
1!
1'
b10101010101 7
#273160000
0!
0'
#273170000
1!
1'
b10101010110 7
#273180000
0!
0'
#273190000
1!
1'
b10101010111 7
#273200000
0!
0'
#273210000
1!
1'
b10101011000 7
#273220000
0!
0'
#273230000
1!
1'
b10101011001 7
#273240000
0!
0'
#273250000
1!
1'
b10101011010 7
#273260000
0!
0'
#273270000
1!
1'
b10101011011 7
#273280000
0!
0'
#273290000
1!
1'
b10101011100 7
#273300000
0!
0'
#273310000
1!
1'
b10101011101 7
#273320000
0!
0'
#273330000
1!
1'
b10101011110 7
#273340000
0!
0'
#273350000
1!
1'
b10101011111 7
#273360000
0!
0'
#273370000
1!
1'
b10101100000 7
#273380000
0!
0'
#273390000
1!
1'
b10101100001 7
#273400000
0!
0'
#273410000
1!
1'
b10101100010 7
#273420000
0!
0'
#273430000
1!
1'
b10101100011 7
#273440000
0!
0'
#273450000
1!
1'
b10101100100 7
#273460000
0!
0'
#273470000
1!
1'
b10101100101 7
#273480000
0!
0'
#273490000
1!
1'
b10101100110 7
#273500000
0!
0'
#273510000
1!
1'
b10101100111 7
#273520000
0!
0'
#273530000
1!
1'
b10101101000 7
#273540000
0!
0'
#273550000
1!
1'
b10101101001 7
#273560000
0!
0'
#273570000
1!
1'
b10101101010 7
#273580000
0!
0'
#273590000
1!
1'
b10101101011 7
#273600000
0!
0'
#273610000
1!
1'
b10101101100 7
#273620000
0!
0'
#273630000
1!
1'
b10101101101 7
#273640000
0!
0'
#273650000
1!
1'
b10101101110 7
#273660000
0!
0'
#273670000
1!
1'
b10101101111 7
#273680000
0!
0'
#273690000
1!
1'
b10101110000 7
#273700000
0!
0'
#273710000
1!
1'
b10101110001 7
#273720000
0!
0'
#273730000
1!
1'
b10101110010 7
#273740000
0!
0'
#273750000
1!
1'
b10101110011 7
#273760000
0!
0'
#273770000
1!
1'
b10101110100 7
#273780000
0!
0'
#273790000
1!
1'
b10101110101 7
#273800000
0!
0'
#273810000
1!
1'
b10101110110 7
#273820000
0!
0'
#273830000
1!
1'
b10101110111 7
#273840000
0!
0'
#273850000
1!
1'
b10101111000 7
#273860000
0!
0'
#273870000
1!
1'
b10101111001 7
#273880000
0!
0'
#273890000
1!
1'
b10101111010 7
#273900000
0!
0'
#273910000
1!
1'
b10101111011 7
#273920000
0!
0'
#273930000
1!
1'
b10101111100 7
#273940000
0!
0'
#273950000
1!
1'
b10101111101 7
#273960000
0!
0'
#273970000
1!
1'
b10101111110 7
#273980000
0!
0'
#273990000
1!
1'
b10101111111 7
#274000000
0!
0'
#274010000
1!
1'
b10110000000 7
#274020000
0!
0'
#274030000
1!
1'
b10110000001 7
#274040000
0!
0'
#274050000
1!
1'
b10110000010 7
#274060000
0!
0'
#274070000
1!
1'
b10110000011 7
#274080000
0!
0'
#274090000
1!
1'
b10110000100 7
#274100000
0!
0'
#274110000
1!
1'
b10110000101 7
#274120000
0!
0'
#274130000
1!
1'
b10110000110 7
#274140000
0!
0'
#274150000
1!
1'
b10110000111 7
#274160000
0!
0'
#274170000
1!
1'
b10110001000 7
#274180000
0!
0'
#274190000
1!
1'
b10110001001 7
#274200000
0!
0'
#274210000
1!
1'
b10110001010 7
#274220000
0!
0'
#274230000
1!
1'
b10110001011 7
#274240000
0!
0'
#274250000
1!
1'
b10110001100 7
#274260000
0!
0'
#274270000
1!
1'
b10110001101 7
#274280000
0!
0'
#274290000
1!
1'
b10110001110 7
#274300000
0!
0'
#274310000
1!
1'
b10110001111 7
#274320000
0!
0'
#274330000
1!
1'
b10110010000 7
#274340000
0!
0'
#274350000
1!
1'
b10110010001 7
#274360000
0!
0'
#274370000
1!
1'
b10110010010 7
#274380000
0!
0'
#274390000
1!
1'
b10110010011 7
#274400000
0!
0'
#274410000
1!
1'
b10110010100 7
#274420000
0!
0'
#274430000
1!
1'
b10110010101 7
#274440000
0!
0'
#274450000
1!
1'
b10110010110 7
#274460000
0!
0'
#274470000
1!
1'
b10110010111 7
#274480000
0!
0'
#274490000
1!
1'
b10110011000 7
#274500000
0!
0'
#274510000
1!
1'
b10110011001 7
#274520000
0!
0'
#274530000
1!
1'
b10110011010 7
#274540000
0!
0'
#274550000
1!
1'
b10110011011 7
#274560000
0!
0'
#274570000
1!
1'
b10110011100 7
#274580000
0!
0'
#274590000
1!
1'
b10110011101 7
#274600000
0!
0'
#274610000
1!
1'
b10110011110 7
#274620000
0!
0'
#274630000
1!
1'
b10110011111 7
#274640000
0!
0'
#274650000
1!
1'
b10110100000 7
#274660000
0!
0'
#274670000
1!
1'
b10110100001 7
#274680000
0!
0'
#274690000
1!
1'
b10110100010 7
#274700000
0!
0'
#274710000
1!
1'
b10110100011 7
#274720000
0!
0'
#274730000
1!
1'
b10110100100 7
#274740000
0!
0'
#274750000
1!
1'
b10110100101 7
#274760000
0!
0'
#274770000
1!
1'
b10110100110 7
#274780000
0!
0'
#274790000
1!
1'
b10110100111 7
#274800000
0!
0'
#274810000
1!
1'
b10110101000 7
#274820000
0!
0'
#274830000
1!
1'
b10110101001 7
#274840000
0!
0'
#274850000
1!
1'
b10110101010 7
#274860000
0!
0'
#274870000
1!
1'
b10110101011 7
#274880000
0!
0'
#274890000
1!
1'
b10110101100 7
#274900000
0!
0'
#274910000
1!
1'
b10110101101 7
#274920000
0!
0'
#274930000
1!
1'
b10110101110 7
#274940000
0!
0'
#274950000
1!
1'
b10110101111 7
#274960000
0!
0'
#274970000
1!
1'
b10110110000 7
#274980000
0!
0'
#274990000
1!
1'
b10110110001 7
#275000000
0!
0'
#275010000
1!
1'
b10110110010 7
#275020000
0!
0'
#275030000
1!
1'
b10110110011 7
#275040000
0!
0'
#275050000
1!
1'
b10110110100 7
#275060000
0!
0'
#275070000
1!
1'
b10110110101 7
#275080000
0!
0'
#275090000
1!
1'
b10110110110 7
#275100000
0!
0'
#275110000
1!
1'
b10110110111 7
#275120000
0!
0'
#275130000
1!
1'
b10110111000 7
#275140000
0!
0'
#275150000
1!
1'
b10110111001 7
#275160000
0!
0'
#275170000
1!
1'
b10110111010 7
#275180000
0!
0'
#275190000
1!
1'
b10110111011 7
#275200000
0!
0'
#275210000
1!
1'
b10110111100 7
#275220000
0!
0'
#275230000
1!
1'
b10110111101 7
#275240000
0!
0'
#275250000
1!
1'
b10110111110 7
#275260000
0!
0'
#275270000
1!
1'
b10110111111 7
#275280000
0!
0'
#275290000
1!
1'
b10111000000 7
#275300000
0!
0'
#275310000
1!
1'
b10111000001 7
#275320000
0!
0'
#275330000
1!
1'
b10111000010 7
#275340000
0!
0'
#275350000
1!
1'
b10111000011 7
#275360000
0!
0'
#275370000
1!
1'
b10111000100 7
#275380000
0!
0'
#275390000
1!
1'
b10111000101 7
#275400000
0!
0'
#275410000
1!
1'
b10111000110 7
#275420000
0!
0'
#275430000
1!
1'
b10111000111 7
#275440000
0!
0'
#275450000
1!
1'
b10111001000 7
#275460000
0!
0'
#275470000
1!
1'
b10111001001 7
#275480000
0!
0'
#275490000
1!
1'
b10111001010 7
#275500000
0!
0'
#275510000
1!
1'
b10111001011 7
#275520000
0!
0'
#275530000
1!
1'
b10111001100 7
#275540000
0!
0'
#275550000
1!
1'
b10111001101 7
#275560000
0!
0'
#275570000
1!
1'
b10111001110 7
#275580000
0!
0'
#275590000
1!
1'
b10111001111 7
#275600000
0!
0'
#275610000
1!
1'
b10111010000 7
#275620000
0!
0'
#275630000
1!
1'
b10111010001 7
#275640000
0!
0'
#275650000
1!
1'
b10111010010 7
#275660000
0!
0'
#275670000
1!
1'
b10111010011 7
#275680000
0!
0'
#275690000
1!
1'
b10111010100 7
#275700000
0!
0'
#275710000
1!
1'
b10111010101 7
#275720000
0!
0'
#275730000
1!
1'
b10111010110 7
#275740000
0!
0'
#275750000
1!
1'
b10111010111 7
#275760000
0!
0'
#275770000
1!
1'
b10111011000 7
#275780000
0!
0'
#275790000
1!
1'
b10111011001 7
#275800000
0!
0'
#275810000
1!
1'
b10111011010 7
#275820000
0!
0'
#275830000
1!
1'
b10111011011 7
#275840000
0!
0'
#275850000
1!
1'
b10111011100 7
#275860000
0!
0'
#275870000
1!
1'
b10111011101 7
#275880000
0!
0'
#275890000
1!
1'
b10111011110 7
#275900000
0!
0'
#275910000
1!
1'
b10111011111 7
#275920000
0!
0'
#275930000
1!
1'
b10111100000 7
#275940000
0!
0'
#275950000
1!
1'
b10111100001 7
#275960000
0!
0'
#275970000
1!
1'
b10111100010 7
#275980000
0!
0'
#275990000
1!
1'
b10111100011 7
#276000000
0!
0'
#276010000
1!
1'
b10111100100 7
#276020000
0!
0'
#276030000
1!
1'
b10111100101 7
#276040000
0!
0'
#276050000
1!
1'
b10111100110 7
#276060000
0!
0'
#276070000
1!
1'
b10111100111 7
#276080000
0!
0'
#276090000
1!
1'
b10111101000 7
#276100000
0!
0'
#276110000
1!
1'
b10111101001 7
#276120000
0!
0'
#276130000
1!
1'
b10111101010 7
#276140000
0!
0'
#276150000
1!
1'
b10111101011 7
#276160000
0!
0'
#276170000
1!
1'
b10111101100 7
#276180000
0!
0'
#276190000
1!
1'
b10111101101 7
#276200000
0!
0'
#276210000
1!
1'
b10111101110 7
#276220000
0!
0'
#276230000
1!
1'
b10111101111 7
#276240000
0!
0'
#276250000
1!
1'
b10111110000 7
#276260000
0!
0'
#276270000
1!
1'
b10111110001 7
#276280000
0!
0'
#276290000
1!
1'
b10111110010 7
#276300000
0!
0'
#276310000
1!
1'
b10111110011 7
#276320000
0!
0'
#276330000
1!
1'
b10111110100 7
#276340000
0!
0'
#276350000
1!
1'
b10111110101 7
#276360000
0!
0'
#276370000
1!
1'
b10111110110 7
#276380000
0!
0'
#276390000
1!
1'
b10111110111 7
#276400000
0!
0'
#276410000
1!
1'
b10111111000 7
#276420000
0!
0'
#276430000
1!
1'
b10111111001 7
#276440000
0!
0'
#276450000
1!
1'
b10111111010 7
#276460000
0!
0'
#276470000
1!
1'
b10111111011 7
#276480000
0!
0'
#276490000
1!
1'
b10111111100 7
#276500000
0!
0'
#276510000
1!
1'
b10111111101 7
#276520000
0!
0'
#276530000
1!
1'
b10111111110 7
#276540000
0!
0'
#276550000
1!
1'
b10111111111 7
#276560000
0!
0'
#276570000
1!
1'
b11000000000 7
#276580000
0!
0'
#276590000
1!
1'
b11000000001 7
#276600000
0!
0'
#276610000
1!
1'
b11000000010 7
#276620000
0!
0'
#276630000
1!
1'
b11000000011 7
#276640000
0!
0'
#276650000
1!
1'
b11000000100 7
#276660000
0!
0'
#276670000
1!
1'
b11000000101 7
#276680000
0!
0'
#276690000
1!
1'
b11000000110 7
#276700000
0!
0'
#276710000
1!
1'
b11000000111 7
#276720000
0!
0'
#276730000
1!
1'
b11000001000 7
#276740000
0!
0'
#276750000
1!
1'
b11000001001 7
#276760000
0!
0'
#276770000
1!
1'
b11000001010 7
#276780000
0!
0'
#276790000
1!
1'
b11000001011 7
#276800000
0!
0'
#276810000
1!
1'
b11000001100 7
#276820000
0!
0'
#276830000
1!
1'
b11000001101 7
#276840000
0!
0'
#276850000
1!
1'
b11000001110 7
#276860000
0!
0'
#276870000
1!
1'
b11000001111 7
#276880000
0!
0'
#276890000
1!
1'
b11000010000 7
#276900000
0!
0'
#276910000
1!
1'
b11000010001 7
#276920000
0!
0'
#276930000
1!
1'
b11000010010 7
#276940000
0!
0'
#276950000
1!
1'
b11000010011 7
#276960000
0!
0'
#276970000
1!
1'
b11000010100 7
#276980000
0!
0'
#276990000
1!
1'
b11000010101 7
#277000000
0!
0'
#277010000
1!
1'
b11000010110 7
#277020000
0!
0'
#277030000
1!
1'
b11000010111 7
#277040000
0!
0'
#277050000
1!
1'
b11000011000 7
#277060000
0!
0'
#277070000
1!
1'
b11000011001 7
#277080000
0!
0'
#277090000
1!
1'
b11000011010 7
#277100000
0!
0'
#277110000
1!
1'
b11000011011 7
#277120000
0!
0'
#277130000
1!
1'
b11000011100 7
#277140000
0!
0'
#277150000
1!
1'
b11000011101 7
#277160000
0!
0'
#277170000
1!
1'
b11000011110 7
#277180000
0!
0'
#277190000
1!
1'
b11000011111 7
#277200000
0!
0'
#277210000
1!
1'
b11000100000 7
#277220000
0!
0'
#277230000
1!
1'
b11000100001 7
#277240000
0!
0'
#277250000
1!
1'
b11000100010 7
#277260000
0!
0'
#277270000
1!
1'
b11000100011 7
#277280000
0!
0'
#277290000
1!
1'
b11000100100 7
#277300000
0!
0'
#277310000
1!
1'
b11000100101 7
#277320000
0!
0'
#277330000
1!
1'
b11000100110 7
#277340000
0!
0'
#277350000
1!
1'
b11000100111 7
#277360000
0!
0'
#277370000
1!
1'
b11000101000 7
#277380000
0!
0'
#277390000
1!
1'
b11000101001 7
#277400000
0!
0'
#277410000
1!
1'
b11000101010 7
#277420000
0!
0'
#277430000
1!
1'
b11000101011 7
#277440000
0!
0'
#277450000
1!
1'
b11000101100 7
#277460000
0!
0'
#277470000
1!
1'
b11000101101 7
#277480000
0!
0'
#277490000
1!
1'
b11000101110 7
#277500000
0!
0'
#277510000
1!
1'
b11000101111 7
#277520000
0!
0'
#277530000
1!
1'
b11000110000 7
#277540000
0!
0'
#277550000
1!
1'
b11000110001 7
#277560000
0!
0'
#277570000
1!
1'
b11000110010 7
#277580000
0!
0'
#277590000
1!
1'
b11000110011 7
#277600000
0!
0'
#277610000
1!
1'
b11000110100 7
#277620000
0!
0'
#277630000
1!
1'
b11000110101 7
#277640000
0!
0'
#277650000
1!
1'
b11000110110 7
#277660000
0!
0'
#277670000
1!
1'
b11000110111 7
#277680000
0!
0'
#277690000
1!
1'
b11000111000 7
#277700000
0!
0'
#277710000
1!
1'
b11000111001 7
#277720000
0!
0'
#277730000
1!
1'
b11000111010 7
#277740000
0!
0'
#277750000
1!
1'
b11000111011 7
#277760000
0!
0'
#277770000
1!
1'
b11000111100 7
#277780000
0!
0'
#277790000
1!
1'
b11000111101 7
#277800000
0!
0'
#277810000
1!
1'
b11000111110 7
#277820000
0!
0'
#277830000
1!
1'
b11000111111 7
#277840000
0!
0'
#277850000
1!
1'
b11001000000 7
#277860000
0!
0'
#277870000
1!
1'
b11001000001 7
#277880000
0!
0'
#277890000
1!
1'
b11001000010 7
#277900000
0!
0'
#277910000
1!
1'
b11001000011 7
#277920000
0!
0'
#277930000
1!
1'
b11001000100 7
#277940000
0!
0'
#277950000
1!
1'
b11001000101 7
#277960000
0!
0'
#277970000
1!
1'
b11001000110 7
#277980000
0!
0'
#277990000
1!
1'
b11001000111 7
#278000000
0!
0'
#278010000
1!
1'
b11001001000 7
#278020000
0!
0'
#278030000
1!
1'
b11001001001 7
#278040000
0!
0'
#278050000
1!
1'
b11001001010 7
#278060000
0!
0'
#278070000
1!
1'
b11001001011 7
#278080000
0!
0'
#278090000
1!
1'
b11001001100 7
#278100000
0!
0'
#278110000
1!
1'
b11001001101 7
#278120000
0!
0'
#278130000
1!
1'
b11001001110 7
#278140000
0!
0'
#278150000
1!
1'
b11001001111 7
#278160000
0!
0'
#278170000
1!
1'
b11001010000 7
#278180000
0!
0'
#278190000
1!
1'
b11001010001 7
#278200000
0!
0'
#278210000
1!
1'
b11001010010 7
#278220000
0!
0'
#278230000
1!
1'
b11001010011 7
#278240000
0!
0'
#278250000
1!
1'
b11001010100 7
#278260000
0!
0'
#278270000
1!
1'
b11001010101 7
#278280000
0!
0'
#278290000
1!
1'
b11001010110 7
#278300000
0!
0'
#278310000
1!
1'
b11001010111 7
#278320000
0!
0'
#278330000
1!
1'
b11001011000 7
#278340000
0!
0'
#278350000
1!
1'
b11001011001 7
#278360000
0!
0'
#278370000
1!
1'
b11001011010 7
#278380000
0!
0'
#278390000
1!
1'
b11001011011 7
#278400000
0!
0'
#278410000
1!
1'
b11001011100 7
#278420000
0!
0'
#278430000
1!
1'
b11001011101 7
#278440000
0!
0'
#278450000
1!
1'
b11001011110 7
#278460000
0!
0'
#278470000
1!
1'
b11001011111 7
#278480000
0!
0'
#278490000
1!
1'
b11001100000 7
#278500000
0!
0'
#278510000
1!
1'
b11001100001 7
#278520000
0!
0'
#278530000
1!
1'
b11001100010 7
#278540000
0!
0'
#278550000
1!
1'
b11001100011 7
#278560000
0!
0'
#278570000
1!
1'
b11001100100 7
#278580000
0!
0'
#278590000
1!
1'
b11001100101 7
#278600000
0!
0'
#278610000
1!
1'
b11001100110 7
#278620000
0!
0'
#278630000
1!
1'
b11001100111 7
#278640000
0!
0'
#278650000
1!
1'
b11001101000 7
#278660000
0!
0'
#278670000
1!
1'
b11001101001 7
#278680000
0!
0'
#278690000
1!
1'
b11001101010 7
#278700000
0!
0'
#278710000
1!
1'
b11001101011 7
#278720000
0!
0'
#278730000
1!
1'
b11001101100 7
#278740000
0!
0'
#278750000
1!
1'
b11001101101 7
#278760000
0!
0'
#278770000
1!
1'
b11001101110 7
#278780000
0!
0'
#278790000
1!
1'
b11001101111 7
#278800000
0!
0'
#278810000
1!
1'
b11001110000 7
#278820000
0!
0'
#278830000
1!
1'
b11001110001 7
#278840000
0!
0'
#278850000
1!
1'
b11001110010 7
#278860000
0!
0'
#278870000
1!
1'
b11001110011 7
#278880000
0!
0'
#278890000
1!
1'
b11001110100 7
#278900000
0!
0'
#278910000
1!
1'
b11001110101 7
#278920000
0!
0'
#278930000
1!
1'
b11001110110 7
#278940000
0!
0'
#278950000
1!
1'
b11001110111 7
#278960000
0!
0'
#278970000
1!
1'
b11001111000 7
#278980000
0!
0'
#278990000
1!
1'
b11001111001 7
#279000000
0!
0'
#279010000
1!
1'
b11001111010 7
#279020000
0!
0'
#279030000
1!
1'
b11001111011 7
#279040000
0!
0'
#279050000
1!
1'
b11001111100 7
#279060000
0!
0'
#279070000
1!
1'
b11001111101 7
#279080000
0!
0'
#279090000
1!
1'
b11001111110 7
#279100000
0!
0'
#279110000
1!
1'
b11001111111 7
#279120000
0!
0'
#279130000
1!
1'
b11010000000 7
#279140000
0!
0'
#279150000
1!
1'
b11010000001 7
#279160000
0!
0'
#279170000
1!
1'
b11010000010 7
#279180000
0!
0'
#279190000
1!
1'
b11010000011 7
#279200000
0!
0'
#279210000
1!
1'
b11010000100 7
#279220000
0!
0'
#279230000
1!
1'
b11010000101 7
#279240000
0!
0'
#279250000
1!
1'
b11010000110 7
#279260000
0!
0'
#279270000
1!
1'
b11010000111 7
#279280000
0!
0'
#279290000
1!
1'
b11010001000 7
#279300000
0!
0'
#279310000
1!
1'
b11010001001 7
#279320000
0!
0'
#279330000
1!
1'
b11010001010 7
#279340000
0!
0'
#279350000
1!
1'
b11010001011 7
#279360000
0!
0'
#279370000
1!
1'
b11010001100 7
#279380000
0!
0'
#279390000
1!
1'
b11010001101 7
#279400000
0!
0'
#279410000
1!
1'
b11010001110 7
#279420000
0!
0'
#279430000
1!
1'
b11010001111 7
#279440000
0!
0'
#279450000
1!
1'
b11010010000 7
#279460000
0!
0'
#279470000
1!
1'
b11010010001 7
#279480000
0!
0'
#279490000
1!
1'
b11010010010 7
#279500000
0!
0'
#279510000
1!
1'
b11010010011 7
#279520000
0!
0'
#279530000
1!
1'
b11010010100 7
#279540000
0!
0'
#279550000
1!
1'
b11010010101 7
#279560000
0!
0'
#279570000
1!
1'
b11010010110 7
#279580000
0!
0'
#279590000
1!
1'
b11010010111 7
#279600000
0!
0'
#279610000
1!
1'
b11010011000 7
#279620000
0!
0'
#279630000
1!
1'
b11010011001 7
#279640000
0!
0'
#279650000
1!
1'
b11010011010 7
#279660000
0!
0'
#279670000
1!
1'
b11010011011 7
#279680000
0!
0'
#279690000
1!
1'
b11010011100 7
#279700000
0!
0'
#279710000
1!
1'
b11010011101 7
#279720000
0!
0'
#279730000
1!
1'
b11010011110 7
#279740000
0!
0'
#279750000
1!
1'
b11010011111 7
#279760000
0!
0'
#279770000
1!
1'
b11010100000 7
#279780000
0!
0'
#279790000
1!
1'
b11010100001 7
#279800000
0!
0'
#279810000
1!
1'
b11010100010 7
#279820000
0!
0'
#279830000
1!
1'
b11010100011 7
#279840000
0!
0'
#279850000
1!
1'
b11010100100 7
#279860000
0!
0'
#279870000
1!
1'
b11010100101 7
#279880000
0!
0'
#279890000
1!
1'
b11010100110 7
#279900000
0!
0'
#279910000
1!
1'
b11010100111 7
#279920000
0!
0'
#279930000
1!
1'
b11010101000 7
#279940000
0!
0'
#279950000
1!
1'
b11010101001 7
#279960000
0!
0'
#279970000
1!
1'
b11010101010 7
#279980000
0!
0'
#279990000
1!
1'
b11010101011 7
#280000000
0!
0'
#280010000
1!
1'
b11010101100 7
#280020000
0!
0'
#280030000
1!
1'
b11010101101 7
#280040000
0!
0'
#280050000
1!
1'
b11010101110 7
#280060000
0!
0'
#280070000
1!
1'
b11010101111 7
#280080000
0!
0'
#280090000
1!
1'
b11010110000 7
#280100000
0!
0'
#280110000
1!
1'
b11010110001 7
#280120000
0!
0'
#280130000
1!
1'
b11010110010 7
#280140000
0!
0'
#280150000
1!
1'
b11010110011 7
#280160000
0!
0'
#280170000
1!
1'
b11010110100 7
#280180000
0!
0'
#280190000
1!
1'
b11010110101 7
#280200000
0!
0'
#280210000
1!
1'
b11010110110 7
#280220000
0!
0'
#280230000
1!
1'
b11010110111 7
#280240000
0!
0'
#280250000
1!
1'
b11010111000 7
#280260000
0!
0'
#280270000
1!
1'
b11010111001 7
#280280000
0!
0'
#280290000
1!
1'
b11010111010 7
#280300000
0!
0'
#280310000
1!
1'
b11010111011 7
#280320000
0!
0'
#280330000
1!
1'
b11010111100 7
#280340000
0!
0'
#280350000
1!
1'
b11010111101 7
#280360000
0!
0'
#280370000
1!
1'
b11010111110 7
#280380000
0!
0'
#280390000
1!
1'
b11010111111 7
#280400000
0!
0'
#280410000
1!
1'
b11011000000 7
#280420000
0!
0'
#280430000
1!
1'
b11011000001 7
#280440000
0!
0'
#280450000
1!
1'
b11011000010 7
#280460000
0!
0'
#280470000
1!
1'
b11011000011 7
#280480000
0!
0'
#280490000
1!
1'
b11011000100 7
#280500000
0!
0'
#280510000
1!
1'
b11011000101 7
#280520000
0!
0'
#280530000
1!
1'
b11011000110 7
#280540000
0!
0'
#280550000
1!
1'
b11011000111 7
#280560000
0!
0'
#280570000
1!
1'
b11011001000 7
#280580000
0!
0'
#280590000
1!
1'
b11011001001 7
#280600000
0!
0'
#280610000
1!
1'
b11011001010 7
#280620000
0!
0'
#280630000
1!
1'
b11011001011 7
#280640000
0!
0'
#280650000
1!
1'
b11011001100 7
#280660000
0!
0'
#280670000
1!
1'
b11011001101 7
#280680000
0!
0'
#280690000
1!
1'
b11011001110 7
#280700000
0!
0'
#280710000
1!
1'
b11011001111 7
#280720000
0!
0'
#280730000
1!
1'
b11011010000 7
#280740000
0!
0'
#280750000
1!
1'
b11011010001 7
#280760000
0!
0'
#280770000
1!
1'
b11011010010 7
#280780000
0!
0'
#280790000
1!
1'
b11011010011 7
#280800000
0!
0'
#280810000
1!
1'
b11011010100 7
#280820000
0!
0'
#280830000
1!
1'
b11011010101 7
#280840000
0!
0'
#280850000
1!
1'
b11011010110 7
#280860000
0!
0'
#280870000
1!
1'
b11011010111 7
#280880000
0!
0'
#280890000
1!
1'
b11011011000 7
#280900000
0!
0'
#280910000
1!
1'
b11011011001 7
#280920000
0!
0'
#280930000
1!
1'
b11011011010 7
#280940000
0!
0'
#280950000
1!
1'
b11011011011 7
#280960000
0!
0'
#280970000
1!
1'
b11011011100 7
#280980000
0!
0'
#280990000
1!
1'
b11011011101 7
#281000000
0!
0'
#281010000
1!
1'
b11011011110 7
#281020000
0!
0'
#281030000
1!
1'
b11011011111 7
#281040000
0!
0'
#281050000
1!
1'
b11011100000 7
#281060000
0!
0'
#281070000
1!
1'
b11011100001 7
#281080000
0!
0'
#281090000
1!
1'
b11011100010 7
#281100000
0!
0'
#281110000
1!
1'
b11011100011 7
#281120000
0!
0'
#281130000
1!
1'
b11011100100 7
#281140000
0!
0'
#281150000
1!
1'
b11011100101 7
#281160000
0!
0'
#281170000
1!
1'
b11011100110 7
#281180000
0!
0'
#281190000
1!
1'
b11011100111 7
#281200000
0!
0'
#281210000
1!
1'
b11011101000 7
#281220000
0!
0'
#281230000
1!
1'
b11011101001 7
#281240000
0!
0'
#281250000
1!
1'
b11011101010 7
#281260000
0!
0'
#281270000
1!
1'
b11011101011 7
#281280000
0!
0'
#281290000
1!
1'
b11011101100 7
#281300000
0!
0'
#281310000
1!
1'
b11011101101 7
#281320000
0!
0'
#281330000
1!
1'
b11011101110 7
#281340000
0!
0'
#281350000
1!
1'
b11011101111 7
#281360000
0!
0'
#281370000
1!
1'
b11011110000 7
#281380000
0!
0'
#281390000
1!
1'
b11011110001 7
#281400000
0!
0'
#281410000
1!
1'
b11011110010 7
#281420000
0!
0'
#281430000
1!
1'
b11011110011 7
#281440000
0!
0'
#281450000
1!
1'
b11011110100 7
#281460000
0!
0'
#281470000
1!
1'
b11011110101 7
#281480000
0!
0'
#281490000
1!
1'
b11011110110 7
#281500000
0!
0'
#281510000
1!
1'
b11011110111 7
#281520000
0!
0'
#281530000
1!
1'
b11011111000 7
#281540000
0!
0'
#281550000
1!
1'
b11011111001 7
#281560000
0!
0'
#281570000
1!
1'
b11011111010 7
#281580000
0!
0'
#281590000
1!
1'
b11011111011 7
#281600000
0!
0'
#281610000
1!
1'
b11011111100 7
#281620000
0!
0'
#281630000
1!
1'
b11011111101 7
#281640000
0!
0'
#281650000
1!
1'
b11011111110 7
#281660000
0!
0'
#281670000
1!
1'
b11011111111 7
#281680000
0!
0'
#281690000
1!
1'
b11100000000 7
#281700000
0!
0'
#281710000
1!
1'
b11100000001 7
#281720000
0!
0'
#281730000
1!
1'
b11100000010 7
#281740000
0!
0'
#281750000
1!
1'
b11100000011 7
#281760000
0!
0'
#281770000
1!
1'
b11100000100 7
#281780000
0!
0'
#281790000
1!
1'
b11100000101 7
#281800000
0!
0'
#281810000
1!
1'
b11100000110 7
#281820000
0!
0'
#281830000
1!
1'
b11100000111 7
#281840000
0!
0'
#281850000
1!
1'
b11100001000 7
#281860000
0!
0'
#281870000
1!
1'
b11100001001 7
#281880000
0!
0'
#281890000
1!
1'
b11100001010 7
#281900000
0!
0'
#281910000
1!
1'
b11100001011 7
#281920000
0!
0'
#281930000
1!
1'
b11100001100 7
#281940000
0!
0'
#281950000
1!
1'
b11100001101 7
#281960000
0!
0'
#281970000
1!
1'
b11100001110 7
#281980000
0!
0'
#281990000
1!
1'
b11100001111 7
#282000000
0!
0'
#282010000
1!
1'
b11100010000 7
#282020000
0!
0'
#282030000
1!
1'
b11100010001 7
#282040000
0!
0'
#282050000
1!
1'
b11100010010 7
#282060000
0!
0'
#282070000
1!
1'
b11100010011 7
#282080000
0!
0'
#282090000
1!
1'
b11100010100 7
#282100000
0!
0'
#282110000
1!
1'
b11100010101 7
#282120000
0!
0'
#282130000
1!
1'
b11100010110 7
#282140000
0!
0'
#282150000
1!
1'
b11100010111 7
#282160000
0!
0'
#282170000
1!
1'
b11100011000 7
#282180000
0!
0'
#282190000
1!
1'
b11100011001 7
#282200000
0!
0'
#282210000
1!
1'
b11100011010 7
#282220000
0!
0'
#282230000
1!
1'
b11100011011 7
#282240000
0!
0'
#282250000
1!
1'
b11100011100 7
#282260000
0!
0'
#282270000
1!
1'
b11100011101 7
#282280000
0!
0'
#282290000
1!
1'
b11100011110 7
#282300000
0!
0'
#282310000
1!
1'
b11100011111 7
#282320000
0!
0'
#282330000
1!
1'
b11100100000 7
#282340000
0!
0'
#282350000
1!
1'
b11100100001 7
#282360000
0!
0'
#282370000
1!
1'
b11100100010 7
#282380000
0!
0'
#282390000
1!
1'
b11100100011 7
#282400000
0!
0'
#282410000
1!
1'
b11100100100 7
#282420000
0!
0'
#282430000
1!
1'
b11100100101 7
#282440000
0!
0'
#282450000
1!
1'
b11100100110 7
#282460000
0!
0'
#282470000
1!
1'
b11100100111 7
#282480000
0!
0'
#282490000
1!
1'
b11100101000 7
#282500000
0!
0'
#282510000
1!
1'
b11100101001 7
#282520000
0!
0'
#282530000
1!
1'
b11100101010 7
#282540000
0!
0'
#282550000
1!
1'
b11100101011 7
#282560000
0!
0'
#282570000
1!
1'
b11100101100 7
#282580000
0!
0'
#282590000
1!
1'
b11100101101 7
#282600000
0!
0'
#282610000
1!
1'
b11100101110 7
#282620000
0!
0'
#282630000
1!
1'
b11100101111 7
#282640000
0!
0'
#282650000
1!
1'
b11100110000 7
#282660000
0!
0'
#282670000
1!
1'
b11100110001 7
#282680000
0!
0'
#282690000
1!
1'
b11100110010 7
#282700000
0!
0'
#282710000
1!
1'
b11100110011 7
#282720000
0!
0'
#282730000
1!
1'
b11100110100 7
#282740000
0!
0'
#282750000
1!
1'
b11100110101 7
#282760000
0!
0'
#282770000
1!
1'
b11100110110 7
#282780000
0!
0'
#282790000
1!
1'
b11100110111 7
#282800000
0!
0'
#282810000
1!
1'
b11100111000 7
#282820000
0!
0'
#282830000
1!
1'
b11100111001 7
#282840000
0!
0'
#282850000
1!
1'
b11100111010 7
#282860000
0!
0'
#282870000
1!
1'
b11100111011 7
#282880000
0!
0'
#282890000
1!
1'
b11100111100 7
#282900000
0!
0'
#282910000
1!
1'
b11100111101 7
#282920000
0!
0'
#282930000
1!
1'
b11100111110 7
#282940000
0!
0'
#282950000
1!
1'
b11100111111 7
#282960000
0!
0'
#282970000
1!
1'
b11101000000 7
#282980000
0!
0'
#282990000
1!
1'
b11101000001 7
#283000000
0!
0'
#283010000
1!
1'
b11101000010 7
#283020000
0!
0'
#283030000
1!
1'
b11101000011 7
#283040000
0!
0'
#283050000
1!
1'
b11101000100 7
#283060000
0!
0'
#283070000
1!
1'
b11101000101 7
#283080000
0!
0'
#283090000
1!
1'
b11101000110 7
#283100000
0!
0'
#283110000
1!
1'
b11101000111 7
#283120000
0!
0'
#283130000
1!
1'
b11101001000 7
#283140000
0!
0'
#283150000
1!
1'
b11101001001 7
#283160000
0!
0'
#283170000
1!
1'
b11101001010 7
#283180000
0!
0'
#283190000
1!
1'
b11101001011 7
#283200000
0!
0'
#283210000
1!
1'
b11101001100 7
#283220000
0!
0'
#283230000
1!
1'
b11101001101 7
#283240000
0!
0'
#283250000
1!
1'
b11101001110 7
#283260000
0!
0'
#283270000
1!
1'
b11101001111 7
#283280000
0!
0'
#283290000
1!
1'
b11101010000 7
#283300000
0!
0'
#283310000
1!
1'
b11101010001 7
#283320000
0!
0'
#283330000
1!
1'
b11101010010 7
#283340000
0!
0'
#283350000
1!
1'
b11101010011 7
#283360000
0!
0'
#283370000
1!
1'
b11101010100 7
#283380000
0!
0'
#283390000
1!
1'
b11101010101 7
#283400000
0!
0'
#283410000
1!
1'
b11101010110 7
#283420000
0!
0'
#283430000
1!
1'
b11101010111 7
#283440000
0!
0'
#283450000
1!
1'
b11101011000 7
#283460000
0!
0'
#283470000
1!
1'
b11101011001 7
#283480000
0!
0'
#283490000
1!
1'
b11101011010 7
#283500000
0!
0'
#283510000
1!
1'
b11101011011 7
#283520000
0!
0'
#283530000
1!
1'
b11101011100 7
#283540000
0!
0'
#283550000
1!
1'
b11101011101 7
#283560000
0!
0'
#283570000
1!
1'
b11101011110 7
#283580000
0!
0'
#283590000
1!
1'
b11101011111 7
#283600000
0!
0'
#283610000
1!
1'
b11101100000 7
#283620000
0!
0'
#283630000
1!
1'
b11101100001 7
#283640000
0!
0'
#283650000
1!
1'
b11101100010 7
#283660000
0!
0'
#283670000
1!
1'
b11101100011 7
#283680000
0!
0'
#283690000
1!
1'
b11101100100 7
#283700000
0!
0'
#283710000
1!
1'
b11101100101 7
#283720000
0!
0'
#283730000
1!
1'
b11101100110 7
#283740000
0!
0'
#283750000
1!
1'
b11101100111 7
#283760000
0!
0'
#283770000
1!
1'
b11101101000 7
#283780000
0!
0'
#283790000
1!
1'
b11101101001 7
#283800000
0!
0'
#283810000
1!
1'
b11101101010 7
#283820000
0!
0'
#283830000
1!
1'
b11101101011 7
#283840000
0!
0'
#283850000
1!
1'
b11101101100 7
#283860000
0!
0'
#283870000
1!
1'
b11101101101 7
#283880000
0!
0'
#283890000
1!
1'
b11101101110 7
#283900000
0!
0'
#283910000
1!
1'
b11101101111 7
#283920000
0!
0'
#283930000
1!
1'
b11101110000 7
#283940000
0!
0'
#283950000
1!
1'
b11101110001 7
#283960000
0!
0'
#283970000
1!
1'
b11101110010 7
#283980000
0!
0'
#283990000
1!
1'
b11101110011 7
#284000000
0!
0'
#284010000
1!
1'
b11101110100 7
#284020000
0!
0'
#284030000
1!
1'
b11101110101 7
#284040000
0!
0'
#284050000
1!
1'
b11101110110 7
#284060000
0!
0'
#284070000
1!
1'
b11101110111 7
#284080000
0!
0'
#284090000
1!
1'
b11101111000 7
#284100000
0!
0'
#284110000
1!
1'
b11101111001 7
#284120000
0!
0'
#284130000
1!
1'
b11101111010 7
#284140000
0!
0'
#284150000
1!
1'
b11101111011 7
#284160000
0!
0'
#284170000
1!
1'
b11101111100 7
#284180000
0!
0'
#284190000
1!
1'
b11101111101 7
#284200000
0!
0'
#284210000
1!
1'
b11101111110 7
#284220000
0!
0'
#284230000
1!
1'
b11101111111 7
#284240000
0!
0'
#284250000
1!
1'
b11110000000 7
#284260000
0!
0'
#284270000
1!
1'
b11110000001 7
#284280000
0!
0'
#284290000
1!
1'
b11110000010 7
#284300000
0!
0'
#284310000
1!
1'
b11110000011 7
#284320000
0!
0'
#284330000
1!
1'
b11110000100 7
#284340000
0!
0'
#284350000
1!
1'
b11110000101 7
#284360000
0!
0'
#284370000
1!
1'
b11110000110 7
#284380000
0!
0'
#284390000
1!
1'
b11110000111 7
#284400000
0!
0'
#284410000
1!
1'
b11110001000 7
#284420000
0!
0'
#284430000
1!
1'
b11110001001 7
#284440000
0!
0'
#284450000
1!
1'
b11110001010 7
#284460000
0!
0'
#284470000
1!
1'
b11110001011 7
#284480000
0!
0'
#284490000
1!
1'
b11110001100 7
#284500000
0!
0'
#284510000
1!
1'
b11110001101 7
#284520000
0!
0'
#284530000
1!
1'
b11110001110 7
#284540000
0!
0'
#284550000
1!
1'
b11110001111 7
#284560000
0!
0'
#284570000
1!
1'
b11110010000 7
#284580000
0!
0'
#284590000
1!
1'
b11110010001 7
#284600000
0!
0'
#284610000
1!
1'
b11110010010 7
#284620000
0!
0'
#284630000
1!
1'
b11110010011 7
#284640000
0!
0'
#284650000
1!
1'
b11110010100 7
#284660000
0!
0'
#284670000
1!
1'
b11110010101 7
#284680000
0!
0'
#284690000
1!
1'
b11110010110 7
#284700000
0!
0'
#284710000
1!
1'
b11110010111 7
#284720000
0!
0'
#284730000
1!
1'
b11110011000 7
#284740000
0!
0'
#284750000
1!
1'
b11110011001 7
#284760000
0!
0'
#284770000
1!
1'
b11110011010 7
#284780000
0!
0'
#284790000
1!
1'
b11110011011 7
#284800000
0!
0'
#284810000
1!
1'
b11110011100 7
#284820000
0!
0'
#284830000
1!
1'
b11110011101 7
#284840000
0!
0'
#284850000
1!
1'
b11110011110 7
#284860000
0!
0'
#284870000
1!
1'
b11110011111 7
#284880000
0!
0'
#284890000
1!
1'
b11110100000 7
#284900000
0!
0'
#284910000
1!
1'
b11110100001 7
#284920000
0!
0'
#284930000
1!
1'
b11110100010 7
#284940000
0!
0'
#284950000
1!
1'
b11110100011 7
#284960000
0!
0'
#284970000
1!
1'
b11110100100 7
#284980000
0!
0'
#284990000
1!
1'
b11110100101 7
#285000000
0!
0'
#285010000
1!
1'
b11110100110 7
#285020000
0!
0'
#285030000
1!
1'
b11110100111 7
#285040000
0!
0'
#285050000
1!
1'
b11110101000 7
#285060000
0!
0'
#285070000
1!
1'
b11110101001 7
#285080000
0!
0'
#285090000
1!
1'
b11110101010 7
#285100000
0!
0'
#285110000
1!
1'
b11110101011 7
#285120000
0!
0'
#285130000
1!
1'
b11110101100 7
#285140000
0!
0'
#285150000
1!
1'
b11110101101 7
#285160000
0!
0'
#285170000
1!
1'
b11110101110 7
#285180000
0!
0'
#285190000
1!
1'
b11110101111 7
#285200000
0!
0'
#285210000
1!
1'
b11110110000 7
#285220000
0!
0'
#285230000
1!
1'
b11110110001 7
#285240000
0!
0'
#285250000
1!
1'
b11110110010 7
#285260000
0!
0'
#285270000
1!
1'
b11110110011 7
#285280000
0!
0'
#285290000
1!
1'
b11110110100 7
#285300000
0!
0'
#285310000
1!
1'
b11110110101 7
#285320000
0!
0'
#285330000
1!
1'
b11110110110 7
#285340000
0!
0'
#285350000
1!
1'
b11110110111 7
#285360000
0!
0'
#285370000
1!
1'
b11110111000 7
#285380000
0!
0'
#285390000
1!
1'
b11110111001 7
#285400000
0!
0'
#285410000
1!
1'
b11110111010 7
#285420000
0!
0'
#285430000
1!
1'
b11110111011 7
#285440000
0!
0'
#285450000
1!
1'
b11110111100 7
#285460000
0!
0'
#285470000
1!
1'
b11110111101 7
#285480000
0!
0'
#285490000
1!
1'
b11110111110 7
#285500000
0!
0'
#285510000
1!
1'
b11110111111 7
#285520000
0!
0'
#285530000
1!
1'
b11111000000 7
#285540000
0!
0'
#285550000
1!
1'
b11111000001 7
#285560000
0!
0'
#285570000
1!
1'
b11111000010 7
#285580000
0!
0'
#285590000
1!
1'
b11111000011 7
#285600000
0!
0'
#285610000
1!
1'
b11111000100 7
#285620000
0!
0'
#285630000
1!
1'
b11111000101 7
#285640000
0!
0'
#285650000
1!
1'
b11111000110 7
#285660000
0!
0'
#285670000
1!
1'
b11111000111 7
#285680000
0!
0'
#285690000
1!
1'
b11111001000 7
#285700000
0!
0'
#285710000
1!
1'
b11111001001 7
#285720000
0!
0'
#285730000
1!
1'
b11111001010 7
#285740000
0!
0'
#285750000
1!
1'
b11111001011 7
#285760000
0!
0'
#285770000
1!
1'
b11111001100 7
#285780000
0!
0'
#285790000
1!
1'
b11111001101 7
#285800000
0!
0'
#285810000
1!
1'
b11111001110 7
#285820000
0!
0'
#285830000
1!
1'
b11111001111 7
#285840000
0!
0'
#285850000
1!
1'
b11111010000 7
#285860000
0!
0'
#285870000
1!
1'
b11111010001 7
#285880000
0!
0'
#285890000
1!
1'
b11111010010 7
#285900000
0!
0'
#285910000
1!
1'
b11111010011 7
#285920000
0!
0'
#285930000
1!
1'
b11111010100 7
#285940000
0!
0'
#285950000
1!
1'
b11111010101 7
#285960000
0!
0'
#285970000
1!
1'
b11111010110 7
#285980000
0!
0'
#285990000
1!
1'
b11111010111 7
#286000000
0!
0'
#286010000
1!
1'
b11111011000 7
#286020000
0!
0'
#286030000
1!
1'
b11111011001 7
#286040000
0!
0'
#286050000
1!
1'
b11111011010 7
#286060000
0!
0'
#286070000
1!
1'
b11111011011 7
#286080000
0!
0'
#286090000
1!
1'
b11111011100 7
#286100000
0!
0'
#286110000
1!
1'
b11111011101 7
#286120000
0!
0'
#286130000
1!
1'
b11111011110 7
#286140000
0!
0'
#286150000
1!
1'
b11111011111 7
#286160000
0!
0'
#286170000
1!
1'
b11111100000 7
#286180000
0!
0'
#286190000
1!
1'
b11111100001 7
#286200000
0!
0'
#286210000
1!
1'
b11111100010 7
#286220000
0!
0'
#286230000
1!
1'
b11111100011 7
#286240000
0!
0'
#286250000
1!
1'
b11111100100 7
#286260000
0!
0'
#286270000
1!
1'
b11111100101 7
#286280000
0!
0'
#286290000
1!
1'
b11111100110 7
#286300000
0!
0'
#286310000
1!
1'
b11111100111 7
#286320000
0!
0'
#286330000
1!
1'
b11111101000 7
#286340000
0!
0'
#286350000
1!
1'
b11111101001 7
#286360000
0!
0'
#286370000
1!
1'
b11111101010 7
#286380000
0!
0'
#286390000
1!
1'
b11111101011 7
#286400000
0!
0'
#286410000
1!
1'
b11111101100 7
#286420000
0!
0'
#286430000
1!
1'
b11111101101 7
#286440000
0!
0'
#286450000
1!
1'
b11111101110 7
#286460000
0!
0'
#286470000
1!
1'
b11111101111 7
#286480000
0!
0'
#286490000
1!
1'
b11111110000 7
#286500000
0!
0'
#286510000
1!
1'
b11111110001 7
#286520000
0!
0'
#286530000
1!
1'
b11111110010 7
#286540000
0!
0'
#286550000
1!
1'
b11111110011 7
#286560000
0!
0'
#286570000
1!
1'
b11111110100 7
#286580000
0!
0'
#286590000
1!
1'
b11111110101 7
#286600000
0!
0'
#286610000
1!
1'
b11111110110 7
#286620000
0!
0'
#286630000
1!
1'
b11111110111 7
#286640000
0!
0'
#286650000
1!
1'
b11111111000 7
#286660000
0!
0'
#286670000
1!
1'
b11111111001 7
#286680000
0!
0'
#286690000
1!
1'
b11111111010 7
#286700000
0!
0'
#286710000
1!
1'
b11111111011 7
#286720000
0!
0'
#286730000
1!
1'
b11111111100 7
#286740000
0!
0'
#286750000
1!
1'
b11111111101 7
#286760000
0!
0'
#286770000
1!
1'
b11111111110 7
#286780000
0!
0'
#286790000
1!
1'
b11111111111 7
#286800000
0!
0'
#286810000
1!
1'
b100000000000 7
#286820000
0!
0'
#286830000
1!
1'
b100000000001 7
#286840000
0!
0'
#286850000
1!
1'
b100000000010 7
#286860000
0!
0'
#286870000
1!
1'
b100000000011 7
#286880000
0!
0'
#286890000
1!
1'
b100000000100 7
#286900000
0!
0'
#286910000
1!
1'
b100000000101 7
#286920000
0!
0'
#286930000
1!
1'
b100000000110 7
#286940000
0!
0'
#286950000
1!
1'
b100000000111 7
#286960000
0!
0'
#286970000
1!
1'
b100000001000 7
#286980000
0!
0'
#286990000
1!
1'
b100000001001 7
#287000000
0!
0'
#287010000
1!
1'
b100000001010 7
#287020000
0!
0'
#287030000
1!
1'
b100000001011 7
#287040000
0!
0'
#287050000
1!
1'
b100000001100 7
#287060000
0!
0'
#287070000
1!
1'
b100000001101 7
#287080000
0!
0'
#287090000
1!
1'
b100000001110 7
#287100000
0!
0'
#287110000
1!
1'
b100000001111 7
#287120000
0!
0'
#287130000
1!
1'
b100000010000 7
#287140000
0!
0'
#287150000
1!
1'
b100000010001 7
#287160000
0!
0'
#287170000
1!
1'
b100000010010 7
#287180000
0!
0'
#287190000
1!
1'
b100000010011 7
#287200000
0!
0'
#287210000
1!
1'
b100000010100 7
#287220000
0!
0'
#287230000
1!
1'
b100000010101 7
#287240000
0!
0'
#287250000
1!
1'
b100000010110 7
#287260000
0!
0'
#287270000
1!
1'
b100000010111 7
#287280000
0!
0'
#287290000
1!
1'
b100000011000 7
#287300000
0!
0'
#287310000
1!
1'
b100000011001 7
#287320000
0!
0'
#287330000
1!
1'
b100000011010 7
#287340000
0!
0'
#287350000
1!
1'
b100000011011 7
#287360000
0!
0'
#287370000
1!
1'
b100000011100 7
#287380000
0!
0'
#287390000
1!
1'
b100000011101 7
#287400000
0!
0'
#287410000
1!
1'
b100000011110 7
#287420000
0!
0'
#287430000
1!
1'
b100000011111 7
#287440000
0!
0'
#287450000
1!
1'
b100000100000 7
#287460000
0!
0'
#287470000
1!
1'
b100000100001 7
#287480000
0!
0'
#287490000
1!
1'
b100000100010 7
#287500000
0!
0'
#287510000
1!
1'
b100000100011 7
#287520000
0!
0'
#287530000
1!
1'
b100000100100 7
#287540000
0!
0'
#287550000
1!
1'
b100000100101 7
#287560000
0!
0'
#287570000
1!
1'
b100000100110 7
#287580000
0!
0'
#287590000
1!
1'
b100000100111 7
#287600000
0!
0'
#287610000
1!
1'
b100000101000 7
#287620000
0!
0'
#287630000
1!
1'
b100000101001 7
#287640000
0!
0'
#287650000
1!
1'
b100000101010 7
#287660000
0!
0'
#287670000
1!
1'
b100000101011 7
#287680000
0!
0'
#287690000
1!
1'
b100000101100 7
#287700000
0!
0'
#287710000
1!
1'
b100000101101 7
#287720000
0!
0'
#287730000
1!
1'
b100000101110 7
#287740000
0!
0'
#287750000
1!
1'
b100000101111 7
#287760000
0!
0'
#287770000
1!
1'
b100000110000 7
#287780000
0!
0'
#287790000
1!
1'
b100000110001 7
#287800000
0!
0'
#287810000
1!
1'
b100000110010 7
#287820000
0!
0'
#287830000
1!
1'
b100000110011 7
#287840000
0!
0'
#287850000
1!
1'
b100000110100 7
#287860000
0!
0'
#287870000
1!
1'
b100000110101 7
#287880000
0!
0'
#287890000
1!
1'
b100000110110 7
#287900000
0!
0'
#287910000
1!
1'
b100000110111 7
#287920000
0!
0'
#287930000
1!
1'
b100000111000 7
#287940000
0!
0'
#287950000
1!
1'
b100000111001 7
#287960000
0!
0'
#287970000
1!
1'
b100000111010 7
#287980000
0!
0'
#287990000
1!
1'
b100000111011 7
#288000000
0!
0'
#288010000
1!
1'
b100000111100 7
#288020000
0!
0'
#288030000
1!
1'
b100000111101 7
#288040000
0!
0'
#288050000
1!
1'
b100000111110 7
#288060000
0!
0'
#288070000
1!
1'
b100000111111 7
#288080000
0!
0'
#288090000
1!
1'
b100001000000 7
#288100000
0!
0'
#288110000
1!
1'
b100001000001 7
#288120000
0!
0'
#288130000
1!
1'
b100001000010 7
#288140000
0!
0'
#288150000
1!
1'
b100001000011 7
#288160000
0!
0'
#288170000
1!
1'
b100001000100 7
#288180000
0!
0'
#288190000
1!
1'
b100001000101 7
#288200000
0!
0'
#288210000
1!
1'
b100001000110 7
#288220000
0!
0'
#288230000
1!
1'
b100001000111 7
#288240000
0!
0'
#288250000
1!
1'
b100001001000 7
#288260000
0!
0'
#288270000
1!
1'
b100001001001 7
#288280000
0!
0'
#288290000
1!
1'
b100001001010 7
#288300000
0!
0'
#288310000
1!
1'
b100001001011 7
#288320000
0!
0'
#288330000
1!
1'
b100001001100 7
#288340000
0!
0'
#288350000
1!
1'
b100001001101 7
#288360000
0!
0'
#288370000
1!
1'
b100001001110 7
#288380000
0!
0'
#288390000
1!
1'
b100001001111 7
#288400000
0!
0'
#288410000
1!
1'
b100001010000 7
#288420000
0!
0'
#288430000
1!
1'
b100001010001 7
#288440000
0!
0'
#288450000
1!
1'
b100001010010 7
#288460000
0!
0'
#288470000
1!
1'
b100001010011 7
#288480000
0!
0'
#288490000
1!
1'
b100001010100 7
#288500000
0!
0'
#288510000
1!
1'
b100001010101 7
#288520000
0!
0'
#288530000
1!
1'
b100001010110 7
#288540000
0!
0'
#288550000
1!
1'
b100001010111 7
#288560000
0!
0'
#288570000
1!
1'
b100001011000 7
#288580000
0!
0'
#288590000
1!
1'
b100001011001 7
#288600000
0!
0'
#288610000
1!
1'
b100001011010 7
#288620000
0!
0'
#288630000
1!
1'
b100001011011 7
#288640000
0!
0'
#288650000
1!
1'
b100001011100 7
#288660000
0!
0'
#288670000
1!
1'
b100001011101 7
#288680000
0!
0'
#288690000
1!
1'
b100001011110 7
#288700000
0!
0'
#288710000
1!
1'
b100001011111 7
#288720000
0!
0'
#288730000
1!
1'
b100001100000 7
#288740000
0!
0'
#288750000
1!
1'
b100001100001 7
#288760000
0!
0'
#288770000
1!
1'
b100001100010 7
#288780000
0!
0'
#288790000
1!
1'
b100001100011 7
#288800000
0!
0'
#288810000
1!
1'
b100001100100 7
#288820000
0!
0'
#288830000
1!
1'
b100001100101 7
#288840000
0!
0'
#288850000
1!
1'
b100001100110 7
#288860000
0!
0'
#288870000
1!
1'
b100001100111 7
#288880000
0!
0'
#288890000
1!
1'
b100001101000 7
#288900000
0!
0'
#288910000
1!
1'
b100001101001 7
#288920000
0!
0'
#288930000
1!
1'
b100001101010 7
#288940000
0!
0'
#288950000
1!
1'
b100001101011 7
#288960000
0!
0'
#288970000
1!
1'
b100001101100 7
#288980000
0!
0'
#288990000
1!
1'
b100001101101 7
#289000000
0!
0'
#289010000
1!
1'
b100001101110 7
#289020000
0!
0'
#289030000
1!
1'
b100001101111 7
#289040000
0!
0'
#289050000
1!
1'
b100001110000 7
#289060000
0!
0'
#289070000
1!
1'
b100001110001 7
#289080000
0!
0'
#289090000
1!
1'
b100001110010 7
#289100000
0!
0'
#289110000
1!
1'
b100001110011 7
#289120000
0!
0'
#289130000
1!
1'
b100001110100 7
#289140000
0!
0'
#289150000
1!
1'
b100001110101 7
#289160000
0!
0'
#289170000
1!
1'
b100001110110 7
#289180000
0!
0'
#289190000
1!
1'
b100001110111 7
#289200000
0!
0'
#289210000
1!
1'
b100001111000 7
#289220000
0!
0'
#289230000
1!
1'
b100001111001 7
#289240000
0!
0'
#289250000
1!
1'
b100001111010 7
#289260000
0!
0'
#289270000
1!
1'
b100001111011 7
#289280000
0!
0'
#289290000
1!
1'
b100001111100 7
#289300000
0!
0'
#289310000
1!
1'
b100001111101 7
#289320000
0!
0'
#289330000
1!
1'
b100001111110 7
#289340000
0!
0'
#289350000
1!
1'
b100001111111 7
#289360000
0!
0'
#289370000
1!
1'
b100010000000 7
#289380000
0!
0'
#289390000
1!
1'
b100010000001 7
#289400000
0!
0'
#289410000
1!
1'
b100010000010 7
#289420000
0!
0'
#289430000
1!
1'
b100010000011 7
#289440000
0!
0'
#289450000
1!
1'
b100010000100 7
#289460000
0!
0'
#289470000
1!
1'
b100010000101 7
#289480000
0!
0'
#289490000
1!
1'
b100010000110 7
#289500000
0!
0'
#289510000
1!
1'
b100010000111 7
#289520000
0!
0'
#289530000
1!
1'
b100010001000 7
#289540000
0!
0'
#289550000
1!
1'
b100010001001 7
#289560000
0!
0'
#289570000
1!
1'
b100010001010 7
#289580000
0!
0'
#289590000
1!
1'
b100010001011 7
#289600000
0!
0'
#289610000
1!
1'
b100010001100 7
#289620000
0!
0'
#289630000
1!
1'
b100010001101 7
#289640000
0!
0'
#289650000
1!
1'
b100010001110 7
#289660000
0!
0'
#289670000
1!
1'
b100010001111 7
#289680000
0!
0'
#289690000
1!
1'
b100010010000 7
#289700000
0!
0'
#289710000
1!
1'
b100010010001 7
#289720000
0!
0'
#289730000
1!
1'
b100010010010 7
#289740000
0!
0'
#289750000
1!
1'
b100010010011 7
#289760000
0!
0'
#289770000
1!
1'
b100010010100 7
#289780000
0!
0'
#289790000
1!
1'
b100010010101 7
#289800000
0!
0'
#289810000
1!
1'
b100010010110 7
#289820000
0!
0'
#289830000
1!
1'
b100010010111 7
#289840000
0!
0'
#289850000
1!
1'
b100010011000 7
#289860000
0!
0'
#289870000
1!
1'
b100010011001 7
#289880000
0!
0'
#289890000
1!
1'
b100010011010 7
#289900000
0!
0'
#289910000
1!
1'
b100010011011 7
#289920000
0!
0'
#289930000
1!
1'
b100010011100 7
#289940000
0!
0'
#289950000
1!
1'
b100010011101 7
#289960000
0!
0'
#289970000
1!
1'
b100010011110 7
#289980000
0!
0'
#289990000
1!
1'
b100010011111 7
#290000000
0!
0'
#290010000
1!
1'
b100010100000 7
#290020000
0!
0'
#290030000
1!
1'
b100010100001 7
#290040000
0!
0'
#290050000
1!
1'
b100010100010 7
#290060000
0!
0'
#290070000
1!
1'
b100010100011 7
#290080000
0!
0'
#290090000
1!
1'
b100010100100 7
#290100000
0!
0'
#290110000
1!
1'
b100010100101 7
#290120000
0!
0'
#290130000
1!
1'
b100010100110 7
#290140000
0!
0'
#290150000
1!
1'
b100010100111 7
#290160000
0!
0'
#290170000
1!
1'
b100010101000 7
#290180000
0!
0'
#290190000
1!
1'
b100010101001 7
#290200000
0!
0'
#290210000
1!
1'
b100010101010 7
#290220000
0!
0'
#290230000
1!
1'
b100010101011 7
#290240000
0!
0'
#290250000
1!
1'
b100010101100 7
#290260000
0!
0'
#290270000
1!
1'
b100010101101 7
#290280000
0!
0'
#290290000
1!
1'
b100010101110 7
#290300000
0!
0'
#290310000
1!
1'
b100010101111 7
#290320000
0!
0'
#290330000
1!
1'
b100010110000 7
#290340000
0!
0'
#290350000
1!
1'
b100010110001 7
#290360000
0!
0'
#290370000
1!
1'
b100010110010 7
#290380000
0!
0'
#290390000
1!
1'
b100010110011 7
#290400000
0!
0'
#290410000
1!
1'
b100010110100 7
#290420000
0!
0'
#290430000
1!
1'
b100010110101 7
#290440000
0!
0'
#290450000
1!
1'
b100010110110 7
#290460000
0!
0'
#290470000
1!
1'
b100010110111 7
#290480000
0!
0'
#290490000
1!
1'
b100010111000 7
#290500000
0!
0'
#290510000
1!
1'
b100010111001 7
#290520000
0!
0'
#290530000
1!
1'
b100010111010 7
#290540000
0!
0'
#290550000
1!
1'
b100010111011 7
#290560000
0!
0'
#290570000
1!
1'
b100010111100 7
#290580000
0!
0'
#290590000
1!
1'
b100010111101 7
#290600000
0!
0'
#290610000
1!
1'
b100010111110 7
#290620000
0!
0'
#290630000
1!
1'
b100010111111 7
#290640000
0!
0'
#290650000
1!
1'
b100011000000 7
#290660000
0!
0'
#290670000
1!
1'
b100011000001 7
#290680000
0!
0'
#290690000
1!
1'
b100011000010 7
#290700000
0!
0'
#290710000
1!
1'
b100011000011 7
#290720000
0!
0'
#290730000
1!
1'
b100011000100 7
#290740000
0!
0'
#290750000
1!
1'
b100011000101 7
#290760000
0!
0'
#290770000
1!
1'
b100011000110 7
#290780000
0!
0'
#290790000
1!
1'
b100011000111 7
#290800000
0!
0'
#290810000
1!
1'
b100011001000 7
#290820000
0!
0'
#290830000
1!
1'
b100011001001 7
#290840000
0!
0'
#290850000
1!
1'
b100011001010 7
#290860000
0!
0'
#290870000
1!
1'
b100011001011 7
#290880000
0!
0'
#290890000
1!
1'
b100011001100 7
#290900000
0!
0'
#290910000
1!
1'
b100011001101 7
#290920000
0!
0'
#290930000
1!
1'
b100011001110 7
#290940000
0!
0'
#290950000
1!
1'
b100011001111 7
#290960000
0!
0'
#290970000
1!
1'
b100011010000 7
#290980000
0!
0'
#290990000
1!
1'
b100011010001 7
#291000000
0!
0'
#291010000
1!
1'
b100011010010 7
#291020000
0!
0'
#291030000
1!
1'
b100011010011 7
#291040000
0!
0'
#291050000
1!
1'
b100011010100 7
#291060000
0!
0'
#291070000
1!
1'
b100011010101 7
#291080000
0!
0'
#291090000
1!
1'
b100011010110 7
#291100000
0!
0'
#291110000
1!
1'
b100011010111 7
#291120000
0!
0'
#291130000
1!
1'
b100011011000 7
#291140000
0!
0'
#291150000
1!
1'
b100011011001 7
#291160000
0!
0'
#291170000
1!
1'
b100011011010 7
#291180000
0!
0'
#291190000
1!
1'
b100011011011 7
#291200000
0!
0'
#291210000
1!
1'
b100011011100 7
#291220000
0!
0'
#291230000
1!
1'
b100011011101 7
#291240000
0!
0'
#291250000
1!
1'
b100011011110 7
#291260000
0!
0'
#291270000
1!
1'
b100011011111 7
#291280000
0!
0'
#291290000
1!
1'
b100011100000 7
#291300000
0!
0'
#291310000
1!
1'
b100011100001 7
#291320000
0!
0'
#291330000
1!
1'
b100011100010 7
#291340000
0!
0'
#291350000
1!
1'
b100011100011 7
#291360000
0!
0'
#291370000
1!
1'
b100011100100 7
#291380000
0!
0'
#291390000
1!
1'
b100011100101 7
#291400000
0!
0'
#291410000
1!
1'
b100011100110 7
#291420000
0!
0'
#291430000
1!
1'
b100011100111 7
#291440000
0!
0'
#291450000
1!
1'
b100011101000 7
#291460000
0!
0'
#291470000
1!
1'
b100011101001 7
#291480000
0!
0'
#291490000
1!
1'
b100011101010 7
#291500000
0!
0'
#291510000
1!
1'
b100011101011 7
#291520000
0!
0'
#291530000
1!
1'
b100011101100 7
#291540000
0!
0'
#291550000
1!
1'
b100011101101 7
#291560000
0!
0'
#291570000
1!
1'
b100011101110 7
#291580000
0!
0'
#291590000
1!
1'
b100011101111 7
#291600000
0!
0'
#291610000
1!
1'
b100011110000 7
#291620000
0!
0'
#291630000
1!
1'
b100011110001 7
#291640000
0!
0'
#291650000
1!
1'
b100011110010 7
#291660000
0!
0'
#291670000
1!
1'
b100011110011 7
#291680000
0!
0'
#291690000
1!
1'
b100011110100 7
#291700000
0!
0'
#291710000
1!
1'
b100011110101 7
#291720000
0!
0'
#291730000
1!
1'
b100011110110 7
#291740000
0!
0'
#291750000
1!
1'
b100011110111 7
#291760000
0!
0'
#291770000
1!
1'
b100011111000 7
#291780000
0!
0'
#291790000
1!
1'
b100011111001 7
#291800000
0!
0'
#291810000
1!
1'
b100011111010 7
#291820000
0!
0'
#291830000
1!
1'
b100011111011 7
#291840000
0!
0'
#291850000
1!
1'
b100011111100 7
#291860000
0!
0'
#291870000
1!
1'
b100011111101 7
#291880000
0!
0'
#291890000
1!
1'
b100011111110 7
#291900000
0!
0'
#291910000
1!
1'
b100011111111 7
#291920000
0!
0'
#291930000
1!
1'
b100100000000 7
#291940000
0!
0'
#291950000
1!
1'
b100100000001 7
#291960000
0!
0'
#291970000
1!
1'
b100100000010 7
#291980000
0!
0'
#291990000
1!
1'
b100100000011 7
#292000000
0!
0'
#292010000
1!
1'
b100100000100 7
#292020000
0!
0'
#292030000
1!
1'
b100100000101 7
#292040000
0!
0'
#292050000
1!
1'
b100100000110 7
#292060000
0!
0'
#292070000
1!
1'
b100100000111 7
#292080000
0!
0'
#292090000
1!
1'
b100100001000 7
#292100000
0!
0'
#292110000
1!
1'
b100100001001 7
#292120000
0!
0'
#292130000
1!
1'
b100100001010 7
#292140000
0!
0'
#292150000
1!
1'
b100100001011 7
#292160000
0!
0'
#292170000
1!
1'
b100100001100 7
#292180000
0!
0'
#292190000
1!
1'
b100100001101 7
#292200000
0!
0'
#292210000
1!
1'
b100100001110 7
#292220000
0!
0'
#292230000
1!
1'
b100100001111 7
#292240000
0!
0'
#292250000
1!
1'
b100100010000 7
#292260000
0!
0'
#292270000
1!
1'
b100100010001 7
#292280000
0!
0'
#292290000
1!
1'
b100100010010 7
#292300000
0!
0'
#292310000
1!
1'
b100100010011 7
#292320000
0!
0'
#292330000
1!
1'
b100100010100 7
#292340000
0!
0'
#292350000
1!
1'
b100100010101 7
#292360000
0!
0'
#292370000
1!
1'
b100100010110 7
#292380000
0!
0'
#292390000
1!
1'
b100100010111 7
#292400000
0!
0'
#292410000
1!
1'
b100100011000 7
#292420000
0!
0'
#292430000
1!
1'
b100100011001 7
#292440000
0!
0'
#292450000
1!
1'
b100100011010 7
#292460000
0!
0'
#292470000
1!
1'
b100100011011 7
#292480000
0!
0'
#292490000
1!
1'
b100100011100 7
#292500000
0!
0'
#292510000
1!
1'
b100100011101 7
#292520000
0!
0'
#292530000
1!
1'
b100100011110 7
#292540000
0!
0'
#292550000
1!
1'
b100100011111 7
#292560000
0!
0'
#292570000
1!
1'
b100100100000 7
#292580000
0!
0'
#292590000
1!
1'
b100100100001 7
#292600000
0!
0'
#292610000
1!
1'
b100100100010 7
#292620000
0!
0'
#292630000
1!
1'
b100100100011 7
#292640000
0!
0'
#292650000
1!
1'
b100100100100 7
#292660000
0!
0'
#292670000
1!
1'
b100100100101 7
#292680000
0!
0'
#292690000
1!
1'
b100100100110 7
#292700000
0!
0'
#292710000
1!
1'
b100100100111 7
#292720000
0!
0'
#292730000
1!
1'
b100100101000 7
#292740000
0!
0'
#292750000
1!
1'
b100100101001 7
#292760000
0!
0'
#292770000
1!
1'
b100100101010 7
#292780000
0!
0'
#292790000
1!
1'
b100100101011 7
#292800000
0!
0'
#292810000
1!
1'
b100100101100 7
#292820000
0!
0'
#292830000
1!
1'
b100100101101 7
#292840000
0!
0'
#292850000
1!
1'
b100100101110 7
#292860000
0!
0'
#292870000
1!
1'
b100100101111 7
#292880000
0!
0'
#292890000
1!
1'
b100100110000 7
#292900000
0!
0'
#292910000
1!
1'
b100100110001 7
#292920000
0!
0'
#292930000
1!
1'
b100100110010 7
#292940000
0!
0'
#292950000
1!
1'
b100100110011 7
#292960000
0!
0'
#292970000
1!
1'
b100100110100 7
#292980000
0!
0'
#292990000
1!
1'
b100100110101 7
#293000000
0!
0'
#293010000
1!
1'
b100100110110 7
#293020000
0!
0'
#293030000
1!
1'
b100100110111 7
#293040000
0!
0'
#293050000
1!
1'
b100100111000 7
#293060000
0!
0'
#293070000
1!
1'
b100100111001 7
#293080000
0!
0'
#293090000
1!
1'
b100100111010 7
#293100000
0!
0'
#293110000
1!
1'
b100100111011 7
#293120000
0!
0'
#293130000
1!
1'
b100100111100 7
#293140000
0!
0'
#293150000
1!
1'
b100100111101 7
#293160000
0!
0'
#293170000
1!
1'
b100100111110 7
#293180000
0!
0'
#293190000
1!
1'
b100100111111 7
#293200000
0!
0'
#293210000
1!
1'
b100101000000 7
#293220000
0!
0'
#293230000
1!
1'
b100101000001 7
#293240000
0!
0'
#293250000
1!
1'
b100101000010 7
#293260000
0!
0'
#293270000
1!
1'
b100101000011 7
#293280000
0!
0'
#293290000
1!
1'
b100101000100 7
#293300000
0!
0'
#293310000
1!
1'
b100101000101 7
#293320000
0!
0'
#293330000
1!
1'
b100101000110 7
#293340000
0!
0'
#293350000
1!
1'
b100101000111 7
#293360000
0!
0'
#293370000
1!
1'
b100101001000 7
#293380000
0!
0'
#293390000
1!
1'
b100101001001 7
#293400000
0!
0'
#293410000
1!
1'
b100101001010 7
#293420000
0!
0'
#293430000
1!
1'
b100101001011 7
#293440000
0!
0'
#293450000
1!
1'
b100101001100 7
#293460000
0!
0'
#293470000
1!
1'
b100101001101 7
#293480000
0!
0'
#293490000
1!
1'
b100101001110 7
#293500000
0!
0'
#293510000
1!
1'
b100101001111 7
#293520000
0!
0'
#293530000
1!
1'
b100101010000 7
#293540000
0!
0'
#293550000
1!
1'
b100101010001 7
#293560000
0!
0'
#293570000
1!
1'
b100101010010 7
#293580000
0!
0'
#293590000
1!
1'
b100101010011 7
#293600000
0!
0'
#293610000
1!
1'
b100101010100 7
#293620000
0!
0'
#293630000
1!
1'
b100101010101 7
#293640000
0!
0'
#293650000
1!
1'
b100101010110 7
#293660000
0!
0'
#293670000
1!
1'
b100101010111 7
#293680000
0!
0'
#293690000
1!
1'
b100101011000 7
#293700000
0!
0'
#293710000
1!
1'
b100101011001 7
#293720000
0!
0'
#293730000
1!
1'
b100101011010 7
#293740000
0!
0'
#293750000
1!
1'
b100101011011 7
#293760000
0!
0'
#293770000
1!
1'
b100101011100 7
#293780000
0!
0'
#293790000
1!
1'
b100101011101 7
#293800000
0!
0'
#293810000
1!
1'
b100101011110 7
#293820000
0!
0'
#293830000
1!
1'
b100101011111 7
#293840000
0!
0'
#293850000
1!
1'
b100101100000 7
#293860000
0!
0'
#293870000
1!
1'
b100101100001 7
#293880000
0!
0'
#293890000
1!
1'
b100101100010 7
#293900000
0!
0'
#293910000
1!
1'
b100101100011 7
#293920000
0!
0'
#293930000
1!
1'
b100101100100 7
#293940000
0!
0'
#293950000
1!
1'
b100101100101 7
#293960000
0!
0'
#293970000
1!
1'
b100101100110 7
#293980000
0!
0'
#293990000
1!
1'
b100101100111 7
#294000000
0!
0'
#294010000
1!
1'
b100101101000 7
#294020000
0!
0'
#294030000
1!
1'
b100101101001 7
#294040000
0!
0'
#294050000
1!
1'
b100101101010 7
#294060000
0!
0'
#294070000
1!
1'
b100101101011 7
#294080000
0!
0'
#294090000
1!
1'
b100101101100 7
#294100000
0!
0'
#294110000
1!
1'
b100101101101 7
#294120000
0!
0'
#294130000
1!
1'
b100101101110 7
#294140000
0!
0'
#294150000
1!
1'
b100101101111 7
#294160000
0!
0'
#294170000
1!
1'
b100101110000 7
#294180000
0!
0'
#294190000
1!
1'
b100101110001 7
#294200000
0!
0'
#294210000
1!
1'
b100101110010 7
#294220000
0!
0'
#294230000
1!
1'
b100101110011 7
#294240000
0!
0'
#294250000
1!
1'
b100101110100 7
#294260000
0!
0'
#294270000
1!
1'
b100101110101 7
#294280000
0!
0'
#294290000
1!
1'
b100101110110 7
#294300000
0!
0'
#294310000
1!
1'
b100101110111 7
#294320000
0!
0'
#294330000
1!
1'
b100101111000 7
#294340000
0!
0'
#294350000
1!
1'
b100101111001 7
#294360000
0!
0'
#294370000
1!
1'
b100101111010 7
#294380000
0!
0'
#294390000
1!
1'
b100101111011 7
#294400000
0!
0'
#294410000
1!
1'
b100101111100 7
#294420000
0!
0'
#294430000
1!
1'
b100101111101 7
#294440000
0!
0'
#294450000
1!
1'
b100101111110 7
#294460000
0!
0'
#294470000
1!
1'
b100101111111 7
#294480000
0!
0'
#294490000
1!
1'
b100110000000 7
#294500000
0!
0'
#294510000
1!
1'
b100110000001 7
#294520000
0!
0'
#294530000
1!
1'
b100110000010 7
#294540000
0!
0'
#294550000
1!
1'
b100110000011 7
#294560000
0!
0'
#294570000
1!
1'
b100110000100 7
#294580000
0!
0'
#294590000
1!
1'
b100110000101 7
#294600000
0!
0'
#294610000
1!
1'
b100110000110 7
#294620000
0!
0'
#294630000
1!
1'
b100110000111 7
#294640000
0!
0'
#294650000
1!
1'
b100110001000 7
#294660000
0!
0'
#294670000
1!
1'
b100110001001 7
#294680000
0!
0'
#294690000
1!
1'
b100110001010 7
#294700000
0!
0'
#294710000
1!
1'
b100110001011 7
#294720000
0!
0'
#294730000
1!
1'
b100110001100 7
#294740000
0!
0'
#294750000
1!
1'
b100110001101 7
#294760000
0!
0'
#294770000
1!
1'
b100110001110 7
#294780000
0!
0'
#294790000
1!
1'
b100110001111 7
#294800000
0!
0'
#294810000
1!
1'
b100110010000 7
#294820000
0!
0'
#294830000
1!
1'
b100110010001 7
#294840000
0!
0'
#294850000
1!
1'
b100110010010 7
#294860000
0!
0'
#294870000
1!
1'
b100110010011 7
#294880000
0!
0'
#294890000
1!
1'
b100110010100 7
#294900000
0!
0'
#294910000
1!
1'
b100110010101 7
#294920000
0!
0'
#294930000
1!
1'
b100110010110 7
#294940000
0!
0'
#294950000
1!
1'
b100110010111 7
#294960000
0!
0'
#294970000
1!
1'
b100110011000 7
#294980000
0!
0'
#294990000
1!
1'
b100110011001 7
#295000000
0!
0'
#295010000
1!
1'
b100110011010 7
#295020000
0!
0'
#295030000
1!
1'
b100110011011 7
#295040000
0!
0'
#295050000
1!
1'
b100110011100 7
#295060000
0!
0'
#295070000
1!
1'
b100110011101 7
#295080000
0!
0'
#295090000
1!
1'
b100110011110 7
#295100000
0!
0'
#295110000
1!
1'
b100110011111 7
#295120000
0!
0'
#295130000
1!
1'
b100110100000 7
#295140000
0!
0'
#295150000
1!
1'
b100110100001 7
#295160000
0!
0'
#295170000
1!
1'
b100110100010 7
#295180000
0!
0'
#295190000
1!
1'
b100110100011 7
#295200000
0!
0'
#295210000
1!
1'
b100110100100 7
#295220000
0!
0'
#295230000
1!
1'
b100110100101 7
#295240000
0!
0'
#295250000
1!
1'
b100110100110 7
#295260000
0!
0'
#295270000
1!
1'
b100110100111 7
#295280000
0!
0'
#295290000
1!
1'
b100110101000 7
#295300000
0!
0'
#295310000
1!
1'
b100110101001 7
#295320000
0!
0'
#295330000
1!
1'
b100110101010 7
#295340000
0!
0'
#295350000
1!
1'
b100110101011 7
#295360000
0!
0'
#295370000
1!
1'
b100110101100 7
#295380000
0!
0'
#295390000
1!
1'
b100110101101 7
#295400000
0!
0'
#295410000
1!
1'
b100110101110 7
#295420000
0!
0'
#295430000
1!
1'
b100110101111 7
#295440000
0!
0'
#295450000
1!
1'
b100110110000 7
#295460000
0!
0'
#295470000
1!
1'
b100110110001 7
#295480000
0!
0'
#295490000
1!
1'
b100110110010 7
#295500000
0!
0'
#295510000
1!
1'
b100110110011 7
#295520000
0!
0'
#295530000
1!
1'
b100110110100 7
#295540000
0!
0'
#295550000
1!
1'
b100110110101 7
#295560000
0!
0'
#295570000
1!
1'
b100110110110 7
#295580000
0!
0'
#295590000
1!
1'
b100110110111 7
#295600000
0!
0'
#295610000
1!
1'
b100110111000 7
#295620000
0!
0'
#295630000
1!
1'
b100110111001 7
#295640000
0!
0'
#295650000
1!
1'
b100110111010 7
#295660000
0!
0'
#295670000
1!
1'
b100110111011 7
#295680000
0!
0'
#295690000
1!
1'
b100110111100 7
#295700000
0!
0'
#295710000
1!
1'
b100110111101 7
#295720000
0!
0'
#295730000
1!
1'
b100110111110 7
#295740000
0!
0'
#295750000
1!
1'
b100110111111 7
#295760000
0!
0'
#295770000
1!
1'
b100111000000 7
#295780000
0!
0'
#295790000
1!
1'
b100111000001 7
#295800000
0!
0'
#295810000
1!
1'
b100111000010 7
#295820000
0!
0'
#295830000
1!
1'
b100111000011 7
#295840000
0!
0'
#295850000
1!
1'
b100111000100 7
#295860000
0!
0'
#295870000
1!
1'
b100111000101 7
#295880000
0!
0'
#295890000
1!
1'
b100111000110 7
#295900000
0!
0'
#295910000
1!
1'
b100111000111 7
#295920000
0!
0'
#295930000
1!
1'
b100111001000 7
#295940000
0!
0'
#295950000
1!
1'
b100111001001 7
#295960000
0!
0'
#295970000
1!
1'
b100111001010 7
#295980000
0!
0'
#295990000
1!
1'
b100111001011 7
#296000000
0!
0'
#296010000
1!
1'
b100111001100 7
#296020000
0!
0'
#296030000
1!
1'
b100111001101 7
#296040000
0!
0'
#296050000
1!
1'
b100111001110 7
#296060000
0!
0'
#296070000
1!
1'
b100111001111 7
#296080000
0!
0'
#296090000
1!
1'
b100111010000 7
#296100000
0!
0'
#296110000
1!
1'
b100111010001 7
#296120000
0!
0'
#296130000
1!
1'
b100111010010 7
#296140000
0!
0'
#296150000
1!
1'
b100111010011 7
#296160000
0!
0'
#296170000
1!
1'
b100111010100 7
#296180000
0!
0'
#296190000
1!
1'
b100111010101 7
#296200000
0!
0'
#296210000
1!
1'
b100111010110 7
#296220000
0!
0'
#296230000
1!
1'
b100111010111 7
#296240000
0!
0'
#296250000
1!
1'
b100111011000 7
#296260000
0!
0'
#296270000
1!
1'
b100111011001 7
#296280000
0!
0'
#296290000
1!
1'
b100111011010 7
#296300000
0!
0'
#296310000
1!
1'
b100111011011 7
#296320000
0!
0'
#296330000
1!
1'
b100111011100 7
#296340000
0!
0'
#296350000
1!
1'
b100111011101 7
#296360000
0!
0'
#296370000
1!
1'
b100111011110 7
#296380000
0!
0'
#296390000
1!
1'
b100111011111 7
#296400000
0!
0'
#296410000
1!
1'
b100111100000 7
#296420000
0!
0'
#296430000
1!
1'
b100111100001 7
#296440000
0!
0'
#296450000
1!
1'
b100111100010 7
#296460000
0!
0'
#296470000
1!
1'
b100111100011 7
#296480000
0!
0'
#296490000
1!
1'
b100111100100 7
#296500000
0!
0'
#296510000
1!
1'
b100111100101 7
#296520000
0!
0'
#296530000
1!
1'
b100111100110 7
#296540000
0!
0'
#296550000
1!
1'
b100111100111 7
#296560000
0!
0'
#296570000
1!
1'
b100111101000 7
#296580000
0!
0'
#296590000
1!
1'
b100111101001 7
#296600000
0!
0'
#296610000
1!
1'
b100111101010 7
#296620000
0!
0'
#296630000
1!
1'
b100111101011 7
#296640000
0!
0'
#296650000
1!
1'
b100111101100 7
#296660000
0!
0'
#296670000
1!
1'
b100111101101 7
#296680000
0!
0'
#296690000
1!
1'
b100111101110 7
#296700000
0!
0'
#296710000
1!
1'
b100111101111 7
#296720000
0!
0'
#296730000
1!
1'
b100111110000 7
#296740000
0!
0'
#296750000
1!
1'
b100111110001 7
#296760000
0!
0'
#296770000
1!
1'
b100111110010 7
#296780000
0!
0'
#296790000
1!
1'
b100111110011 7
#296800000
0!
0'
#296810000
1!
1'
b100111110100 7
#296820000
0!
0'
#296830000
1!
1'
b100111110101 7
#296840000
0!
0'
#296850000
1!
1'
b100111110110 7
#296860000
0!
0'
#296870000
1!
1'
b100111110111 7
#296880000
0!
0'
#296890000
1!
1'
b100111111000 7
#296900000
0!
0'
#296910000
1!
1'
b100111111001 7
#296920000
0!
0'
#296930000
1!
1'
b100111111010 7
#296940000
0!
0'
#296950000
1!
1'
b100111111011 7
#296960000
0!
0'
#296970000
1!
1'
b100111111100 7
#296980000
0!
0'
#296990000
1!
1'
b100111111101 7
#297000000
0!
0'
#297010000
1!
1'
b100111111110 7
#297020000
0!
0'
#297030000
1!
1'
b100111111111 7
#297040000
0!
0'
#297050000
1!
1'
b101000000000 7
#297060000
0!
0'
#297070000
1!
1'
b101000000001 7
#297080000
0!
0'
#297090000
1!
1'
b101000000010 7
#297100000
0!
0'
#297110000
1!
1'
b101000000011 7
#297120000
0!
0'
#297130000
1!
1'
b101000000100 7
#297140000
0!
0'
#297150000
1!
1'
b101000000101 7
#297160000
0!
0'
#297170000
1!
1'
b101000000110 7
#297180000
0!
0'
#297190000
1!
1'
b101000000111 7
#297200000
0!
0'
#297210000
1!
1'
b101000001000 7
#297220000
0!
0'
#297230000
1!
1'
b101000001001 7
#297240000
0!
0'
#297250000
1!
1'
b101000001010 7
#297260000
0!
0'
#297270000
1!
1'
b101000001011 7
#297280000
0!
0'
#297290000
1!
1'
b101000001100 7
#297300000
0!
0'
#297310000
1!
1'
b101000001101 7
#297320000
0!
0'
#297330000
1!
1'
b101000001110 7
#297340000
0!
0'
#297350000
1!
1'
b101000001111 7
#297360000
0!
0'
#297370000
1!
1'
b101000010000 7
#297380000
0!
0'
#297390000
1!
1'
b101000010001 7
#297400000
0!
0'
#297410000
1!
1'
b101000010010 7
#297420000
0!
0'
#297430000
1!
1'
b101000010011 7
#297440000
0!
0'
#297450000
1!
1'
b101000010100 7
#297460000
0!
0'
#297470000
1!
1'
b101000010101 7
#297480000
0!
0'
#297490000
1!
1'
b101000010110 7
#297500000
0!
0'
#297510000
1!
1'
b101000010111 7
#297520000
0!
0'
#297530000
1!
1'
b101000011000 7
#297540000
0!
0'
#297550000
1!
1'
b101000011001 7
#297560000
0!
0'
#297570000
1!
1'
b101000011010 7
#297580000
0!
0'
#297590000
1!
1'
b101000011011 7
#297600000
0!
0'
#297610000
1!
1'
b101000011100 7
#297620000
0!
0'
#297630000
1!
1'
b101000011101 7
#297640000
0!
0'
#297650000
1!
1'
b101000011110 7
#297660000
0!
0'
#297670000
1!
1'
b101000011111 7
#297680000
0!
0'
#297690000
1!
1'
b101000100000 7
#297700000
0!
0'
#297710000
1!
1'
b101000100001 7
#297720000
0!
0'
#297730000
1!
1'
b101000100010 7
#297740000
0!
0'
#297750000
1!
1'
b101000100011 7
#297760000
0!
0'
#297770000
1!
1'
b101000100100 7
#297780000
0!
0'
#297790000
1!
1'
b101000100101 7
#297800000
0!
0'
#297810000
1!
1'
b101000100110 7
#297820000
0!
0'
#297830000
1!
1'
b101000100111 7
#297840000
0!
0'
#297850000
1!
1'
b101000101000 7
#297860000
0!
0'
#297870000
1!
1'
b101000101001 7
#297880000
0!
0'
#297890000
1!
1'
b101000101010 7
#297900000
0!
0'
#297910000
1!
1'
b101000101011 7
#297920000
0!
0'
#297930000
1!
1'
b101000101100 7
#297940000
0!
0'
#297950000
1!
1'
b101000101101 7
#297960000
0!
0'
#297970000
1!
1'
b101000101110 7
#297980000
0!
0'
#297990000
1!
1'
b101000101111 7
#298000000
0!
0'
#298010000
1!
1'
b101000110000 7
#298020000
0!
0'
#298030000
1!
1'
b101000110001 7
#298040000
0!
0'
#298050000
1!
1'
b101000110010 7
#298060000
0!
0'
#298070000
1!
1'
b101000110011 7
#298080000
0!
0'
#298090000
1!
1'
b101000110100 7
#298100000
0!
0'
#298110000
1!
1'
b101000110101 7
#298120000
0!
0'
#298130000
1!
1'
b101000110110 7
#298140000
0!
0'
#298150000
1!
1'
b101000110111 7
#298160000
0!
0'
#298170000
1!
1'
b101000111000 7
#298180000
0!
0'
#298190000
1!
1'
b101000111001 7
#298200000
0!
0'
#298210000
1!
1'
b101000111010 7
#298220000
0!
0'
#298230000
1!
1'
b101000111011 7
#298240000
0!
0'
#298250000
1!
1'
b101000111100 7
#298260000
0!
0'
#298270000
1!
1'
b101000111101 7
#298280000
0!
0'
#298290000
1!
1'
b101000111110 7
#298300000
0!
0'
#298310000
1!
1'
b101000111111 7
#298320000
0!
0'
#298330000
1!
1'
b101001000000 7
#298340000
0!
0'
#298350000
1!
1'
b101001000001 7
#298360000
0!
0'
#298370000
1!
1'
b101001000010 7
#298380000
0!
0'
#298390000
1!
1'
b101001000011 7
#298400000
0!
0'
#298410000
1!
1'
b101001000100 7
#298420000
0!
0'
#298430000
1!
1'
b101001000101 7
#298440000
0!
0'
#298450000
1!
1'
b101001000110 7
#298460000
0!
0'
#298470000
1!
1'
b101001000111 7
#298480000
0!
0'
#298490000
1!
1'
b101001001000 7
#298500000
0!
0'
#298510000
1!
1'
b101001001001 7
#298520000
0!
0'
#298530000
1!
1'
b101001001010 7
#298540000
0!
0'
#298550000
1!
1'
b101001001011 7
#298560000
0!
0'
#298570000
1!
1'
b101001001100 7
#298580000
0!
0'
#298590000
1!
1'
b101001001101 7
#298600000
0!
0'
#298610000
1!
1'
b101001001110 7
#298620000
0!
0'
#298630000
1!
1'
b101001001111 7
#298640000
0!
0'
#298650000
1!
1'
b101001010000 7
#298660000
0!
0'
#298670000
1!
1'
b101001010001 7
#298680000
0!
0'
#298690000
1!
1'
b101001010010 7
#298700000
0!
0'
#298710000
1!
1'
b101001010011 7
#298720000
0!
0'
#298730000
1!
1'
b101001010100 7
#298740000
0!
0'
#298750000
1!
1'
b101001010101 7
#298760000
0!
0'
#298770000
1!
1'
b101001010110 7
#298780000
0!
0'
#298790000
1!
1'
b101001010111 7
#298800000
0!
0'
#298810000
1!
1'
b101001011000 7
#298820000
0!
0'
#298830000
1!
1'
b101001011001 7
#298840000
0!
0'
#298850000
1!
1'
b101001011010 7
#298860000
0!
0'
#298870000
1!
1'
b101001011011 7
#298880000
0!
0'
#298890000
1!
1'
b101001011100 7
#298900000
0!
0'
#298910000
1!
1'
b101001011101 7
#298920000
0!
0'
#298930000
1!
1'
b101001011110 7
#298940000
0!
0'
#298950000
1!
1'
b101001011111 7
#298960000
0!
0'
#298970000
1!
1'
b101001100000 7
#298980000
0!
0'
#298990000
1!
1'
b101001100001 7
#299000000
0!
0'
#299010000
1!
1'
b101001100010 7
#299020000
0!
0'
#299030000
1!
1'
b101001100011 7
#299040000
0!
0'
#299050000
1!
1'
b101001100100 7
#299060000
0!
0'
#299070000
1!
1'
b101001100101 7
#299080000
0!
0'
#299090000
1!
1'
b101001100110 7
#299100000
0!
0'
#299110000
1!
1'
b101001100111 7
#299120000
0!
0'
#299130000
1!
1'
b101001101000 7
#299140000
0!
0'
#299150000
1!
1'
b101001101001 7
#299160000
0!
0'
#299170000
1!
1'
b101001101010 7
#299180000
0!
0'
#299190000
1!
1'
b101001101011 7
#299200000
0!
0'
#299210000
1!
1'
b101001101100 7
#299220000
0!
0'
#299230000
1!
1'
b101001101101 7
#299240000
0!
0'
#299250000
1!
1'
b101001101110 7
#299260000
0!
0'
#299270000
1!
1'
b101001101111 7
#299280000
0!
0'
#299290000
1!
1'
b101001110000 7
#299300000
0!
0'
#299310000
1!
1'
b101001110001 7
#299320000
0!
0'
#299330000
1!
1'
b101001110010 7
#299340000
0!
0'
#299350000
1!
1'
b101001110011 7
#299360000
0!
0'
#299370000
1!
1'
b101001110100 7
#299380000
0!
0'
#299390000
1!
1'
b101001110101 7
#299400000
0!
0'
#299410000
1!
1'
b101001110110 7
#299420000
0!
0'
#299430000
1!
1'
b101001110111 7
#299440000
0!
0'
#299450000
1!
1'
b101001111000 7
#299460000
0!
0'
#299470000
1!
1'
b101001111001 7
#299480000
0!
0'
#299490000
1!
1'
b101001111010 7
#299500000
0!
0'
#299510000
1!
1'
b101001111011 7
#299520000
0!
0'
#299530000
1!
1'
b101001111100 7
#299540000
0!
0'
#299550000
1!
1'
b101001111101 7
#299560000
0!
0'
#299570000
1!
1'
b101001111110 7
#299580000
0!
0'
#299590000
1!
1'
b101001111111 7
#299600000
0!
0'
#299610000
1!
1'
b101010000000 7
#299620000
0!
0'
#299630000
1!
1'
b101010000001 7
#299640000
0!
0'
#299650000
1!
1'
b101010000010 7
#299660000
0!
0'
#299670000
1!
1'
b101010000011 7
#299680000
0!
0'
#299690000
1!
1'
b101010000100 7
#299700000
0!
0'
#299710000
1!
1'
b101010000101 7
#299720000
0!
0'
#299730000
1!
1'
b101010000110 7
#299740000
0!
0'
#299750000
1!
1'
b101010000111 7
#299760000
0!
0'
#299770000
1!
1'
b101010001000 7
#299780000
0!
0'
#299790000
1!
1'
b101010001001 7
#299800000
0!
0'
#299810000
1!
1'
b101010001010 7
#299820000
0!
0'
#299830000
1!
1'
b101010001011 7
#299840000
0!
0'
#299850000
1!
1'
b101010001100 7
#299860000
0!
0'
#299870000
1!
1'
b101010001101 7
#299880000
0!
0'
#299890000
1!
1'
b101010001110 7
#299900000
0!
0'
#299910000
1!
1'
b101010001111 7
#299920000
0!
0'
#299930000
1!
1'
b101010010000 7
#299940000
0!
0'
#299950000
1!
1'
b101010010001 7
#299960000
0!
0'
#299970000
1!
1'
b101010010010 7
#299980000
0!
0'
#299990000
1!
1'
b101010010011 7
#300000000
0!
0'
#300010000
1!
1'
b101010010100 7
#300020000
0!
0'
#300030000
1!
1'
b101010010101 7
#300040000
0!
0'
#300050000
1!
1'
b101010010110 7
#300060000
0!
0'
#300070000
1!
1'
b101010010111 7
#300080000
0!
0'
#300090000
1!
1'
